Id,DistrictId,Rooms,Square,LifeSquare,KitchenSquare,Floor,HouseFloor,HouseYear,Ecology_1,Ecology_2,Ecology_3,Social_1,Social_2,Social_3,Healthcare_1,Helthcare_2,Shops_1,Shops_2,Price
4567,44,1,36.8476300590569,19.094182475639247,5.0,5,9,1970,0.036122292,B,B,24,4378,0,1036.0,1,1,B,163405.60257257416
5925,62,1,42.49390721216511,42.49390721216511,10.0,7,17,2017,0.072157581,B,B,2,629,1,900.0,0,0,A,133177.071106695
960,27,2,59.46367829288154,32.772431056458856,9.0,19,19,1977,0.211401214,B,B,9,1892,0,900.0,0,1,B,227773.06313897728
3848,23,3,49.64602982741851,33.89382537068284,6.0,2,2,1965,0.014072961,B,B,2,475,0,900.0,0,0,B,182152.1289161372
746,74,1,53.83705552291424,32.772431056458856,1.0,8,17,1977,0.309479124,B,B,35,7715,4,990.0,0,6,B,163253.87768141355
868,38,3,87.13999445192246,53.18041881361226,10.0,4,23,2011,0.060753049,B,B,15,2787,2,520.0,0,7,B,333077.29726904293
672,62,1,46.26945562647919,22.82023936961452,11.0,8,17,2014,0.072157581,B,B,2,629,1,900.0,0,0,A,159480.09528281062
2471,2,2,48.172968708932885,29.9242044182394,6.0,4,9,1974,0.0,B,B,33,7425,1,900.0,2,5,B,198973.21996405107
4510,1,1,43.15376113882693,21.017595539577567,9.0,10,17,2014,0.007122317,B,B,1,264,0,900.0,0,1,B,173330.73478251643
8354,62,2,62.5937866412943,59.78684445263104,10.0,1,16,1981,0.002211665,B,B,39,7614,3,900.0,1,5,A,219710.13422864777
6393,8,1,41.49650853339136,21.66420918533763,7.0,4,17,2009,0.43788524,B,B,23,5735,3,1084.0,0,5,B,174683.40758184774
13270,9,3,80.59947151905445,32.772431056458856,1.0,1,1,1977,0.161531741,B,B,25,5648,1,30.0,2,4,B,232714.71296701403
5250,96,4,87.77638168144794,54.620539994927256,10.0,24,24,2014,0.041116354,B,B,53,14892,4,900.0,1,4,B,340602.11960635276
16751,74,1,54.6141699426221,32.772431056458856,1.0,8,17,1977,0.075778755,B,B,6,1437,3,900.0,0,2,B,163815.60730863386
11404,27,1,44.41551017635499,32.772431056458856,1.0,1,1,1977,0.072157581,B,B,2,629,1,900.0,0,0,A,142803.46336885903
10588,113,2,71.82875388902875,35.714191403901594,10.0,6,22,2004,0.050755569,B,B,24,5469,1,145.0,0,1,B,248683.68775621668
14925,22,2,61.41358310533283,32.772431056458856,1.0,13,17,1977,0.118537385,B,B,30,6207,1,1183.0,1,0,B,192653.39179259876
6791,1,3,72.02327542455551,32.772431056458856,1.0,4,24,1977,0.007122317,B,B,1,264,0,900.0,0,1,B,215429.9457290307
16097,57,1,44.323796217038144,19.876484711283165,12.0,4,16,2007,0.133215333,B,B,49,11395,3,1406.0,3,4,A,207675.49750785955
16428,170,3,77.0287905358431,47.07690066782445,10.0,13,17,1990,0.21843974,B,B,21,4472,6,1450.0,4,7,A,339180.91110915114
6945,53,3,85.18661187100972,32.772431056458856,11.0,11,12,2017,0.049637257,B,B,34,7759,0,229.0,1,3,B,257081.88386485868
3190,9,2,64.86239597220232,32.772431056458856,1.0,1,1,1977,0.161531741,B,B,25,5648,1,30.0,2,4,B,176281.55111184876
15709,48,3,86.48993470329461,86.16502319357315,1.0,1,1,2015,0.041124634,B,B,46,9515,5,900.0,1,10,B,274629.40012659517
13155,41,2,48.4407146464437,32.13878070944986,6.0,4,9,1979,0.394094211,B,B,3,662,0,35.0,0,0,B,202491.44109372218
7675,47,2,47.09561396179439,31.202991963747028,8.0,10,12,1970,0.298204575,B,B,16,4048,3,900.0,1,3,B,188000.20883466728
14686,1,3,77.22988533763153,77.22988533763153,1.0,17,17,1977,0.007122317,B,B,1,264,0,900.0,0,1,B,254275.9559942564
609,9,2,43.255853827147455,30.80462712594298,5.0,5,5,1972,0.161531741,B,B,25,5648,1,30.0,2,4,B,193515.5992974671
11155,150,2,43.569924463619735,30.140515383990504,5.0,4,5,1965,0.08761909,B,B,8,1497,5,900.0,1,0,B,182346.2950299032
10869,23,3,78.00188787116683,78.00188787116683,1.0,21,25,2015,0.075778755,B,B,6,1437,3,900.0,0,2,B,277721.1406942278
15742,30,2,64.88878321604794,32.772431056458856,1.0,12,17,1977,7.81528e-05,B,B,22,6398,141,1046.0,3,23,B,186020.651580505
9245,1,2,63.115040972639896,32.772431056458856,6.233004930000002,4,24,1977,0.007122317,B,B,1,264,0,900.0,0,1,B,198458.21213525243
3340,27,3,69.92193904856693,32.772431056458856,1.0,9,17,1977,0.211401214,B,B,9,1892,0,900.0,0,1,B,180895.7850710538
2359,53,2,60.73449830521805,42.793560850180576,10.0,17,24,2020,0.049637257,B,B,34,7759,0,229.0,1,3,B,277400.5449084816
8070,38,2,40.2169312091974,26.782434878219465,7.0,8,9,1964,0.060753049,B,B,15,2787,2,520.0,0,7,B,190135.52668839617
13707,1,1,42.44688260400803,19.846674850833782,7.0,2,17,2015,0.007122317,B,B,1,264,0,900.0,0,1,B,168029.16031370565
16079,11,4,70.4699405505211,44.73090601596763,6.0,6,9,1970,0.0001696759999999,B,B,36,5992,0,900.0,1,1,B,354401.9031588012
15937,9,4,92.1582517146398,54.1686158873239,12.0,4,14,1997,0.161531741,B,B,25,5648,1,30.0,2,4,B,357927.7699270486
14090,2,1,39.08264064099316,33.214357690911484,7.0,10,14,1970,0.0,B,B,33,7425,1,900.0,2,5,B,134421.17984933665
9008,72,2,47.67098552597152,44.1724503554511,5.0,5,9,1980,0.210473241,B,B,11,2398,2,1994.0,3,0,B,214571.59632207325
16384,1,2,52.77367106330114,52.77367106330114,10.0,6,17,2017,0.007122317,B,B,1,264,0,900.0,0,1,B,157273.3424757471
11657,87,3,65.75474956064608,48.44900249639893,6.0,12,12,1980,0.100455735,B,B,43,7227,0,900.0,1,6,A,251224.52008334585
13151,25,1,29.24910777536649,29.24910777536649,6.233004930000002,22,25,2016,0.069753361,B,B,53,13670,4,900.0,1,11,B,130061.6072544828
8990,27,3,58.848188192175634,40.41200607153679,6.0,9,9,1988,0.211401214,B,B,9,1892,0,900.0,0,1,B,219963.53185564769
11857,11,2,46.5892195156833,31.05090245938393,5.0,5,5,1968,0.0001696759999999,B,B,36,5992,0,900.0,1,1,B,190186.9845918139
1565,52,1,38.92815373297433,20.33759796299029,8.0,4,17,1994,0.371148999,B,B,34,7065,1,750.0,2,5,B,178185.25796187817
8174,23,1,46.88683597148046,32.772431056458856,6.233004930000002,3,3,2016,0.034656082,B,B,0,168,0,900.0,0,0,B,122266.88871757913
9247,67,3,65.0196467536,41.287476354713625,7.0,9,9,1979,0.100455735,B,B,43,7227,0,900.0,1,6,A,274912.53607364953
10478,6,3,80.9861042067384,77.53481112705556,1.0,1,1,2013,0.243204519,B,B,5,1564,0,540.0,0,0,B,267278.6284692108
15509,27,2,55.43986118530975,55.43986118530975,10.0,15,17,2016,0.011654127,B,B,4,915,0,900.0,0,0,B,190770.80726156046
8306,179,2,45.597507428135344,32.130045100932804,5.0,5,5,1967,0.037316452,B,B,32,6748,93,562.0,4,10,B,188788.46731390676
6642,1,2,56.89047833586052,32.772431056458856,1.0,12,17,1977,0.007122317,B,B,1,264,0,900.0,0,1,B,194686.71875336938
7472,31,2,44.2795413959844,29.604193752132,5.0,5,5,1960,0.151346216,B,A,32,5889,10,830.0,4,1,B,187581.7686945726
15989,62,1,47.095405501415,32.772431056458856,6.233004930000002,4,13,1977,0.072157581,B,B,2,629,1,900.0,0,0,A,162821.11673095546
13682,27,1,41.34565024439386,17.38476844941001,8.0,14,14,2007,0.07542368,B,B,11,3097,0,900.0,0,0,B,173635.29694455492
163,62,3,135.25082847524365,32.772431056458856,1.0,1,3,2018,0.072157581,B,B,2,629,1,900.0,0,0,A,198571.8706075968
7076,27,2,76.73464350633769,32.772431056458856,1.0,1,1,1977,0.072157581,B,B,2,629,1,900.0,0,0,A,204276.18722473938
7478,167,3,67.68259884924791,43.62235897925621,4.0,4,4,1949,0.174739084,B,B,17,3379,9,100.0,0,3,B,287515.39744285576
3029,13,1,43.57357629518538,22.22113089969779,8.0,11,18,2000,0.090799103,B,B,74,19083,2,900.0,5,15,B,177454.31013008583
1814,1,1,41.11560894052037,41.11560894052037,6.233004930000002,4,17,1977,0.007122317,B,B,1,264,0,900.0,0,1,B,135053.47779286242
10057,27,1,42.916845872695546,21.093891122528827,6.0,10,15,2018,0.072157581,B,B,2,629,1,900.0,0,0,A,183995.22616623715
15100,23,3,78.98223923932066,32.772431056458856,1.0,4,25,1977,0.075778755,B,B,6,1437,3,900.0,0,2,B,208369.33938109298
12694,27,3,83.67003174601149,46.35835603454894,6.233004930000002,8,13,2015,0.072157581,B,B,2,629,1,900.0,0,0,A,261201.6664465389
6291,78,1,40.539829225184405,22.9477122496941,6.0,7,17,2002,0.092290642,B,B,21,4346,2,165.0,1,2,B,171963.89556725978
12603,27,3,87.11106179723497,52.263326325483405,17.0,2,3,2014,0.011654127,B,B,4,915,0,900.0,0,0,B,266335.66904080834
3218,38,1,47.9813246694989,32.772431056458856,1.0,8,17,2015,0.060753049,B,B,15,2787,2,520.0,0,7,B,150248.44911733168
13456,6,1,38.90624910827649,22.77818604424768,6.0,9,17,2015,0.243204519,B,B,5,1564,0,540.0,0,0,B,176784.89418768339
10170,48,2,47.863789962737634,33.84667883716051,6.0,12,12,1982,0.041124634,B,B,46,9515,5,900.0,1,10,B,206876.4418747649
4530,23,2,92.18193950554456,49.50235203756864,15.0,3,25,2013,0.075778755,B,B,6,1437,3,900.0,0,2,B,246486.27711576648
13329,23,2,68.09953793820145,64.84302502745639,1.0,2,17,1977,0.075778755,B,B,6,1437,3,900.0,0,2,B,188971.37826248302
4820,22,1,42.35996399073461,32.772431056458856,1.0,7,17,1977,0.118537385,B,B,30,6207,1,1183.0,1,0,B,132968.93449306348
10896,21,2,44.835016139438665,30.72815667426836,5.0,3,5,1963,0.034331497,B,B,25,5487,3,900.0,0,4,B,185270.62891703326
13416,27,1,35.54463363125278,33.03433558652774,1.0,1,1,1977,0.072157581,B,B,2,629,1,900.0,0,0,A,107911.06137732297
2701,29,3,61.04126877093078,45.71091012786398,5.0,3,5,1965,0.069660344,B,B,31,6119,4,900.0,1,2,B,234114.59678608272
11265,34,3,83.82724048818885,80.53799625700981,10.0,24,25,2015,0.069753361,B,B,53,13670,4,900.0,1,11,B,358836.2358590083
9189,169,3,61.83123391062148,44.143243804729615,5.0,9,9,1977,0.300322518,B,B,52,10311,6,900.0,1,9,B,245936.7822930957
1858,100,1,29.58575823133833,16.761099968482206,5.0,3,8,1959,0.200146802,B,B,23,3975,8,770.0,2,0,B,162057.75395855634
14536,1,3,79.66402295933614,79.49649361217331,1.0,5,17,1977,0.007122317,B,B,1,264,0,900.0,0,1,B,236087.02267211847
6199,55,3,80.34713152431259,46.85652531756187,10.0,17,17,1989,0.041365446,B,B,31,5569,0,900.0,1,4,B,349280.2991940089
14730,39,1,32.85144357739161,22.05303940906601,6.0,7,9,1962,0.428825818,B,B,25,5011,8,730.0,0,2,B,158679.5194575809
7510,44,2,54.39922301983204,32.995435802809595,8.0,16,16,1985,0.122190486,B,B,25,4724,2,1308.0,1,3,B,247471.96531540382
15505,96,1,39.455484865289066,16.169367476787365,9.0,5,9,2004,0.041116354,B,B,53,14892,4,900.0,1,4,B,161840.0314516037
7446,100,1,34.55729086333245,21.20850181545886,6.0,9,9,1966,0.200146802,B,B,23,3975,8,770.0,2,0,B,168944.5059745656
14016,179,2,40.446433988327634,24.677161862160283,7.0,5,5,1963,0.306977489,B,B,27,5148,14,1575.0,5,7,B,179650.25978640016
14113,27,1,33.31821814724473,20.315534772105877,5.0,5,5,1981,0.051815435,B,B,5,1227,0,900.0,0,0,B,158311.88767541276
8721,21,3,82.57646498437289,58.246814879784345,7.0,5,5,1958,0.194489265,B,B,47,8004,3,125.0,3,5,B,363537.49157385767
6193,99,3,78.78613434419736,49.152087585155584,10.0,2,14,1999,0.033493708,B,B,66,10573,1,1322.0,3,8,B,326743.36876732466
5717,99,2,46.334891653768175,28.34330075323604,6.0,4,9,1970,0.033493708,B,B,66,10573,1,1322.0,3,8,B,205423.99312130018
5427,48,3,68.58652194847812,49.307253728914105,6.0,8,12,1982,0.041124634,B,B,46,9515,5,900.0,1,10,B,264592.23540294345
9520,108,3,81.09213024526821,55.79911339699682,8.0,3,8,1960,0.0,B,B,25,5027,4,46.0,1,1,B,477188.5347823564
6869,27,1,37.74839849363714,32.772431056458856,1.0,10,19,1977,0.211401214,B,B,9,1892,0,900.0,0,1,B,116775.74442664838
1658,78,1,32.37262587105627,22.618148825210728,6.0,6,12,1970,0.092290642,B,B,21,4346,2,165.0,1,2,B,154487.34806583112
6639,9,2,66.38613911569288,36.12459553770475,13.0,14,14,2008,0.161531741,B,B,25,5648,1,30.0,2,4,B,234552.33610343878
6283,7,2,44.650853695349255,27.404533222065982,5.0,5,5,1966,0.035145267,B,B,42,9292,3,2620.0,0,3,B,188384.94128946497
6257,62,1,43.83591910863056,32.772431056458856,6.233004930000002,9,13,1977,0.072157581,B,B,2,629,1,900.0,0,0,A,140206.68887934714
15235,139,1,35.454027280656064,19.360493028163106,9.0,8,12,1970,0.122090347,B,B,29,6566,7,1894.0,4,0,B,172946.72936880725
902,27,3,99.29319132374468,32.772431056458856,6.233004930000002,2,13,1977,0.07542368,B,B,11,3097,0,900.0,0,0,B,282779.4811408035
8932,9,3,61.62386642520137,57.05144012680068,6.0,6,9,1974,0.13012277,B,B,8,1986,0,900.0,0,0,B,230264.26878142412
16469,93,3,98.58559190211751,55.19383206546532,12.0,8,17,2009,0.041116354,B,B,53,14892,4,900.0,1,4,B,384770.0599707339
2825,8,2,62.64316081071747,33.442774413492735,10.0,13,22,2005,0.43788524,B,B,23,5735,3,1084.0,0,5,B,276819.25961240195
6450,20,3,80.27601266469395,48.47220116363877,13.0,6,17,2000,0.019508796,B,B,37,7687,11,176.0,5,5,B,309278.4334167012
11366,6,2,62.63302347184765,43.15112225927083,10.0,17,17,2017,0.243204519,B,B,5,1564,0,540.0,0,0,B,268205.2628038814
3801,78,3,84.2392213788685,55.41358040794088,10.0,6,14,2001,0.092290642,B,B,21,4346,2,165.0,1,2,B,337600.0050026602
11385,148,1,37.66882653105834,19.45616350404436,9.0,10,12,1970,0.313924552,B,B,22,4625,11,3855.0,2,10,B,194875.1620332442
1079,34,1,39.05226829839874,22.94743007209727,10.0,17,22,1995,0.069753361,B,B,53,13670,4,900.0,1,11,B,186440.54363913368
3202,191,2,52.8922835247166,34.40317009560719,9.0,16,16,1985,0.127375905,B,B,43,8429,3,900.0,3,9,B,202320.49163958096
676,85,3,54.08853428132322,38.62246705303549,6.0,8,9,1978,0.037177818,B,B,52,11217,1,2300.0,1,7,B,241747.8505248689
6185,37,2,66.89014715756927,61.98424954890048,7.0,5,10,2018,0.178916796,B,B,18,3594,4,192.0,1,5,B,276139.63404694287
7730,18,1,38.68917519174993,22.16463706899087,8.0,2,14,1988,0.0,B,B,30,5562,0,900.0,0,5,A,172824.48781990795
2573,27,2,66.33182664515653,32.772431056458856,1.0,10,17,1977,0.017647053,B,B,2,469,0,900.0,0,0,B,193785.32093899825
10978,1,2,64.35944435742464,32.772431056458856,1.0,8,17,1977,0.007122317,B,B,1,264,0,900.0,0,1,B,187390.88559370785
10962,9,3,77.07321170375477,44.78487681544152,10.0,9,14,1992,0.161531741,B,B,25,5648,1,30.0,2,4,B,348100.25103984505
8870,151,1,34.71337120701702,20.278795957535788,10.0,8,12,1968,0.236108458,B,B,16,3893,27,900.0,3,10,B,174353.09192859236
8496,128,1,38.3653201442884,15.960955260497808,9.0,13,17,1995,0.0,B,B,27,4798,0,30.0,2,8,B,158935.66742162843
5517,31,1,30.5715003172954,15.455599140664738,4.0,2,4,1958,0.151346216,B,A,32,5889,10,830.0,4,1,B,148773.8406980493
927,13,1,39.31735061325933,22.415301246505017,9.0,8,16,1986,0.133215333,B,B,49,11395,3,1406.0,3,4,A,178927.77651003943
13675,78,1,43.77742840416781,22.09011874659169,10.0,19,22,2006,0.219006007,B,B,28,6746,3,900.0,1,4,B,191063.7035367578
1499,27,3,84.72014941664493,84.70274776361636,1.0,9,12,2016,0.072157581,B,B,2,629,1,900.0,0,0,A,259354.6427738923
15536,124,3,66.6230786819703,43.41045910470692,9.0,4,12,1974,0.16909109,B,B,19,3856,10,900.0,2,5,B,291459.8485699827
8602,114,3,71.54369310573048,48.28899787097593,6.0,6,7,1977,0.327018035,B,B,12,2270,23,2500.0,1,0,B,300566.5789785116
12137,124,3,94.23797846010334,52.34820344294866,12.0,12,21,2005,0.122090347,B,B,29,6566,7,1894.0,4,0,B,365281.5935988891
9865,61,2,54.320450432075006,30.03107763244285,11.0,1,16,1982,0.300322518,B,B,52,10311,6,900.0,1,9,B,230438.09328073112
16353,53,2,58.78278704187747,32.772431056458856,1.0,7,22,2016,0.049637257,B,B,34,7759,0,229.0,1,3,B,217009.1613185995
15908,61,2,46.51061051291392,29.0603704851716,6.0,9,12,1977,0.300322518,B,B,52,10311,6,900.0,1,9,B,212573.50458168102
3944,101,2,45.01684251607946,30.462648483560315,6.0,4,5,1966,0.225824954,A,B,41,6558,7,1548.0,3,2,B,204147.54214831264
10359,46,2,45.32893674924416,29.148969745306143,6.0,6,9,1970,0.0,B,B,47,11319,0,1145.0,3,5,B,199610.8685815762
15158,53,2,47.83518682937448,33.700119564717234,6.0,9,9,1967,0.049637257,B,B,34,7759,0,229.0,1,3,B,203896.43678853384
3259,12,2,60.108027807383,36.82142367273558,10.0,7,16,1981,0.090799103,B,B,74,19083,2,900.0,5,15,B,274981.647082444
7220,96,3,80.18249326172486,48.62732598417213,10.0,10,17,2003,0.041116354,B,B,53,14892,4,900.0,1,4,B,335076.9453570265
13843,67,2,51.682261332764966,35.31000186274971,6.0,5,12,1980,0.100455735,B,B,43,7227,0,900.0,1,6,A,229746.50301838704
16736,44,2,43.650442683544085,27.493023035082693,5.0,4,5,1961,0.122190486,B,B,25,4724,2,1308.0,1,3,B,179922.68079808436
702,46,3,62.72339387252833,46.28164035177988,6.0,7,9,1969,0.0,B,B,47,11319,0,1145.0,3,5,B,240403.33629657197
16401,30,1,52.51330992401352,32.772431056458856,1.0,1,1,1977,7.81528e-05,B,B,22,6398,141,1046.0,3,23,B,150553.88365659458
12134,52,2,66.46342969601757,32.772431056458856,1.0,12,16,2015,0.371148999,B,B,34,7065,1,750.0,2,5,B,217367.55808653787
6918,23,3,105.53513516506445,32.772431056458856,1.0,6,9,1977,0.014072961,B,B,2,475,0,900.0,0,0,B,244862.252730019
11792,6,1,42.02458754161445,18.006901796270046,13.0,21,25,1977,0.243204519,B,B,5,1564,0,540.0,0,0,B,148968.6612994227
3798,30,2,39.18758707431647,32.772431056458856,1.0,1,1,1977,7.81528e-05,B,B,22,6398,141,1046.0,3,23,B,152824.73060969033
10395,6,1,44.49977444312419,32.772431056458856,1.0,1,1,1977,0.243204519,B,B,5,1564,0,540.0,0,0,B,143224.04920221324
11099,1,1,36.007752888595746,35.4243199437779,9.0,5,17,2010,0.025609157,B,B,33,5261,0,240.0,3,1,B,107360.58051888883
7090,94,2,52.03477473644265,30.75014459455151,5.0,5,5,1977,0.282797669,B,B,33,8667,2,900.0,0,6,B,185784.5565646912
11260,46,2,46.81377639633951,31.883008445190377,5.0,4,5,1968,0.0,B,B,47,11319,0,1145.0,3,5,B,193222.71697859158
9647,62,3,93.27499912297137,32.772431056458856,1.0,3,3,1977,0.072157581,B,B,2,629,1,900.0,0,0,A,206422.00567136807
2903,25,3,97.35372732075814,32.772431056458856,1.0,23,24,1977,0.069753361,B,B,53,13670,4,900.0,1,11,B,410156.0529586458
2071,101,2,48.57679567393848,29.437942850358485,5.0,5,5,1968,0.225824954,A,B,41,6558,7,1548.0,3,2,B,183838.46903683527
8604,119,3,52.15680548100367,35.33304545857853,6.0,1,9,1971,0.033493708,B,B,66,10573,1,1322.0,3,8,B,208606.88809513452
9346,125,2,47.56702321471278,28.069943392111355,5.0,5,5,1964,0.040242764,B,B,25,3478,11,2729.0,3,1,B,170190.8376305965
3945,128,2,47.87363349415092,27.22915360721241,6.0,8,9,1972,0.0,B,B,27,4798,0,30.0,2,8,B,203102.33818149831
3420,9,1,38.39566517656586,17.33154273240228,8.0,11,14,2010,0.31019913,B,B,11,2748,1,900.0,0,0,B,188014.30455212537
10842,6,1,38.63728613062735,32.772431056458856,1.0,17,17,1977,0.243204519,B,B,5,1564,0,540.0,0,0,B,129979.9099982826
725,58,2,49.8826433899298,33.43278170333575,6.0,6,14,1972,0.31019913,B,B,11,2748,1,900.0,0,0,B,203380.4829458367
13931,138,2,43.69853923637347,26.41510393522152,5.0,4,5,1963,0.0,B,B,36,6714,2,2672.0,0,2,B,178857.3292467043
16330,122,2,56.21298348811914,36.349948901114615,9.0,5,17,1996,0.033493708,B,B,66,10573,1,1322.0,3,8,B,254662.33514500328
9066,59,3,75.3410686641437,75.09886659243979,10.0,8,17,1987,0.019508796,B,B,37,7687,11,176.0,5,5,B,242340.6419256251
3326,13,3,76.51840800463705,44.42008754769048,10.0,6,17,1977,0.090799103,B,B,74,19083,2,900.0,5,15,B,319538.2623277359
1556,34,2,63.279709227873184,32.772431056458856,1.0,1,1,1977,0.069753361,B,B,53,13670,4,900.0,1,11,B,185388.50586297174
6579,23,2,46.055741062053,26.936678336120032,5.0,1,2,1975,0.034656082,B,B,0,168,0,900.0,0,0,B,177657.6856342748
13877,27,2,56.78226155296662,54.473735754962064,10.0,2,5,2015,0.07542368,B,B,11,3097,0,900.0,0,0,B,178626.85115215258
9857,34,3,78.4798682472681,49.22980281857096,10.0,16,16,2002,0.069753361,B,B,53,13670,4,900.0,1,11,B,347185.48860871745
7302,62,3,62.36385024517085,38.467325257358006,8.0,9,9,1975,0.002211665,B,B,39,7614,3,900.0,1,5,A,285748.19998770166
5684,114,1,34.133497138417084,18.2801882988784,7.0,6,8,1968,0.050272014,B,B,21,4231,14,1020.0,0,3,B,172224.46898931754
6513,88,3,60.7669618864274,43.23565180211378,6.0,3,12,1974,0.127375905,B,B,43,8429,3,900.0,3,9,B,243435.49935893033
11342,27,1,38.69279795114794,38.69279795114794,8.0,16,17,1977,0.011654127,B,B,4,915,0,900.0,0,0,B,145700.9165243132
16561,21,3,63.470494548149325,47.63960636467296,5.0,7,9,1975,0.194489265,B,B,47,8004,3,125.0,3,5,B,250150.88150049697
6885,39,2,49.41694304254325,30.89847588936724,5.0,5,5,1975,0.428825818,B,B,25,5011,8,730.0,0,2,B,187629.711625619
9308,53,1,35.51663856661769,22.000905813023948,6.0,5,9,1975,0.313924552,B,B,22,4625,11,3855.0,2,10,B,167535.39898567018
2559,23,2,73.86846010493733,32.772431056458856,6.233004930000002,9,13,1977,0.075778755,B,B,6,1437,3,900.0,0,2,B,211969.40339858911
6648,12,1,41.873921634502494,21.011677842512302,8.0,17,17,1992,0.090799103,B,B,74,19083,2,900.0,5,15,B,171836.70487660088
15260,118,1,36.13807008404357,20.5239780878322,6.0,3,5,1959,0.21843974,B,B,21,4472,6,1450.0,4,7,A,152276.6140109055
5113,41,1,40.83976184730634,21.01303218683933,7.0,5,14,2004,0.175054867,B,B,36,10055,3,900.0,1,0,B,175664.51525473996
16492,88,1,42.865265145509575,32.772431056458856,6.233004930000002,13,13,1977,0.127375905,B,B,43,8429,3,900.0,3,9,B,146787.66376938834
12034,53,2,58.56362485209706,43.75223474518224,10.0,16,24,2019,0.049637257,B,B,34,7759,0,229.0,1,3,B,282803.9590408197
7248,37,2,49.340231291020594,29.65153422163452,5.0,9,14,1973,0.178916796,B,B,18,3594,4,192.0,1,5,B,207896.55829749128
2171,66,2,47.87330206990477,30.54999230293039,4.0,3,5,1960,0.161975568,B,A,31,7010,5,4508.0,3,7,B,188772.11045562755
10594,9,2,47.77091955759415,27.83118358998115,8.0,10,10,2008,0.13012277,B,B,8,1986,0,900.0,0,0,B,181607.7869239504
13241,61,1,40.57629621127623,19.17064321240808,10.0,6,22,1998,0.300322518,B,B,52,10311,6,900.0,1,9,B,195829.7531122122
7032,13,1,29.57080169699652,20.74229630059445,5.0,2,5,1964,0.133215333,B,B,49,11395,3,1406.0,3,4,A,150459.95978900715
4884,29,1,39.68887710532403,18.944480450824138,8.0,2,14,1977,0.069660344,B,B,31,6119,4,900.0,1,2,B,168789.27767007367
903,15,2,64.71893532395197,32.09149416776168,2.0,6,14,2009,0.158249043,B,B,21,5731,0,900.0,1,0,B,207152.7041556246
162,8,1,40.109638589309306,18.660004137151176,9.0,14,15,1977,0.092290642,B,B,21,4346,2,165.0,1,2,B,171598.89419921394
6566,75,2,65.77312468245391,38.26698615518068,7.0,5,5,1957,0.122090347,B,B,29,6566,7,1894.0,4,0,B,271506.3903623778
8249,58,1,39.7683400120084,22.41394259970384,8.0,10,10,2005,0.31019913,B,B,11,2748,1,900.0,0,0,B,172509.11026162206
13106,93,3,66.5153415466758,48.178475963054034,5.0,1,9,1973,0.521867054,B,B,25,6149,0,900.0,0,0,B,254184.57992230877
256,6,1,38.87052458458938,38.87052458458938,1.0,1,1,1977,0.243204519,B,B,5,1564,0,540.0,0,0,B,182847.98433077752
7976,23,2,64.40535431930748,32.772431056458856,1.0,16,25,1977,0.075778755,B,B,6,1437,3,900.0,0,2,B,186591.8776342029
8575,30,2,54.61434593862014,54.36251766183593,1.0,9,17,1977,7.81528e-05,B,B,22,6398,141,1046.0,3,23,B,175651.46808845855
7591,170,3,61.37492724098669,45.189792194634784,6.0,4,9,1964,0.21843974,B,B,21,4472,6,1450.0,4,7,A,244587.15336427436
3204,128,2,62.08212168220585,32.772431056458856,6.233004930000002,2,3,1977,0.0,B,B,27,4798,0,30.0,2,8,B,175235.1155893289
15804,28,2,45.53818787128393,31.805557740681085,5.0,4,5,1963,0.118537385,B,B,30,6207,1,1183.0,1,0,B,196108.85842767466
1525,34,3,74.90655619752668,46.59000831886104,10.0,12,17,1993,0.069753361,B,B,53,13670,4,900.0,1,11,B,326825.4584339222
9038,1,2,65.55264734791389,32.772431056458856,1.0,15,17,1977,0.007122317,B,B,1,264,0,900.0,0,1,B,183818.60571722753
13628,44,2,46.64393867521876,29.78020411928357,5.0,5,5,1969,0.122190486,B,B,25,4724,2,1308.0,1,3,B,188279.0562164288
10016,44,2,45.24285161400138,31.742719458332715,6.0,1,9,1976,0.122190486,B,B,25,4724,2,1308.0,1,3,B,173137.25360563598
10208,11,3,59.28946961032725,44.665537148171474,5.0,5,5,1964,0.038692987,B,B,28,6533,1,1015.0,2,5,B,212258.34567624264
2008,94,2,48.693295697353975,32.25870261971564,5.0,7,9,1975,0.127375905,B,B,43,8429,3,900.0,3,9,B,205416.08225082367
13029,90,2,49.36773799954912,34.46230616409803,9.0,11,12,1970,0.265088676,B,B,37,5288,0,1937.0,3,2,B,210938.23193903695
5099,6,1,41.50104016449672,32.772431056458856,6.233004930000002,13,13,1977,0.243204519,B,B,5,1564,0,540.0,0,0,B,139626.2782054757
9923,12,3,73.45472115659649,45.044852752084246,10.0,17,17,1987,0.090799103,B,B,74,19083,2,900.0,5,15,B,319404.6469212903
9461,57,1,33.008370007723215,21.226576463704628,6.0,2,9,1979,0.407276235,A,B,9,1768,0,370.0,0,0,A,154738.54267320872
11086,21,2,42.70799497329023,29.035438476677943,5.0,8,8,1964,0.149666373,B,B,22,4789,2,4087.0,4,1,B,228635.69937901146
15057,178,2,55.08731987921566,33.57933695799419,7.0,4,5,1956,0.212515361,B,B,19,3293,16,628.0,3,7,B,267340.7997162787
10689,30,2,60.63064069467036,32.772431056458856,1.0,8,17,1977,7.81528e-05,B,B,22,6398,141,1046.0,3,23,B,181767.09817438055
2053,8,3,61.50841382150825,46.90264952656725,6.0,6,9,1967,0.43788524,B,B,23,5735,3,1084.0,0,5,B,247679.80262971364
16630,72,1,36.39286797362917,17.498456027213027,7.0,6,9,1967,0.210473241,B,B,11,2398,2,1994.0,3,0,B,176449.226072142
4985,23,2,63.02111913012411,32.772431056458856,1.0,4,25,1977,0.075778755,B,B,6,1437,3,900.0,0,2,B,187576.21925804933
13881,58,3,82.91116098794275,74.68466381806688,9.0,14,14,1969,0.1489038909999999,B,B,9,1952,1,1430.0,3,2,B,296135.90182998125
13225,88,1,43.72039389751112,32.772431056458856,6.233004930000002,13,13,1977,0.127375905,B,B,43,8429,3,900.0,3,9,B,139894.01646378954
5779,23,1,31.841014398825717,30.939042271209964,1.0,4,4,1977,0.034656082,B,B,0,168,0,900.0,0,0,B,75783.69463789347
10262,27,2,69.19644016928157,32.772431056458856,6.233004930000002,10,13,1977,0.017647053,B,B,2,469,0,900.0,0,0,B,203295.43114935723
10762,55,3,63.051670598188274,46.39174109484638,6.0,2,9,1973,0.012338886,B,B,35,5776,1,2078.0,2,4,B,238219.24947476017
9513,26,1,39.230346913798826,20.93877136890088,7.0,9,17,2000,0.0,B,B,36,6714,2,2672.0,0,2,B,179556.98776740543
11128,21,2,42.20621681384596,26.426548966453613,5.0,5,5,1963,0.034331497,B,B,25,5487,3,900.0,0,4,B,194003.95823760383
2074,111,3,65.18352658134758,44.662289119219686,7.0,6,12,1974,0.135649789,B,B,46,7960,6,350.0,3,11,B,291594.48926299374
933,34,1,43.413672838653895,32.772431056458856,1.0,14,22,1977,0.069753361,B,B,53,13670,4,900.0,1,11,B,146734.19647316702
2780,27,2,70.09946487702874,32.772431056458856,1.0,8,17,2019,0.072157581,B,B,2,629,1,900.0,0,0,A,213366.32843274705
6594,23,2,53.148626936761005,32.772431056458856,1.0,11,12,1977,0.034656082,B,B,0,168,0,900.0,0,0,B,117898.86164097536
15394,67,2,70.83598477893811,40.154647228882645,11.0,12,19,2014,0.0077202819999999,B,B,38,4788,2,900.0,0,4,B,271564.6293243933
14863,58,1,35.12487250319834,21.465834060147987,6.0,4,12,1981,0.43788524,B,B,23,5735,3,1084.0,0,5,B,161144.0151592641
6698,1,2,55.024440892987954,34.07424006784818,9.0,4,17,1990,0.025609157,B,B,33,5261,0,240.0,3,1,B,230940.8158994323
1611,86,3,59.90216083744568,40.87667933935274,5.0,7,9,1974,0.161975568,B,A,31,7010,5,4508.0,3,7,B,216482.93781190933
174,7,2,43.02265758088557,30.415339558033327,5.0,4,5,1969,0.035145267,B,B,42,9292,3,2620.0,0,3,B,202142.53773741037
5160,58,3,93.75628511517036,32.772431056458856,1.0,2,3,1977,0.43788524,B,B,23,5735,3,1084.0,0,5,B,209347.7533826156
3295,69,2,63.85327468974365,37.04251049305931,10.0,4,16,1982,0.093442564,B,B,23,4635,5,3300.0,2,4,B,266487.4459876142
4559,59,2,76.79291144844699,32.772431056458856,6.233004930000002,13,13,1977,0.019508796,B,B,37,7687,11,176.0,5,5,B,259549.38722756278
8254,29,2,45.69373945180306,27.468975008406204,5.0,5,5,1964,0.086885265,B,B,10,2277,2,1547.0,0,0,B,193117.29678038944
10228,27,1,37.14267228959695,37.14267228959695,1.0,3,15,2014,0.211401214,B,B,9,1892,0,900.0,0,1,B,118908.46705271088
13924,9,1,41.26247404924529,32.772431056458856,1.0,1,1,1977,0.161531741,B,B,25,5648,1,30.0,2,4,B,118982.00563682144
15341,13,2,54.40969028447441,33.223632015030624,9.0,11,18,1999,0.090799103,B,B,74,19083,2,900.0,5,15,B,247522.65227063335
4353,1,2,56.20998399459898,32.772431056458856,1.0,3,17,1977,0.007122317,B,B,1,264,0,900.0,0,1,B,140721.3860487309
4334,23,1,31.27948592983815,31.27948592983815,1.0,1,1,1977,0.034656082,B,B,0,168,0,900.0,0,0,B,85308.03910018131
1872,30,2,52.44905662805961,52.44905662805961,1.0,17,17,2016,7.81528e-05,B,B,22,6398,141,1046.0,3,23,B,169744.0103787942
7823,107,1,32.66437965834057,20.130882448693484,5.0,9,9,1970,0.050272014,B,B,21,4231,14,1020.0,0,3,B,158510.49872169408
310,27,3,45.41135800046039,45.41135800046039,6.233004930000002,18,25,1977,0.072157581,B,B,2,629,1,900.0,0,0,A,200098.87266914084
3704,74,2,81.74242020435544,80.35559944003701,1.0,7,24,1977,0.075778755,B,B,6,1437,3,900.0,0,2,B,302091.48158882256
11615,24,1,61.367530072393855,61.00849954747724,6.233004930000002,6,15,2016,0.111627393,B,B,50,12238,8,1970.0,2,3,B,199752.40299823578
6605,23,3,82.91245237864592,32.772431056458856,1.0,25,25,1977,0.075778755,B,B,6,1437,3,900.0,0,2,B,275857.72257841035
3381,9,2,54.62029016371064,30.08122717380717,8.0,11,14,1990,0.136244425,B,B,11,2370,0,900.0,0,1,B,237158.89756871454
2143,1,1,39.39922586463676,32.772431056458856,1.0,15,17,1977,0.007122317,B,B,1,264,0,900.0,0,1,B,130293.8732906342
3191,91,3,66.35462195018826,48.75905593327922,9.0,8,12,1976,0.333891544,B,B,30,6564,1,900.0,0,0,B,299790.44423723733
13980,6,1,40.88656986826595,40.88656986826595,12.0,12,17,1977,0.243204519,B,B,5,1564,0,540.0,0,0,B,122437.70478692465
15613,32,1,35.99883862933943,17.060620852365545,5.0,2,5,1970,0.135649789,B,B,46,7960,6,350.0,3,11,B,167749.3930375026
10943,172,3,61.19442057263379,48.87051696156136,6.0,1,9,1967,0.0,B,B,7,1660,39,1786.0,1,5,B,205773.31615522687
9654,14,1,40.309552003105175,39.65936287909926,10.0,1,3,2018,0.23861713,B,B,26,3889,6,705.0,3,6,B,118926.43083190566
16053,17,4,168.72903451126422,168.72903451126422,6.233004930000002,4,13,2013,0.093442564,B,B,23,4635,5,3300.0,2,4,B,321344.2085330464
14931,6,3,83.10978716958935,46.51934452818984,12.0,5,17,1977,0.243204519,B,B,5,1564,0,540.0,0,0,B,330207.3791537682
8299,77,3,65.20744811268364,46.76680744515086,6.0,3,9,1976,6.99893e-05,B,B,46,10309,1,240.0,1,16,B,255824.12215864167
2147,71,1,40.419643083277386,23.67126165122221,8.0,3,14,1997,0.033493708,B,B,66,10573,1,1322.0,3,8,B,173363.46646962353
11567,0,3,108.85132541371472,53.42705095786825,13.0,19,19,2012,0.006076152,B,B,30,5285,0,645.0,6,6,B,417237.48783799214
5905,62,1,49.83759525972453,32.772431056458856,1.0,1,1,1977,0.072157581,B,B,2,629,1,900.0,0,0,A,154317.1235031458
11160,58,1,48.61066139896364,48.61066139896364,1.0,3,3,1977,0.43788524,B,B,23,5735,3,1084.0,0,5,B,180073.64436426666
8275,1,1,44.80608996300601,32.772431056458856,1.0,8,17,1977,0.007122317,B,B,1,264,0,900.0,0,1,B,126636.66864553705
16398,100,1,55.51694428600491,24.57291714145736,14.0,19,22,2012,0.200146802,B,B,23,3975,8,770.0,2,0,B,263930.7881736957
11229,9,2,52.11544851572794,34.813364647107875,8.0,2,14,1996,0.161531741,B,B,25,5648,1,30.0,2,4,B,210993.00759848478
10309,66,1,32.64855007706279,22.41284448955264,5.0,1,4,1963,0.111627393,B,B,50,12238,8,1970.0,2,3,B,144146.60636317646
7340,1,3,87.40219912451137,85.42636483159407,1.0,8,17,1977,0.007122317,B,B,1,264,0,900.0,0,1,B,261469.11536160368
7653,187,1,43.21462076509485,21.082945515723093,8.0,7,9,2003,0.041116354,B,B,53,14892,4,900.0,1,4,B,173149.19447479118
272,41,3,50.55302531149618,35.496396539080266,6.0,3,9,1975,0.036122292,B,B,24,4378,0,1036.0,1,1,B,222089.5677093607
9831,62,3,55.68532164582656,34.42862814427498,6.0,4,9,1980,0.037177818,B,B,52,11217,1,2300.0,1,7,B,221526.91413447598
5016,23,2,54.405583281236936,33.67559365222614,9.0,10,17,2013,0.075778755,B,B,6,1437,3,900.0,0,2,B,242711.6212581437
5968,23,1,28.57119049227769,28.57119049227769,6.233004930000002,12,17,2014,0.034656082,B,B,0,168,0,900.0,0,0,B,96627.08837061722
796,27,3,102.1100516978485,102.1100516978485,10.0,13,17,2017,0.072157581,B,B,2,629,1,900.0,0,0,A,340449.00534687296
12123,6,1,40.44583605566729,18.660079683274333,9.0,10,17,2015,0.243204519,B,B,5,1564,0,540.0,0,0,B,175906.7466626092
16629,151,1,32.11344868416979,22.077257160114712,6.0,8,9,1976,0.236108458,B,B,16,3893,27,900.0,3,10,B,159503.34116109437
2637,130,1,31.99949083273256,20.63123000299838,5.0,7,9,1968,0.21843974,B,B,21,4472,6,1450.0,4,7,A,162566.6370261315
6194,56,1,40.102469685330966,18.523336171759357,8.0,3,17,1986,0.0,B,B,23,5067,4,900.0,2,6,B,164103.55170566935
6216,181,2,51.77749721731153,30.5830316595352,8.0,3,10,1976,0.0,B,B,30,7538,87,4702.0,5,5,B,216830.06539971742
14346,83,1,42.5269143733054,23.04930999091897,8.0,2,12,1979,0.0077202819999999,B,B,38,4788,2,900.0,0,4,B,172866.67222244997
6428,9,1,43.03726374343479,32.772431056458856,1.0,1,1,1977,0.161531741,B,B,25,5648,1,30.0,2,4,B,144694.36850678126
2891,38,1,49.470746724515685,26.563910922433248,1.0,10,12,1977,0.060753049,B,B,15,2787,2,520.0,0,7,B,161611.05468321915
84,48,1,34.77677114839062,18.463897055672508,5.0,4,9,1981,0.041124634,B,B,46,9515,5,900.0,1,10,B,158489.3175354116
9260,90,2,49.989146851610286,34.30668031848907,7.0,6,9,1968,0.246031548,B,A,22,3151,4,2715.0,3,3,B,228739.58813140902
15250,41,1,22.04987241651111,15.882365112467197,3.0,9,9,1973,0.175054867,B,B,36,10055,3,900.0,1,0,B,129352.87895580479
2348,128,1,47.51116715169837,21.47567478943422,12.0,3,6,2002,0.0,B,B,27,4798,0,30.0,2,8,B,182498.97044646862
10427,78,2,58.168290207890976,35.09649624167143,11.0,10,22,2006,0.092290642,B,B,21,4346,2,165.0,1,2,B,261112.51710276696
13230,74,2,84.50913807618316,83.6865702757032,1.0,12,24,1977,0.075778755,B,B,6,1437,3,900.0,0,2,B,294417.20837584534
1691,75,1,48.61249800445973,18.123170916289524,1.0,1,1,2014,0.122090347,B,B,29,6566,7,1894.0,4,0,B,133640.64198909033
8803,6,1,42.8469749055384,39.5337996385904,10.0,5,17,2013,0.243204519,B,B,5,1564,0,540.0,0,0,B,117100.97788122742
5464,93,2,70.48011132680861,68.61411012153626,12.0,9,17,2016,0.050900058,B,B,43,10621,1,30.0,2,3,B,290135.3914160162
10559,27,1,42.06369692074535,41.012215389929146,1.0,3,9,2016,0.011654127,B,B,4,915,0,900.0,0,0,B,120439.46522157766
16787,55,3,78.68884818028438,44.67927623450717,8.0,12,14,1989,0.041365446,B,B,31,5569,0,900.0,1,4,B,314432.7325292011
4278,87,1,35.417576593896364,25.35558120545372,6.0,2,9,1980,0.100455735,B,B,43,7227,0,900.0,1,6,A,160874.29285083181
6183,21,2,46.56982036483815,31.64756690933532,5.0,3,5,1964,0.194489265,B,B,47,8004,3,125.0,3,5,B,192378.3854939245
12775,96,1,39.319723211685655,19.763375307621967,8.0,3,14,2011,0.041116354,B,B,53,14892,4,900.0,1,4,B,173813.39124261145
10104,83,1,39.3035014734394,23.284751784919592,8.0,2,14,1986,0.0077202819999999,B,B,38,4788,2,900.0,0,4,B,168195.00492916766
13663,93,2,52.52496336674217,33.73929465513411,8.0,6,14,1988,0.521867054,B,B,25,6149,0,900.0,0,0,B,212066.21066812926
9404,161,2,55.78481814562032,34.23048876030064,9.0,17,17,1996,0.0006991189999999,B,B,14,3369,24,4129.0,0,3,B,263112.02646783536
14724,146,1,40.9583397249237,19.616120390003047,8.0,9,16,1981,0.236108458,B,B,16,3893,27,900.0,3,10,B,183968.550723754
10040,62,2,66.29653135616107,32.772431056458856,1.0,1,1,1977,0.072157581,B,B,2,629,1,900.0,0,0,A,202390.40419053542
4646,6,2,72.2354862524815,32.772431056458856,6.233004930000002,24,25,1977,0.243204519,B,B,5,1564,0,540.0,0,0,B,240244.64131108436
4754,91,1,36.98344368452791,18.74100808238918,7.0,7,9,1969,0.333891544,B,B,30,6564,1,900.0,0,0,B,164546.04367556094
3310,6,3,84.62535038041838,32.772431056458856,1.0,6,17,1977,0.243204519,B,B,5,1564,0,540.0,0,0,B,222768.29063488328
2003,8,2,44.68368246434741,28.31515388430829,5.0,4,9,1976,0.092290642,B,B,21,4346,2,165.0,1,2,B,203790.7673658723
7312,95,1,33.39500300805287,23.587507070887277,5.0,8,9,1968,0.0,B,B,7,1660,39,1786.0,1,5,B,162235.62668910492
10921,194,2,48.96912355782237,35.57071511251266,5.0,7,9,1977,0.174739084,B,B,17,3379,9,100.0,0,3,B,228732.92251461
13419,46,3,66.50319055848914,44.951469834983904,9.0,7,12,1970,0.188783766,B,B,31,6137,4,900.0,0,1,B,301299.5761022755
10105,26,1,35.488663529452545,21.966797962136745,6.0,4,9,1979,0.0,B,B,36,6714,2,2672.0,0,2,B,165640.2842216654
2196,52,4,104.63850975825298,62.18544382517892,10.0,4,22,2005,0.371148999,B,B,34,7065,1,750.0,2,5,B,480056.1060710935
12659,1,3,79.14588775543575,32.772431056458856,1.0,15,17,1977,0.007122317,B,B,1,264,0,900.0,0,1,B,229465.65177220892
4380,167,2,47.50735671561062,32.36457830896723,5.0,4,9,1963,0.050272014,B,B,21,4231,14,1020.0,0,3,B,198779.3771528217
10847,23,2,54.99739958010335,32.772431056458856,1.0,7,17,1977,0.075778755,B,B,6,1437,3,900.0,0,2,B,165353.96506729486
10805,48,2,53.74609695008119,31.36254529233618,8.0,12,16,1983,0.041124634,B,B,46,9515,5,900.0,1,10,B,235701.84286914568
8709,23,2,42.1384571014617,32.772431056458856,1.0,6,12,2013,0.034656082,B,B,0,168,0,900.0,0,0,B,120638.44447190575
8319,6,2,63.86631065939285,32.772431056458856,12.0,11,17,1977,0.243204519,B,B,5,1564,0,540.0,0,0,B,219203.63431307639
2215,29,2,48.0454064451377,32.7759706224307,5.0,3,5,1961,0.069660344,B,B,31,6119,4,900.0,1,2,B,154804.30541749092
7000,72,2,40.19729495995903,27.82819032270468,7.0,4,9,1964,0.210473241,B,B,11,2398,2,1994.0,3,0,B,188045.3227282994
7701,23,2,50.89174095036861,46.92430071992332,6.233004930000002,3,3,2017,0.034656082,B,B,0,168,0,900.0,0,0,B,139469.94058186462
9678,9,2,66.73969364046987,32.772431056458856,10.0,10,17,2016,0.161531741,B,B,25,5648,1,30.0,2,4,B,199877.91579758312
14026,71,2,63.947172783384296,33.73634456693656,10.0,12,22,1985,0.407276235,A,B,9,1768,0,370.0,0,0,A,266056.69868791825
7971,96,1,41.41709162075825,23.624108813010288,7.0,8,10,1997,0.041116354,B,B,53,14892,4,900.0,1,4,B,170902.71964577094
13734,1,1,46.16472014006946,32.772431056458856,1.0,4,24,1977,0.007122317,B,B,1,264,0,900.0,0,1,B,170475.62145312986
16483,29,2,47.361757564200175,29.26732672323854,6.0,4,5,1960,0.040242764,B,B,25,3478,11,2729.0,3,1,B,214165.66818105217
6150,6,3,76.37955255988342,32.772431056458856,1.0,17,17,1977,0.243204519,B,B,5,1564,0,540.0,0,0,B,235060.59505560077
2931,48,3,62.80668159333022,48.64271171191012,6.0,5,12,1980,0.041124634,B,B,46,9515,5,900.0,1,10,B,254838.54683722838
5418,62,2,74.47362880928104,32.772431056458856,1.0,10,17,1977,0.072157581,B,B,2,629,1,900.0,0,0,A,216240.52450815815
1662,144,3,92.85091971636191,55.60323992787004,12.0,10,17,2004,0.306977489,B,B,27,5148,14,1575.0,5,7,B,360408.8957200446
2441,6,3,78.41436101089539,44.1117438331644,12.0,1,1,1977,0.243204519,B,B,5,1564,0,540.0,0,0,B,224114.56185154832
669,7,1,23.681686946276727,13.699489482358992,2.0,4,9,1971,0.130617806,B,B,39,10418,9,900.0,1,9,B,123152.31806310751
7734,129,1,36.205640925640544,19.572053389636096,9.0,11,12,1968,0.020741326,B,B,24,5613,5,1340.0,2,5,B,180580.89866422853
6010,72,2,63.29578675415534,60.7939969684188,1.0,23,23,2019,0.210473241,B,B,11,2398,2,1994.0,3,0,B,236166.46023577623
266,27,1,46.71832081226327,32.772431056458856,1.0,1,1,1977,0.072157581,B,B,2,629,1,900.0,0,0,A,155887.8695911983
632,27,1,48.7603390908081,32.772431056458856,1.0,7,17,1977,0.017647053,B,B,2,469,0,900.0,0,0,B,155566.44013251155
16221,23,3,69.37112564270639,32.772431056458856,1.0,3,3,1977,0.005767451,B,B,1,388,0,900.0,0,0,B,135026.5299294415
11832,96,1,38.46842132454913,23.35043108622961,8.0,9,17,1994,0.041116354,B,B,53,14892,4,900.0,1,4,B,184593.416510533
5035,62,1,50.25844244515483,22.55936501481891,11.0,8,17,2011,0.072157581,B,B,2,629,1,900.0,0,0,A,185857.31342608685
37,27,1,34.885401584351555,32.772431056458856,1.0,23,25,1977,0.072157581,B,B,2,629,1,900.0,0,0,A,128872.07452906041
6168,119,2,47.82746538271734,31.71677623387681,5.0,3,5,1961,0.000995363,B,B,42,7651,1,900.0,1,5,B,198875.02023364825
11757,29,2,46.832068409810894,33.32686008088317,5.0,3,5,1964,0.069660344,B,B,31,6119,4,900.0,1,2,B,187208.4397620044
8086,30,1,38.5997459509462,32.772431056458856,1.0,12,17,1977,7.81528e-05,B,B,22,6398,141,1046.0,3,23,B,128046.74287197251
6529,85,3,56.33888054006959,34.654013591392456,6.0,5,9,1978,0.037177818,B,B,52,11217,1,2300.0,1,7,B,226886.1876164197
15121,93,3,134.57317517035742,32.772431056458856,1.0,2,2,1977,0.004949358,B,B,0,186,0,900.0,0,0,B,189228.9405922799
13904,1,1,40.27829635724406,32.772431056458856,1.0,17,17,1977,0.007122317,B,B,1,264,0,900.0,0,1,B,128240.07380844885
3711,94,1,41.281057292665885,41.281057292665885,10.0,13,13,2014,0.282797669,B,B,33,8667,2,900.0,0,6,B,150475.95439340363
16563,52,1,40.70907357800896,40.70907357800896,1.0,4,10,2015,0.371148999,B,B,34,7065,1,750.0,2,5,B,128181.34278445289
14494,52,2,64.02780360967654,64.02780360967654,6.233004930000002,9,17,1977,0.371148999,B,B,34,7065,1,750.0,2,5,B,188041.16668846062
3006,66,2,48.32314250593068,30.51139717636145,5.0,7,9,1971,0.111627393,B,B,50,12238,8,1970.0,2,3,B,208895.62610279213
15299,1,1,43.78871343674294,32.772431056458856,1.0,1,1,1977,0.014580716,B,B,3,760,1,900.0,0,0,B,136182.6421782059
92,21,3,70.42479628301454,46.60475213335845,9.0,12,12,1971,0.194489265,B,B,47,8004,3,125.0,3,5,B,319883.7513660828
8066,71,2,57.07741919206358,31.63048746542902,8.0,12,12,1984,0.407276235,A,B,9,1768,0,370.0,0,0,A,233474.5969487437
16071,1,2,64.94598971204098,32.772431056458856,1.0,20,20,1977,0.007122317,B,B,1,264,0,900.0,0,1,B,198327.54935464365
10662,29,1,25.956829229990177,17.25176776701609,6.233004930000002,5,5,1973,0.069660344,B,B,31,6119,4,900.0,1,2,B,131606.83600874562
3883,3,2,62.94609680973591,38.29646711140192,10.0,17,17,1984,0.050900058,B,B,43,10621,1,30.0,2,3,B,274176.5020745477
5511,52,1,42.06416016427535,42.06416016427535,1.0,11,17,1977,0.371148999,B,B,34,7065,1,750.0,2,5,B,134218.1225071583
2821,1,3,76.42629454513114,48.1857940081697,10.0,12,17,1989,0.025609157,B,B,33,5261,0,240.0,3,1,B,321056.5077369847
9570,129,1,39.55023422390107,21.55964605695651,9.0,11,16,1979,0.460556389,B,B,20,4386,14,900.0,1,5,B,178214.74328308683
4326,98,2,56.45080171444757,36.5464831055064,9.0,1,16,1983,0.089039719,B,B,33,7976,5,900.0,0,11,B,226513.66397094057
9251,1,3,81.98333868762508,32.772431056458856,10.0,5,17,2018,0.007122317,B,B,1,264,0,900.0,0,1,B,231983.75301201866
9031,92,2,39.34177050211407,21.23154919398652,7.0,6,12,1972,0.460556389,B,B,20,4386,14,900.0,1,5,B,209425.9889437229
12689,61,1,38.190813276343405,21.653921021502047,10.0,14,25,2013,0.300322518,B,B,52,10311,6,900.0,1,9,B,186287.0801279269
16380,45,3,58.26614402254408,39.92691870888048,6.0,5,5,1961,0.014423114,B,B,19,3806,4,900.0,0,3,B,213825.10787115883
1053,22,2,60.069781660583295,35.16138058579874,9.0,16,16,2001,0.118537385,B,B,30,6207,1,1183.0,1,0,B,262620.2588744157
4568,54,2,42.77517622883904,27.75189744956837,5.0,4,5,1966,0.006076152,B,B,30,5285,0,645.0,6,6,B,194503.84795747124
16140,27,1,38.25155748222115,32.772431056458856,1.0,16,17,1977,0.011654127,B,B,4,915,0,900.0,0,0,B,128130.51233596068
14356,54,2,78.17621653251605,75.03267993591038,1.0,8,8,2014,0.006076152,B,B,30,5285,0,645.0,6,6,B,285356.7997246872
8466,6,2,66.27001382580022,32.772431056458856,6.233004930000002,13,17,1977,0.243204519,B,B,5,1564,0,540.0,0,0,B,187040.8514752654
15652,9,1,45.63248019399702,20.384021962561462,8.0,10,14,1995,0.161531741,B,B,25,5648,1,30.0,2,4,B,177433.65529062107
3285,27,1,37.36832905517467,32.772431056458856,1.0,22,22,2017,0.072157581,B,B,2,629,1,900.0,0,0,A,138090.7977794277
3198,47,1,35.71402869506629,22.638513886402112,6.0,6,9,1978,6.99893e-05,B,B,46,10309,1,240.0,1,16,B,158567.52601685352
14088,123,3,91.5990273608436,58.13263909475655,11.0,4,8,2005,0.0,B,B,6,2733,0,920.0,0,4,B,363358.4516336618
2268,58,1,39.9789439530899,39.9789439530899,6.233004930000002,13,17,1977,0.43788524,B,B,23,5735,3,1084.0,0,5,B,133993.00827531255
15472,1,2,77.50671396453394,32.772431056458856,12.0,3,22,1977,0.007122317,B,B,1,264,0,900.0,0,1,B,220791.7255338009
1203,58,3,87.81555869297081,83.19448302644254,6.233004930000002,7,7,1977,0.43788524,B,B,23,5735,3,1084.0,0,5,B,239953.90894025136
7157,78,3,79.45759445051031,44.618002121026976,12.0,16,17,1977,0.092290642,B,B,21,4346,2,165.0,1,2,B,313385.8757908381
6886,155,1,33.07777294208548,17.98219482650871,7.0,7,12,1972,0.042307271,B,B,17,2810,9,4849.0,3,6,B,173492.33687994056
5083,46,3,61.4500959344176,46.41000518792711,6.0,8,9,1967,0.0,B,B,47,11319,0,1145.0,3,5,B,237000.66922427487
7467,27,1,34.842188905195606,32.772431056458856,6.233004930000002,22,25,1977,0.072157581,B,B,2,629,1,900.0,0,0,A,132659.42083714955
14068,8,2,52.23639546342928,33.258364791544906,8.0,7,16,1982,0.458174486,B,A,26,4439,1,1130.0,1,5,B,234960.26596224867
2080,99,2,48.13796454659416,31.329245786693487,5.0,5,5,1969,0.033493708,B,B,66,10573,1,1322.0,3,8,B,189720.34538990844
10865,1,1,47.5997576081341,32.772431056458856,1.0,24,24,1977,0.007122317,B,B,1,264,0,900.0,0,1,B,153507.93650223222
13516,41,1,39.20497879964012,20.607034710180177,9.0,8,12,1969,0.175054867,B,B,36,10055,3,900.0,1,0,B,179061.23505028474
14150,2,2,48.10615813281211,31.709410875628773,5.0,6,12,1971,0.130617806,B,B,39,10418,9,900.0,1,9,B,203557.21421005914
7609,23,2,55.512596232854136,32.772431056458856,10.0,5,20,1977,0.034656082,B,B,0,168,0,900.0,0,0,B,226820.46270257936
2144,180,3,79.55452459458918,55.08029497403938,7.0,4,4,1958,0.037316452,B,B,32,6748,93,562.0,4,10,B,275362.79361795244
10357,124,2,43.13194505173272,29.74968743086344,5.0,2,5,1963,0.16909109,B,B,19,3856,10,900.0,2,5,B,174698.09863519468
2396,58,3,72.84706408391897,45.90408389388725,9.0,12,14,1970,0.1489038909999999,B,B,9,1952,1,1430.0,3,2,B,336188.8671726165
1526,152,3,76.08277699746898,52.35242766014222,6.0,3,5,1932,0.042031587,B,B,37,6856,84,1940.0,2,5,B,265236.5312620043
10890,11,2,57.16785372355168,34.85828654030224,8.0,8,14,2006,0.0001696759999999,B,B,36,5992,0,900.0,1,1,B,248694.15285149828
8638,25,5,120.33072670890957,115.32842981701448,1.0,14,25,2016,0.069753361,B,B,53,13670,4,900.0,1,11,B,365532.0323055768
6050,67,3,69.19386111623265,44.891811254484246,6.0,3,12,1978,0.0077202819999999,B,B,38,4788,2,900.0,0,4,B,199646.7228104092
7639,27,1,38.756506999921264,32.772431056458856,1.0,1,1,1977,0.211401214,B,B,9,1892,0,900.0,0,1,B,124532.74935986107
10544,105,1,39.39769472574144,22.276338220073733,10.0,9,12,1968,0.040242764,B,B,25,3478,11,2729.0,3,1,B,175758.9306107348
9577,19,3,62.38250154525821,45.15839031528968,5.0,9,9,1975,0.309479124,B,B,35,7715,4,990.0,0,6,B,241579.36606197336
13195,6,3,80.52275360551849,32.772431056458856,1.0,15,17,1977,0.243204519,B,B,5,1564,0,540.0,0,0,B,236523.96233742274
3484,85,3,54.10038338989246,35.039397141849435,6.0,7,9,1977,0.037177818,B,B,52,11217,1,2300.0,1,7,B,227588.50136057803
16668,34,3,118.44990576927172,68.58749732435024,12.0,10,23,2013,0.069753361,B,B,53,13670,4,900.0,1,11,B,451745.1433318968
7171,6,2,66.47630451043443,37.81281338240322,12.0,2,17,1977,0.243204519,B,B,5,1564,0,540.0,0,0,B,228604.94143529492
8547,8,2,54.47204579445031,31.69381707316492,8.0,10,14,1990,0.458174486,B,A,26,4439,1,1130.0,1,5,B,224281.38516147845
12735,99,2,54.48433771439975,52.49794185753584,9.0,3,12,1976,0.033493708,B,B,66,10573,1,1322.0,3,8,B,194647.800842481
9093,26,2,45.72973678818752,28.8965516946566,5.0,4,5,1965,0.0,B,B,36,6714,2,2672.0,0,2,B,190980.98227753083
15323,131,2,49.957746482178536,32.708735809962754,7.0,9,9,1964,0.0,B,B,23,3684,2,900.0,0,4,B,284547.91322718083
14897,3,1,33.25521536544214,18.0162602507066,6.0,8,9,1973,0.050900058,B,B,43,10621,1,30.0,2,3,B,160742.5570813638
5135,30,1,43.144340569177466,18.295503331696487,1.0,12,22,2016,7.81528e-05,B,B,22,6398,141,1046.0,3,23,B,159555.693534521
5327,61,3,53.55645241319836,36.79196383515868,6.0,5,9,1976,0.300322518,B,B,52,10311,6,900.0,1,9,B,199728.79444095827
13133,61,3,64.6180322495841,47.29265345306051,6.0,7,9,1969,0.298204575,B,B,16,4048,3,900.0,1,3,B,249372.4178021092
1676,17,2,55.298609010628574,33.18096139518532,9.0,14,16,1981,0.0,B,B,18,3374,5,620.0,1,2,B,248866.15305500076
16296,53,2,62.66202403154612,36.26187434292907,10.0,19,24,2019,0.049637257,B,B,34,7759,0,229.0,1,3,B,268127.09304238524
1095,27,2,57.60356358302562,57.60356358302562,1.0,7,12,2017,0.011654127,B,B,4,915,0,900.0,0,0,B,190371.04434916182
12528,21,1,36.95716462088589,21.68070204317732,6.0,5,6,1962,0.034331497,B,B,25,5487,3,900.0,0,4,B,176345.44633793726
7348,53,2,58.06402060019615,58.06402060019615,1.0,8,19,2017,0.049637257,B,B,34,7759,0,229.0,1,3,B,198831.01485604898
11663,42,1,40.048098831463406,23.554404763693128,7.0,10,17,2006,0.158249043,B,B,21,5731,0,900.0,1,0,B,181692.5834332114
1803,124,2,48.17357555694321,31.97503151996479,5.0,4,5,1968,0.122090347,B,B,29,6566,7,1894.0,4,0,B,193749.4500445715
1510,88,3,62.36754608180144,45.03172269790953,5.0,9,9,1974,0.127375905,B,B,43,8429,3,900.0,3,9,B,242466.73749125114
16045,27,2,63.69700999017743,32.772431056458856,10.0,14,17,2016,0.072157581,B,B,2,629,1,900.0,0,0,A,202043.94664227302
2900,29,1,34.24579070797954,17.20156028046376,5.0,5,5,1966,0.069660344,B,B,31,6119,4,900.0,1,2,B,158780.6611196673
3236,57,2,43.7482851680293,31.052534791295727,5.0,4,5,1970,0.133215333,B,B,49,11395,3,1406.0,3,4,A,184092.59699255522
1318,161,2,63.05582280028228,39.44425864541748,10.0,18,20,2013,0.0006991189999999,B,B,14,3369,24,4129.0,0,3,B,268044.47663558327
14948,83,2,49.91011626009344,31.331926463723807,9.0,3,12,1978,0.0077202819999999,B,B,38,4788,2,900.0,0,4,B,242552.8148266022
7840,46,3,77.54370827287322,52.90704362724434,9.0,4,4,1962,0.188783766,B,B,31,6137,4,900.0,0,1,B,258292.3641471597
15325,9,2,62.67879962748225,60.70191287181632,1.0,1,1,1977,0.161531741,B,B,25,5648,1,30.0,2,4,B,214004.0440816531
8700,23,1,77.60832784588018,37.35390072103868,15.0,3,3,2011,0.014072961,B,B,2,475,0,900.0,0,0,B,247545.91773424696
15706,94,2,47.77648526958697,27.920873127886967,6.0,8,9,1970,0.282797669,B,B,33,8667,2,900.0,0,6,B,204130.35160283785
14449,25,1,32.93847268320188,32.57110520192509,7.0,15,17,2016,0.069753361,B,B,53,13670,4,900.0,1,11,B,134253.2941382781
16117,30,2,60.33083492716742,32.772431056458856,1.0,22,22,1977,7.81528e-05,B,B,22,6398,141,1046.0,3,23,B,224486.2374133325
4529,101,1,39.14986638842559,19.1894195685826,8.0,11,17,1988,0.225824954,A,B,41,6558,7,1548.0,3,2,B,175086.85639614577
11199,41,2,48.10559143801014,30.55838550895391,5.0,7,9,1971,0.175054867,B,B,36,10055,3,900.0,1,0,B,209303.9182189817
4052,1,3,121.54187995608162,32.772431056458856,6.233004930000002,9,13,1977,0.007122317,B,B,1,264,0,900.0,0,1,B,420267.40390602744
821,46,2,47.57343923240528,30.57739952226616,6.0,9,9,1971,0.0,B,B,47,11319,0,1145.0,3,5,B,209015.30653783795
68,42,2,67.07601253142803,32.00953479501489,11.0,16,24,2007,0.158249043,B,B,21,5731,0,900.0,1,0,B,258419.53961207124
554,62,1,45.13309684365087,18.20395548531157,11.0,4,17,2016,0.072157581,B,B,2,629,1,900.0,0,0,A,143323.83939218716
452,75,1,38.68291749898939,23.28879640835423,10.0,16,16,1988,0.307466659,B,A,30,5048,9,325.0,2,5,B,175878.7842181502
11394,70,3,63.25953830338325,41.0506290963445,7.0,12,14,1997,0.002211665,B,B,39,7614,3,900.0,1,5,A,258477.43789849017
11393,27,2,57.635228337567256,31.439755542164672,10.0,13,16,2005,0.07542368,B,B,11,3097,0,900.0,0,0,B,254369.45930997483
9535,1,1,48.46091242243136,32.772431056458856,6.233004930000002,13,13,1977,0.007122317,B,B,1,264,0,900.0,0,1,B,166775.91009670254
4024,83,1,39.99037017279849,23.636319786554107,8.0,15,17,1987,0.0077202819999999,B,B,38,4788,2,900.0,0,4,B,180566.28553962611
10069,85,3,53.375987529508144,35.8332175713849,6.0,9,9,1977,0.037177818,B,B,52,11217,1,2300.0,1,7,B,202627.07329542405
12007,29,1,38.2003208965624,27.06610638653759,5.0,5,5,1967,0.069660344,B,B,31,6119,4,900.0,1,2,B,156907.61415914365
12368,64,2,74.20020713519506,37.43975227026928,11.0,11,24,2003,0.135649789,B,B,46,7960,6,350.0,3,11,B,315084.24818132666
1259,53,3,81.31059858010299,80.2815832962453,1.0,18,18,2017,0.049637257,B,B,34,7759,0,229.0,1,3,B,259988.67370569223
1124,7,3,65.12647573915594,42.26511518775183,8.0,9,12,1985,0.035145267,B,B,42,9292,3,2620.0,0,3,B,306880.43977116904
3707,11,2,46.26614120182139,28.44894076293427,6.0,3,9,1973,0.012338886,B,B,35,5776,1,2078.0,2,4,B,206150.07136652767
8767,84,1,35.90736772042512,20.807331729875315,9.0,9,12,1967,0.006076152,B,B,30,5285,0,645.0,6,6,B,177210.87269299265
1919,11,1,35.247786008690774,20.35825169147965,10.0,12,12,1971,0.038692987,B,B,28,6533,1,1015.0,2,5,B,173746.87234352197
16741,99,1,38.445139225327495,25.629777789912467,6.0,8,9,1976,0.012338886,B,B,35,5776,1,2078.0,2,4,B,171951.7186454424
6664,53,2,59.45105344064522,36.122148093269374,10.0,10,24,2018,0.049637257,B,B,34,7759,0,229.0,1,3,B,281811.41360881185
5688,45,2,73.10887638981626,32.772431056458856,1.0,8,17,2014,0.195781053,B,B,23,5212,6,900.0,3,2,B,217655.3113009352
7799,3,1,36.93082261471204,18.977519347566744,9.0,1,12,1971,0.265088676,B,B,37,5288,0,1937.0,3,2,B,159082.08905325655
14843,135,3,61.07575428227001,43.88575607634552,5.0,5,9,1972,0.007658515,B,B,35,7077,56,2301.0,3,19,B,243881.80197025926
7532,9,2,47.91777171886911,30.918685354524595,8.0,4,14,2010,0.13012277,B,B,8,1986,0,900.0,0,0,B,174627.43524858248
8133,1,1,49.620649680846405,32.772431056458856,1.0,10,24,1977,0.007122317,B,B,1,264,0,900.0,0,1,B,147079.21963842437
6264,47,3,79.99332884871649,47.25110417091936,10.0,3,16,1980,0.101872465,B,B,23,4583,3,900.0,3,3,B,332319.86780493055
4125,94,1,43.42743611424306,18.5919138812904,7.0,12,17,2006,0.521867054,B,B,25,6149,0,900.0,0,0,B,172354.42561528378
2410,99,2,46.84290607335274,31.91581332412824,5.0,5,5,1968,0.033493708,B,B,66,10573,1,1322.0,3,8,B,188629.36095942088
13607,62,3,83.00387547741258,32.772431056458856,6.233004930000002,12,13,1977,0.072157581,B,B,2,629,1,900.0,0,0,A,276487.54091990757
1716,57,2,62.474911979601096,36.24548487905354,10.0,20,22,2001,0.090799103,B,B,74,19083,2,900.0,5,15,B,268309.39697108074
1370,1,1,44.373134790122535,23.67984144853992,10.0,4,20,1977,0.007122317,B,B,1,264,0,900.0,0,1,B,177735.64103217557
2273,37,3,81.26409040417501,44.60794641362168,12.0,8,17,2002,0.178916796,B,B,18,3594,4,192.0,1,5,B,297232.270212396
15298,13,3,77.8673057881528,49.523902521815536,10.0,17,17,2000,0.090799103,B,B,74,19083,2,900.0,5,15,B,341207.56263156084
4284,171,2,48.93911849223606,32.35727383423777,6.0,7,9,1968,0.019508796,B,B,37,7687,11,176.0,5,5,B,205326.9667322775
12303,27,2,62.42918553395689,32.772431056458856,6.233004930000002,14,19,1977,0.211401214,B,B,9,1892,0,900.0,0,1,B,181917.3728138905
7808,8,1,30.53997286082909,14.90298417418228,5.0,1,5,1967,0.458174486,B,A,26,4439,1,1130.0,1,5,B,149810.57163905402
2203,27,1,51.23600370481699,32.772431056458856,6.233004930000002,10,13,1977,0.072157581,B,B,2,629,1,900.0,0,0,A,158452.39073730443
7237,27,1,44.85071141605377,32.772431056458856,1.0,7,17,1977,0.072157581,B,B,2,629,1,900.0,0,0,A,125853.39381924932
15864,27,3,47.72283507314865,47.09881321759957,9.0,18,99,1977,0.072157581,B,B,2,629,1,900.0,0,0,A,187025.906056396
2844,1,2,64.78505452410977,31.7687144592152,12.0,7,17,2014,0.007122317,B,B,1,264,0,900.0,0,1,B,234325.59021238587
5729,124,1,33.68030681079079,18.12588870219044,5.0,5,5,1959,0.16909109,B,B,19,3856,10,900.0,2,5,B,153547.70770020635
11812,65,2,64.06314855146861,44.25138344350212,7.0,3,8,1958,0.081943463,B,B,20,2738,20,900.0,1,4,B,295005.8431670662
1779,29,1,43.610767135670784,16.26838735605571,9.0,7,17,2014,0.069660344,B,B,31,6119,4,900.0,1,2,B,169103.67640161532
6442,27,2,58.16510552935325,32.772431056458856,1.0,6,19,2018,0.211401214,B,B,9,1892,0,900.0,0,1,B,195153.20077650127
6160,31,2,44.7276568549029,30.314237983973552,5.0,5,9,1974,0.151346216,B,A,32,5889,10,830.0,4,1,B,199184.53967657607
8266,86,2,44.43695831883751,29.507315007427444,5.0,4,5,1964,0.161975568,B,A,31,7010,5,4508.0,3,7,B,190701.71885808013
9903,67,1,34.65381300459845,22.549847876854,6.0,7,9,1976,0.0077202819999999,B,B,38,4788,2,900.0,0,4,B,157690.50143828595
2867,27,1,47.98972723597618,32.772431056458856,1.0,4,12,1977,0.072157581,B,B,2,629,1,900.0,0,0,A,152799.43772605076
6998,6,2,65.23507155845282,33.84909512683275,13.0,9,17,2015,0.243204519,B,B,5,1564,0,540.0,0,0,B,204506.8952638153
13932,23,2,66.93512594874889,32.772431056458856,1.0,17,17,1977,0.075778755,B,B,6,1437,3,900.0,0,2,B,189770.86437686262
12587,74,1,53.16769295935893,50.32907603843842,1.0,4,17,1977,0.075778755,B,B,6,1437,3,900.0,0,2,B,156766.43057177812
3611,11,2,61.701766797547656,33.34579368687195,11.0,3,10,2009,0.0001696759999999,B,B,36,5992,0,900.0,1,1,B,217785.93874908958
2646,61,3,66.69189983744225,45.223552322728,9.0,12,12,1965,0.300322518,B,B,52,10311,6,900.0,1,9,B,279659.97400998464
1890,42,1,41.99188404861415,24.850066270280248,8.0,6,9,2006,0.158249043,B,B,21,5731,0,900.0,1,0,B,173499.80989983224
860,47,2,55.70165982072006,34.585574475690024,9.0,10,17,2002,6.99893e-05,B,B,46,10309,1,240.0,1,16,B,235175.73495402475
14187,111,2,49.3468313232864,33.920125637228665,5.0,4,5,1966,0.0,B,B,36,6714,2,2672.0,0,2,B,190479.0495912986
12569,75,2,59.110119894801,35.80797071261016,10.0,6,17,1999,0.122090347,B,B,29,6566,7,1894.0,4,0,B,269034.035535054
1276,23,2,54.49141735103138,51.64096815339104,1.0,3,3,2020,0.005767451,B,B,1,388,0,900.0,0,0,B,95359.67657915171
12025,45,1,39.35389753557517,32.772431056458856,1.0,1,1,1977,0.195781053,B,B,23,5212,6,900.0,3,2,B,118216.09588808574
4890,25,2,84.39816716402783,42.44814246228682,16.0,14,25,2012,0.069753361,B,B,53,13670,4,900.0,1,11,B,303309.16391480924
14410,167,2,57.906996484887685,35.62563715026764,6.0,6,6,1941,0.050272014,B,B,21,4231,14,1020.0,0,3,B,256363.5568849872
10352,73,3,68.97055564689411,46.823889756138286,7.0,5,5,1928,0.042031587,B,B,37,6856,84,1940.0,2,5,B,304453.6250528823
11407,79,4,37.92034786532114,21.35748713139034,6.0,6,17,2014,0.307466659,B,A,30,5048,9,325.0,2,5,B,176290.40636639798
10384,15,1,41.96975267776488,21.100137095552668,7.0,10,14,2006,0.158249043,B,B,21,5731,0,900.0,1,0,B,178621.8284460627
7622,107,2,60.91875982885984,34.824602414519966,8.0,22,23,2011,0.050272014,B,B,21,4231,14,1020.0,0,3,B,289055.04297400126
12578,23,2,65.27726764082085,32.772431056458856,1.0,3,17,1977,0.075778755,B,B,6,1437,3,900.0,0,2,B,181497.80438872936
15820,88,1,37.013953758888896,23.140297282393337,9.0,9,9,1976,0.127375905,B,B,43,8429,3,900.0,3,9,B,170125.12607415297
563,1,2,66.92279301582506,64.3955932610271,1.0,4,17,1977,0.007122317,B,B,1,264,0,900.0,0,1,B,181342.23538285485
15226,87,1,36.23750837439579,22.74873653608414,6.0,7,9,1982,0.100455735,B,B,43,7227,0,900.0,1,6,A,154539.3392472756
6396,6,3,80.74638250523624,32.772431056458856,1.0,12,17,1977,0.243204519,B,B,5,1564,0,540.0,0,0,B,225913.2669072751
6247,1,1,42.25608207214832,32.772431056458856,1.0,17,17,1977,0.007122317,B,B,1,264,0,900.0,0,1,B,128675.0282086495
3339,83,1,34.43762490374195,18.11436923537953,6.0,8,9,1977,0.0077202819999999,B,B,38,4788,2,900.0,0,4,B,166300.84280303837
10975,118,2,59.111711460305386,34.192309961403,8.0,8,10,1959,0.21843974,B,B,21,4472,6,1450.0,4,7,A,284606.51332597085
7475,23,2,54.66495853159483,32.772431056458856,1.0,5,12,1977,0.034656082,B,B,0,168,0,900.0,0,0,B,118525.58057294536
11129,208,1,32.770108538675885,22.616294913566627,5.0,4,5,1961,0.042031587,B,B,37,6856,84,1940.0,2,5,B,150043.51179286515
3051,111,3,63.56229648978121,45.510578550251104,5.0,5,5,1962,0.1363303,B,B,30,6141,10,262.0,3,6,B,242907.42451001116
10232,84,2,57.684784743353575,37.72663762425835,8.0,1,5,1956,0.006076152,B,B,30,5285,0,645.0,6,6,B,232977.75545958348
14106,6,2,67.93371378171004,32.772431056458856,12.0,11,17,1977,0.243204519,B,B,5,1564,0,540.0,0,0,B,197652.19567226182
5502,32,2,48.1938974168817,32.857643514967585,6.0,5,14,1972,0.135649789,B,B,46,7960,6,350.0,3,11,B,201622.51965276786
4558,23,1,32.00855803327691,31.81697141768541,1.0,9,17,2017,0.034656082,B,B,0,168,0,900.0,0,0,B,87465.12068965672
4181,27,2,53.96810277468793,32.772431056458856,6.233004930000002,13,13,1977,0.011654127,B,B,4,915,0,900.0,0,0,B,182036.26928757425
8426,6,1,40.14086134006104,32.772431056458856,1.0,15,17,1977,0.243204519,B,B,5,1564,0,540.0,0,0,B,129838.63486604794
6611,99,2,44.59432542019106,31.89406810196852,5.0,1,9,1969,0.033493708,B,B,66,10573,1,1322.0,3,8,B,189401.4336796578
14641,27,2,60.56476624780491,32.772431056458856,9.0,13,19,2018,0.211401214,B,B,9,1892,0,900.0,0,1,B,237725.7250366835
15539,1,3,85.63792007296574,32.772431056458856,1.0,10,20,1977,0.007122317,B,B,1,264,0,900.0,0,1,B,266923.9545474264
13119,1,2,45.77306981964009,32.88614155315477,5.0,5,5,1977,0.014580716,B,B,3,760,1,900.0,0,0,B,191254.20798087333
11716,44,1,38.68680813074875,21.37648572190394,7.0,4,14,2005,0.232205084,B,B,24,4860,1,80.0,0,3,B,175408.95888666436
7316,61,2,51.57892990741471,33.259663244119785,8.0,13,17,1989,0.300322518,B,B,52,10311,6,900.0,1,9,B,238024.52029715295
7791,27,1,44.8825434362783,32.772431056458856,6.233004930000002,13,13,1977,0.211401214,B,B,9,1892,0,900.0,0,1,B,134168.9332303767
13034,57,3,76.10348010201874,76.10348010201874,10.0,8,14,2003,0.090799103,B,B,74,19083,2,900.0,5,15,B,233475.68843128928
1068,8,3,74.65045894705932,50.084349927200506,9.0,9,14,1977,0.458174486,B,A,26,4439,1,1130.0,1,5,B,335209.73535277497
4060,21,2,40.30206377940132,23.555039824988555,6.0,12,12,1967,0.194489265,B,B,47,8004,3,125.0,3,5,B,185476.04892148505
10172,49,2,46.10762482243888,30.868960889669108,5.0,8,9,1971,0.020741326,B,B,24,5613,5,1340.0,2,5,B,206186.92154371875
2591,39,2,44.20359188369447,30.19169130825261,6.0,9,9,1972,0.428825818,B,B,25,5011,8,730.0,0,2,B,200096.5840833557
12494,57,3,82.19384007275632,46.55584266648811,13.0,12,17,2000,0.090799103,B,B,74,19083,2,900.0,5,15,B,344067.1882414097
7828,73,2,64.8434123219766,33.05295515778192,12.0,5,5,1977,0.042031587,B,B,37,6856,84,1940.0,2,5,B,252252.40773091515
15284,17,1,35.943567788099706,23.834554880376125,5.0,3,5,1963,0.0,B,B,18,3374,5,620.0,1,2,B,151214.91264366225
7947,138,1,33.63414580341874,21.35605060781923,4.0,8,8,1964,0.313924552,B,B,22,4625,11,3855.0,2,10,B,178941.44374433835
16335,100,2,44.45974833505619,28.224575835913026,5.0,8,9,1968,0.200146802,B,B,23,3975,8,770.0,2,0,B,212241.05765251245
10234,85,3,75.21996279540963,44.76691275637115,10.0,11,16,1983,0.037177818,B,B,52,11217,1,2300.0,1,7,B,334539.759468721
2797,67,3,66.82232441471817,47.27325325875746,7.0,5,12,1978,0.100455735,B,B,43,7227,0,900.0,1,6,A,282062.5942432979
5341,37,3,60.95800242188577,44.14165802589019,6.0,5,9,1973,0.127811589,B,B,28,7287,5,320.0,1,3,B,243178.64616019465
3059,61,2,62.006502374981,38.822480460078665,10.0,16,25,2012,0.300322518,B,B,52,10311,6,900.0,1,9,B,281589.19497104763
1559,23,1,31.34243276966709,31.34243276966709,1.0,1,1,1977,0.034656082,B,B,0,168,0,900.0,0,0,B,85403.6070666318
15320,13,2,59.07511816936138,38.65334257809405,10.0,14,22,2001,0.133215333,B,B,49,11395,3,1406.0,3,4,A,264162.7416774226
10284,147,3,71.17908267917215,47.77935270114763,9.0,12,14,1974,0.319809354,B,B,25,4756,16,2857.0,5,8,B,293794.13544536824
4134,9,3,66.99652234085981,41.69985846886339,8.0,6,12,1980,0.136244425,B,B,11,2370,0,900.0,0,1,B,276439.5825561517
4481,1,3,82.64904012248999,42.25922436583136,11.0,5,18,2016,0.007122317,B,B,1,264,0,900.0,0,1,B,345055.08941963315
7222,62,2,73.94376825257649,37.578155570154046,13.0,11,17,2014,0.072157581,B,B,2,629,1,900.0,0,0,A,300125.5272830882
4062,167,1,45.87005337104834,21.962620045702263,12.0,10,12,1978,0.050272014,B,B,21,4231,14,1020.0,0,3,B,202932.35901019536
2192,27,1,83.35337853700794,32.772431056458856,1.0,1,1,1977,0.017647053,B,B,2,469,0,900.0,0,0,B,290022.3542210572
9637,27,2,76.22842921136498,32.772431056458856,1.0,7,15,1977,0.072157581,B,B,2,629,1,900.0,0,0,A,214039.44016901858
16236,94,1,45.79468156462576,21.998838846981386,7.0,16,17,2001,0.521867054,B,B,25,6149,0,900.0,0,0,B,164156.8832713387
4272,41,1,35.594601784206745,20.35820899575548,6.0,5,9,1977,6.99893e-05,B,B,46,10309,1,240.0,1,16,B,164987.50497520334
9406,34,2,64.6021863281613,58.20341460844112,10.0,23,25,2019,0.069753361,B,B,53,13670,4,900.0,1,11,B,277576.4974497792
14309,85,3,59.230430086244205,47.93450361784493,6.0,7,9,1979,0.037177818,B,B,52,11217,1,2300.0,1,7,B,239226.16798450067
1946,55,3,76.99346766547983,42.50614640010587,10.0,6,14,1998,0.041365446,B,B,31,5569,0,900.0,1,4,B,354221.5548465202
16235,55,2,56.567460574005366,36.72320689161747,9.0,16,17,1998,0.041365446,B,B,31,5569,0,900.0,1,4,B,251079.26110341828
7146,37,1,34.74905631977109,19.42780404139173,8.0,3,14,1974,0.127811589,B,B,28,7287,5,320.0,1,3,B,180798.89307024525
16784,34,2,53.34322005442467,33.39697850473532,8.0,1,14,1993,0.069753361,B,B,53,13670,4,900.0,1,11,B,216631.89543050886
349,34,3,88.13665051058642,85.27098850930966,10.0,12,25,2016,0.069753361,B,B,53,13670,4,900.0,1,11,B,299987.8353443015
6251,18,1,43.74482957400734,21.2705234941218,8.0,4,14,1988,0.0,B,B,30,5562,0,900.0,0,5,A,176570.88127993894
5128,66,3,76.99803337561625,49.2076523980588,8.0,3,5,1961,0.161975568,B,A,31,7010,5,4508.0,3,7,B,310672.1086993492
11718,1,2,55.34059302453474,32.772431056458856,1.0,8,17,1977,0.007122317,B,B,1,264,0,900.0,0,1,B,162844.27413496957
16721,23,2,53.71487366849416,53.71487366849416,6.233004930000002,1,1,1977,0.005767451,B,B,1,388,0,900.0,0,0,B,142393.52229521624
12517,25,2,52.45718812853449,33.138776629813684,8.0,3,14,1994,0.069753361,B,B,53,13670,4,900.0,1,11,B,228925.24785055456
15961,2,2,46.58879978093204,31.53435311451487,5.0,5,5,1969,0.309479124,B,B,35,7715,4,990.0,0,6,B,194478.6511264985
9428,80,1,36.54107365097619,22.335605087445146,6.0,1,9,1979,0.0,B,B,39,8647,0,810.0,0,5,B,159535.40832446562
14541,3,1,36.02730852083676,23.52769239139908,5.0,5,5,1970,0.265088676,B,B,37,5288,0,1937.0,3,2,B,149552.99208283596
10168,58,1,52.11562251563713,32.772431056458856,6.233004930000002,8,9,1977,0.43788524,B,B,23,5735,3,1084.0,0,5,B,119320.26075600101
11270,33,1,34.000645903387024,32.772431056458856,6.233004930000002,14,14,1977,0.236108458,B,B,16,3893,27,900.0,3,10,B,142064.91945504848
13210,93,2,65.97604034541183,38.47489822026113,10.0,7,24,2013,0.050900058,B,B,43,10621,1,30.0,2,3,B,286516.1208145926
11518,23,2,64.39343125239743,32.772431056458856,1.0,6,17,1977,0.075778755,B,B,6,1437,3,900.0,0,2,B,186705.15882912558
12612,27,2,60.98849587283957,33.646726123725394,6.233004930000002,5,17,2013,0.072157581,B,B,2,629,1,900.0,0,0,A,187880.33361322145
16352,23,2,56.06537189019497,54.815411805642434,1.0,6,17,2015,0.034656082,B,B,0,168,0,900.0,0,0,B,168688.20246014785
9935,27,2,42.25201301780088,42.25201301780088,10.0,15,17,2018,0.072157581,B,B,2,629,1,900.0,0,0,A,175542.8889255774
15521,72,3,67.61670453550299,40.21576540180365,8.0,9,9,1977,0.210473241,B,B,11,2398,2,1994.0,3,0,B,335521.10854169977
11482,8,2,47.78468689733569,29.63045607112053,6.0,2,9,1982,0.219006007,B,B,28,6746,3,900.0,1,4,B,198194.19501223
11443,130,1,32.9883493774982,22.304666495246323,7.0,7,9,1963,0.341071945,B,B,27,5664,48,2300.0,3,11,B,169540.92919714758
9459,187,2,54.26243479804574,31.59207711603836,11.0,13,14,2001,0.041116354,B,B,53,14892,4,900.0,1,4,B,248177.82844264584
9218,120,1,28.98265525429592,17.759626123188298,6.0,2,8,1962,0.341071945,B,B,27,5664,48,2300.0,3,11,B,180652.6204179102
854,58,1,42.38566594463822,20.46163237666417,9.0,9,10,2008,0.1489038909999999,B,B,9,1952,1,1430.0,3,2,B,178120.8618608623
5619,30,1,45.5497533000315,43.339849534400045,1.0,9,9,1977,7.81528e-05,B,B,22,6398,141,1046.0,3,23,B,150582.18089629392
9208,109,1,33.6246564708438,21.59975229046,5.0,6,9,1966,0.1363303,B,B,30,6141,10,262.0,3,6,B,158305.39578817468
4391,27,2,40.0254905290089,40.0254905290089,10.0,8,12,2016,0.072157581,B,B,2,629,1,900.0,0,0,A,196537.93026754016
15207,62,1,37.676875099089,21.00695295752595,6.0,2,9,1973,0.002211665,B,B,39,7614,3,900.0,1,5,A,172975.84721945916
7183,6,2,67.4670968043629,32.772431056458856,1.0,7,17,1977,0.243204519,B,B,5,1564,0,540.0,0,0,B,198694.4259430491
16442,6,3,82.92660486927781,32.772431056458856,6.233004930000002,8,17,1977,0.243204519,B,B,5,1564,0,540.0,0,0,B,228887.26099073238
7936,23,1,42.433915431779496,39.95955691843428,9.0,3,17,2015,0.034656082,B,B,0,168,0,900.0,0,0,B,133811.55552554227
10606,107,2,76.80042051888431,45.71092298306146,8.0,4,5,1935,0.174739084,B,B,17,3379,9,100.0,0,3,B,339111.22808095743
4979,44,1,32.99127328274289,25.16395937701384,5.0,9,9,1963,0.232205084,B,B,24,4860,1,80.0,0,3,B,162890.12206118277
4854,7,2,60.69826501126976,33.940843839373215,8.0,19,22,2009,0.035145267,B,B,42,9292,3,2620.0,0,3,B,255736.59110854912
16476,27,1,43.66506246962548,32.772431056458856,1.0,1,1,1977,0.072157581,B,B,2,629,1,900.0,0,0,A,136323.93671157188
10516,113,1,34.94243719675503,20.97707844442855,6.0,2,9,1972,0.050755569,B,B,24,5469,1,145.0,0,1,B,160218.46320989134
16261,62,4,66.52151027227471,50.922565674525615,5.0,8,9,1976,0.002211665,B,B,39,7614,3,900.0,1,5,A,288906.93347655976
90,51,3,75.40175367063244,52.9875244464296,4.0,2,6,1931,0.015016892,B,B,17,3079,59,2890.0,0,8,B,269209.72792350216
5433,55,1,41.868942179032935,22.828053299240192,8.0,14,14,1999,0.041365446,B,B,31,5569,0,900.0,1,4,B,178899.79677475683
14338,27,1,48.15957100067676,45.67607831130163,1.0,1,1,1977,0.072157581,B,B,2,629,1,900.0,0,0,A,149937.08325116552
13487,30,3,80.36115318461856,79.79373209382756,1.0,14,17,1977,7.81528e-05,B,B,22,6398,141,1046.0,3,23,B,239548.39591136252
8211,48,3,98.29220513606737,98.29220513606737,1.0,1,1,2017,0.041124634,B,B,46,9515,5,900.0,1,10,B,421763.7122366356
170,6,2,52.51330992401352,52.51330992401352,1.0,17,17,2014,0.243204519,B,B,5,1564,0,540.0,0,0,B,174619.5902991159
14051,27,1,41.79470646831631,38.47119303069727,1.0,16,19,1977,0.211401214,B,B,9,1892,0,900.0,0,1,B,129904.84434641579
10686,40,2,49.63912673136277,33.59330479506131,5.0,5,5,1962,0.210473241,B,B,11,2398,2,1994.0,3,0,B,185960.4461063055
7595,28,2,66.51211234971221,33.14612752836327,10.0,9,23,2009,0.333891544,B,B,30,6564,1,900.0,0,0,B,298340.5794231784
6777,5,3,100.54667051636532,58.492936397264494,12.0,15,17,2019,0.150817539,B,B,16,3433,4,2643.0,4,5,B,414323.9608536112
14661,27,2,67.47021920374242,32.28464194468871,1.0,1,1,1977,0.017647053,B,B,2,469,0,900.0,0,0,B,196906.45722406986
13991,22,3,74.84868812363966,46.46237723081765,10.0,16,17,1989,0.133215333,B,B,49,11395,3,1406.0,3,4,A,315467.33470839565
16795,3,2,42.36696712761096,30.42937703866629,5.0,4,5,1968,0.265088676,B,B,37,5288,0,1937.0,3,2,B,195585.29295282412
2740,27,1,45.07973134965165,45.07973134965165,10.0,15,17,2015,0.072157581,B,B,2,629,1,900.0,0,0,A,173971.88423384915
7368,73,2,57.44144338048883,33.81518144039797,8.0,8,8,1963,0.042031587,B,B,37,6856,84,1940.0,2,5,B,287087.2336572673
2413,12,2,58.42616851253392,34.36664045343042,9.0,7,17,1993,0.090799103,B,B,74,19083,2,900.0,5,15,B,261193.81962762875
1852,59,3,100.46240725809608,100.46240725809608,6.233004930000002,20,20,2015,0.019508796,B,B,37,7687,11,176.0,5,5,B,450877.95121874474
15200,101,4,101.4372323413303,72.9670852054457,8.0,4,5,1960,0.225824954,A,B,41,6558,7,1548.0,3,2,B,400775.6739844917
8467,8,3,74.48213386679768,45.64719995357787,9.0,16,17,1986,0.092290642,B,B,21,4346,2,165.0,1,2,B,326876.02836881625
16379,168,2,55.02318114508318,30.94001018913409,7.0,2,5,1926,0.341071945,B,B,27,5664,48,2300.0,3,11,B,245303.09220683007
3375,9,2,61.79563588516488,32.772431056458856,1.0,1,1,1977,0.161531741,B,B,25,5648,1,30.0,2,4,B,230796.83208107098
5945,20,3,105.67805518215654,64.12309516537597,14.0,13,17,2012,0.019508796,B,B,37,7687,11,176.0,5,5,B,520492.6948016066
2641,30,2,68.68285775864122,32.772431056458856,1.0,12,12,2016,7.81528e-05,B,B,22,6398,141,1046.0,3,23,B,196450.1687600232
2837,77,3,82.95303847725529,50.88722039442873,8.0,3,12,1982,6.99893e-05,B,B,46,10309,1,240.0,1,16,B,307711.80884803185
3498,61,3,55.90176333745461,37.0475336969264,6.0,1,9,1978,0.300322518,B,B,52,10311,6,900.0,1,9,B,221116.50539683833
10876,27,1,43.02532858439736,22.83794660608208,8.0,7,10,2010,0.041116354,B,B,53,14892,4,900.0,1,4,B,171007.68231851113
1285,5,2,47.9609512184439,29.942011458499927,5.0,6,12,1977,0.150817539,B,B,16,3433,4,2643.0,4,5,B,208551.7905637489
9285,74,2,75.45352967383243,32.772431056458856,1.0,5,17,1977,0.075778755,B,B,6,1437,3,900.0,0,2,B,206794.98004188153
4015,34,3,83.47455489160984,48.17824109183904,8.0,4,12,2000,0.069753361,B,B,53,13670,4,900.0,1,11,B,320819.2055590923
2526,28,1,44.97697542948097,23.877165513034463,8.0,4,14,1990,0.118537385,B,B,30,6207,1,1183.0,1,0,B,181406.73664557879
7814,139,1,43.30422228702753,17.906761313805386,8.0,9,9,2006,0.122090347,B,B,29,6566,7,1894.0,4,0,B,180163.39171848947
7117,115,2,49.93497480720345,32.57963489819039,8.0,3,12,1969,1.8e-09,B,B,16,3681,73,1815.0,2,5,B,230232.62750292887
12359,27,1,46.75054924559153,32.772431056458856,6.233004930000002,13,13,1977,0.211401214,B,B,9,1892,0,900.0,0,1,B,170752.37911061812
3303,74,2,80.52475085302316,32.772431056458856,6.233004930000002,5,13,1977,0.309479124,B,B,35,7715,4,990.0,0,6,B,236224.25674359576
13874,94,2,48.68620039967849,32.00626444422248,6.0,10,12,1975,0.521867054,B,B,25,6149,0,900.0,0,0,B,210682.03365429596
5484,88,1,41.49390098645369,32.772431056458856,1.0,17,17,1977,0.127375905,B,B,43,8429,3,900.0,3,9,B,128046.1136918364
15067,1,1,39.475796536491,23.098055032484663,8.0,12,17,1992,0.025609157,B,B,33,5261,0,240.0,3,1,B,183516.72924804798
12639,32,2,46.44711483505979,27.099421525483933,6.0,4,9,1972,0.135649789,B,B,46,7960,6,350.0,3,11,B,204672.39071090132
3388,85,3,62.3049018403119,38.24230593503783,6.0,8,9,1979,0.037177818,B,B,52,11217,1,2300.0,1,7,B,241720.68650390167
4256,53,1,41.42639923761112,19.35909745175071,8.0,15,16,1981,0.049637257,B,B,34,7759,0,229.0,1,3,B,172658.821159986
15738,129,1,42.76529160153119,17.890622860343804,8.0,7,22,2012,0.020741326,B,B,24,5613,5,1340.0,2,5,B,200737.46233188457
14049,58,2,45.91764782201653,31.72984793322341,5.0,1,9,1971,0.050755569,B,B,24,5469,1,145.0,0,1,B,186453.67713269347
15780,29,2,39.30487715687144,23.84721954763169,7.0,9,9,1967,0.069660344,B,B,31,6119,4,900.0,1,2,B,224324.89112146414
9564,96,1,41.47248149427757,23.16199005206589,8.0,12,17,1996,0.041116354,B,B,53,14892,4,900.0,1,4,B,182984.0424444709
11910,77,2,48.73199184003237,34.201421005316604,6.0,3,12,1975,6.99893e-05,B,B,46,10309,1,240.0,1,16,B,196572.49723856736
11315,30,3,93.2013958849758,32.772431056458856,1.0,2,2,2017,7.81528e-05,B,B,22,6398,141,1046.0,3,23,B,196290.00141262374
1733,93,1,40.52656590700193,20.994750725794823,7.0,15,17,2003,0.521867054,B,B,25,6149,0,900.0,0,0,B,175750.05107046143
3910,20,2,58.760572045562384,31.51307291928676,9.0,13,23,2006,0.019508796,B,B,37,7687,11,176.0,5,5,B,277826.61787831155
7552,108,3,76.58325194467727,55.91370745606949,1.0,2,8,1959,0.0,B,B,25,5027,4,46.0,1,1,B,269689.4237192019
254,15,1,53.3726503407478,22.832989521243533,11.0,11,17,2007,0.158249043,B,B,21,5731,0,900.0,1,0,B,206719.31193703285
5222,8,2,55.47519848118741,34.40189666042161,8.0,11,12,1987,0.43788524,B,B,23,5735,3,1084.0,0,5,B,237238.80592436585
8314,53,2,49.748026544464246,32.01304652042161,5.0,8,9,1968,0.313924552,B,B,22,4625,11,3855.0,2,10,B,209607.3269117038
16743,123,1,51.43853670866861,26.06612960603785,13.0,15,17,2004,0.0,B,B,6,2733,0,920.0,0,4,B,198302.5396250285
10335,27,1,29.66689546137525,18.00869389029555,6.0,5,5,1979,0.07542368,B,B,11,3097,0,900.0,0,0,B,153624.82124414903
8226,1,3,78.95741488093566,46.03739023922866,10.0,5,17,1989,0.025609157,B,B,33,5261,0,240.0,3,1,B,353620.96130685636
12254,45,1,39.58597946776947,39.512575423856894,9.0,5,17,2017,0.195781053,B,B,23,5212,6,900.0,3,2,B,140418.64478257
13152,99,2,56.793832659775646,38.92873452892562,6.0,9,9,1973,0.012338886,B,B,35,5776,1,2078.0,2,4,B,208845.2295860904
15020,61,2,41.66545771486654,24.84290619459302,6.0,5,14,1980,0.300322518,B,B,52,10311,6,900.0,1,9,B,202549.8208456749
16349,160,2,52.19851224237586,32.0012543761078,8.0,4,16,1986,0.0,B,B,39,8647,0,810.0,0,5,B,235778.95082243043
11924,45,1,31.772402958121138,19.530045971306823,5.0,5,5,1964,0.014423114,B,B,19,3806,4,900.0,0,3,B,156907.08412980742
12543,13,1,39.90591905013406,22.841937725802868,10.0,18,22,1999,0.090799103,B,B,74,19083,2,900.0,5,15,B,186439.3241745761
14114,138,2,49.20656626332695,32.83257397662646,6.0,5,9,1976,0.1363303,B,B,30,6141,10,262.0,3,6,B,198707.18267913544
12318,11,3,66.52409810232976,63.20275192092185,7.0,7,12,1975,0.0001696759999999,B,B,36,5992,0,900.0,1,1,B,280934.75700039545
15383,61,2,44.30863623532426,28.23733450104515,5.0,3,3,1961,0.298204575,B,B,16,4048,3,900.0,1,3,B,161558.72274564914
6679,93,3,136.2977509264921,32.772431056458856,1.0,4,17,1977,0.004949358,B,B,0,186,0,900.0,0,0,B,312684.1340681415
635,34,1,33.74211915240898,33.33656548978688,1.0,1,1,2018,0.069753361,B,B,53,13670,4,900.0,1,11,B,120418.19863648534
15993,86,3,60.68475162476835,41.8223181844994,5.0,9,9,1973,0.161975568,B,A,31,7010,5,4508.0,3,7,B,230833.28873588704
11375,130,1,40.82858950829207,20.717105960720488,8.0,3,9,1964,0.341071945,B,B,27,5664,48,2300.0,3,11,B,170715.94463095654
11216,9,2,62.218081990980686,32.772431056458856,1.0,6,18,1977,0.161531741,B,B,25,5648,1,30.0,2,4,B,182053.98706785767
15401,13,2,51.39579121978623,32.650826018825995,8.0,6,17,2001,0.090799103,B,B,74,19083,2,900.0,5,15,B,230829.48924079712
11301,62,2,51.21539058108344,30.222153518904705,7.0,3,12,1980,0.386771659,B,B,5,1135,0,900.0,0,0,A,232609.62573579964
13804,103,3,60.00717668229641,44.698299591186206,5.0,4,10,1971,0.014423114,B,B,19,3806,4,900.0,0,3,B,246724.92803499504
10839,81,2,48.56876995813277,34.747282495930754,5.0,5,5,1964,0.006076152,B,B,30,5285,0,645.0,6,6,B,182581.9773221399
1588,34,3,83.39982784722473,45.49308652179234,9.0,4,22,1996,0.069753361,B,B,53,13670,4,900.0,1,11,B,366769.1581848201
3596,41,2,45.06980131088211,28.78009440577341,5.0,9,9,1969,0.175054867,B,B,36,10055,3,900.0,1,0,B,205107.2871614264
5816,8,2,46.1134724644221,33.406669594678405,5.0,5,5,1971,0.43788524,B,B,23,5735,3,1084.0,0,5,B,177455.86169076237
8099,1,1,40.57502850132533,40.57502850132533,1.0,6,17,1977,0.007122317,B,B,1,264,0,900.0,0,1,B,133578.5296195046
6551,3,2,48.753300065115255,31.232639242735125,9.0,13,14,1973,0.050900058,B,B,43,10621,1,30.0,2,3,B,248581.8627536129
14075,64,4,101.2380994821876,63.780337112605686,10.0,13,22,2002,0.135649789,B,B,46,7960,6,350.0,3,11,B,462361.8491900184
13431,85,2,48.03309698470909,30.863543930242084,6.0,3,9,1977,0.037177818,B,B,52,11217,1,2300.0,1,7,B,200631.6194712719
9481,124,3,65.31584938474157,40.72731920547629,8.0,5,9,1978,0.16909109,B,B,19,3856,10,900.0,2,5,B,280023.93835503364
5295,1,1,42.62820493540221,22.83809642623712,8.0,4,17,1990,0.025609157,B,B,33,5261,0,240.0,3,1,B,179106.9306414954
15859,13,3,82.31104819265433,45.73843640064102,12.0,12,17,2001,0.090799103,B,B,74,19083,2,900.0,5,15,B,350789.1901349994
10634,169,3,90.4092500741474,86.15461271620632,1.0,3,3,2017,0.178916796,B,B,18,3594,4,192.0,1,5,B,238196.78334356454
444,32,1,42.078904058812135,21.307854788348827,8.0,13,25,1991,0.135649789,B,B,46,7960,6,350.0,3,11,B,190812.97099088065
11686,13,2,62.74593924762932,37.56275410689651,10.0,8,16,1981,0.090799103,B,B,74,19083,2,900.0,5,15,B,295888.9406306702
1213,6,3,76.88427810837435,32.772431056458856,1.0,13,17,1977,0.243204519,B,B,5,1564,0,540.0,0,0,B,222520.04038266907
13970,8,1,49.80697557729386,45.91082506558675,1.0,32,32,2009,0.092290642,B,B,21,4346,2,165.0,1,2,B,162203.4494953704
6849,33,3,95.36272463496312,32.772431056458856,6.233004930000002,16,17,1977,0.236108458,B,B,16,3893,27,900.0,3,10,B,412032.0032694186
9911,115,1,39.592075945759184,23.64859343504583,9.0,11,12,1971,1.8e-09,B,B,16,3681,73,1815.0,2,5,B,179357.30102636173
5649,6,2,53.6965264452508,14.525565550611796,9.0,14,17,2014,0.243204519,B,B,5,1564,0,540.0,0,0,B,272360.41916179727
7184,185,2,54.49277755096296,30.40022695400813,9.0,17,17,2004,0.025609157,B,B,33,5261,0,240.0,3,1,B,255043.3051339531
5877,77,3,69.11237658981862,43.37663288116915,8.0,4,16,1978,6.99893e-05,B,B,46,10309,1,240.0,1,16,B,280829.7565632822
1655,95,1,44.94350122950068,32.772431056458856,6.233004930000002,4,13,1977,0.0006991189999999,B,B,14,3369,24,4129.0,0,3,B,130785.75942086264
15301,107,2,39.77720097603597,25.89793944019036,5.0,4,9,1966,0.174739084,B,B,17,3379,9,100.0,0,3,B,186826.0249447366
12389,27,3,99.6149063275124,32.772431056458856,1.0,10,16,2016,0.072157581,B,B,2,629,1,900.0,0,0,A,322318.32544866344
5241,46,3,67.52883809870292,48.13048682600203,5.0,7,9,1968,0.0,B,B,47,11319,0,1145.0,3,5,B,283237.81953548384
7048,75,1,32.818082647218496,19.213318712173,5.0,3,14,1965,0.122090347,B,B,29,6566,7,1894.0,4,0,B,161664.22350677694
10574,23,3,66.47191800762235,64.60692391242944,1.0,1,1,2017,0.034656082,B,B,0,168,0,900.0,0,0,B,132101.9663824128
8593,1,2,47.851365072771394,33.667048014240216,6.0,5,12,1983,0.059456227,B,B,1,362,0,900.0,0,0,B,205276.1461332358
4752,87,1,39.848351944261815,21.247441062324828,8.0,17,17,1988,0.100455735,B,B,43,7227,0,900.0,1,6,A,177564.94948202744
14663,80,1,40.29627926147378,19.26128240163941,9.0,21,22,1988,0.0,B,B,39,8647,0,810.0,0,5,B,189843.78317964385
10994,62,3,89.50345887760139,89.50345887760139,1.0,5,12,1977,0.072157581,B,B,2,629,1,900.0,0,0,A,268660.9677902175
87,23,1,37.23558744603266,32.772431056458856,1.0,3,3,1977,0.005767451,B,B,1,388,0,900.0,0,0,B,100030.67077054348
5132,6,1,39.35238606819616,32.772431056458856,1.0,1,1,1977,0.243204519,B,B,5,1564,0,540.0,0,0,B,118216.09588808574
6372,155,2,78.16550988157199,51.01409432177668,10.0,5,5,1914,0.042307271,B,B,17,2810,9,4849.0,3,6,B,360872.6345443773
7411,88,2,65.73780079138041,37.92760162421335,12.0,14,17,2008,0.127375905,B,B,43,8429,3,900.0,3,9,B,239701.7873624956
3319,48,2,50.62700649726228,48.79007897495828,6.0,12,12,1981,0.041124634,B,B,46,9515,5,900.0,1,10,B,203984.14225405455
9355,58,1,36.661313849706985,22.48330909595832,6.0,3,9,1972,0.31019913,B,B,11,2748,1,900.0,0,0,B,158754.29053353576
5139,34,2,59.92774490501757,32.772431056458856,1.0,1,1,2014,0.069753361,B,B,53,13670,4,900.0,1,11,B,224613.19700234977
56,8,2,65.81016592669467,36.66376811484208,12.0,4,17,2006,0.092290642,B,B,21,4346,2,165.0,1,2,B,253957.1786575461
3249,70,1,36.04589052068201,21.59877795600963,7.0,8,9,1974,0.002211665,B,B,39,7614,3,900.0,1,5,A,166476.94666780927
5047,23,1,39.36140692667142,23.16016645967436,10.0,5,15,2017,0.034656082,B,B,0,168,0,900.0,0,0,B,178245.16932369213
13238,74,3,119.6074819504299,32.772431056458856,10.0,8,12,2017,0.075778755,B,B,6,1437,3,900.0,0,2,B,418059.30928762717
2190,18,3,77.29932268221367,45.38316355955875,10.0,16,17,1986,0.0,B,B,30,5562,0,900.0,0,5,A,350081.5348302123
15599,6,2,61.443165244106034,61.443165244106034,1.0,5,17,2016,0.243204519,B,B,5,1564,0,540.0,0,0,B,184672.80666138622
6542,6,2,55.84996524830046,33.65861645540995,9.0,13,17,2016,0.243204519,B,B,5,1564,0,540.0,0,0,B,257620.21795247187
1968,27,2,138.0391817134653,92.4840984101504,42.0,3,3,2016,0.014072961,B,B,2,475,0,900.0,0,0,B,238657.46422609512
5630,23,3,75.68849618268635,44.72851921369121,11.0,4,17,2014,0.075778755,B,B,6,1437,3,900.0,0,2,B,323957.5361751582
9157,58,3,94.87627719930524,32.772431056458856,6.233004930000002,3,3,1977,0.43788524,B,B,23,5735,3,1084.0,0,5,B,236160.36821699943
789,67,1,47.660240117006,32.772431056458856,1.0,12,22,1977,0.0077202819999999,B,B,38,4788,2,900.0,0,4,B,153127.2607536196
1413,57,3,68.39393724483394,41.20837672231794,8.0,7,12,1982,0.133215333,B,B,49,11395,3,1406.0,3,4,A,302055.8878463552
12514,24,3,58.3500678601626,39.05563249801909,6.0,5,5,1959,0.111627393,B,B,50,12238,8,1970.0,2,3,B,206726.3041478803
13459,1,1,40.0929429686836,32.772431056458856,1.0,6,17,1977,0.007122317,B,B,1,264,0,900.0,0,1,B,131006.34751551796
1345,53,3,50.83773395507631,38.097690231171626,5.0,8,9,1969,0.049637257,B,B,34,7759,0,229.0,1,3,B,235350.2096494528
4034,111,2,46.9177295096103,33.15402533710506,5.0,5,5,1969,0.135649789,B,B,46,7960,6,350.0,3,11,B,182543.42846883577
15169,21,1,34.0937923976645,20.20685174742564,6.0,8,9,1972,0.194489265,B,B,47,8004,3,125.0,3,5,B,153633.09789556236
6770,74,2,81.33754907072266,32.772431056458856,1.0,1,1,1977,0.075778755,B,B,6,1437,3,900.0,0,2,B,257357.40532964296
3334,120,1,33.50706978317867,22.23001890664497,5.0,2,9,1972,0.341071945,B,B,27,5664,48,2300.0,3,11,B,159380.19990071259
12998,139,1,35.156709374129946,23.70640632778112,5.0,3,5,1964,0.122090347,B,B,29,6566,7,1894.0,4,0,B,155116.68859022175
15870,44,2,54.30058654863748,33.52509646552473,8.0,2,14,1990,0.036122292,B,B,24,4378,0,1036.0,1,1,B,218670.28470484458
1871,1,1,48.61324993667937,32.772431056458856,1.0,13,16,2015,0.007122317,B,B,1,264,0,900.0,0,1,B,159898.86313473244
5770,140,1,31.40718144147225,17.914113959375094,6.233004930000002,5,5,1962,0.0,B,B,33,7425,1,900.0,2,5,B,143833.15513514634
13196,23,3,70.41757284325949,32.772431056458856,1.0,1,1,1977,0.005767451,B,B,1,388,0,900.0,0,0,B,158065.69808889562
7633,53,1,40.67562653962813,32.772431056458856,1.0,21,21,1977,0.049637257,B,B,34,7759,0,229.0,1,3,B,171391.90281915772
10699,5,2,43.80717698785416,29.39249886010355,5.0,7,9,1971,0.150817539,B,B,16,3433,4,2643.0,4,5,B,206256.36903030478
15470,55,2,46.72095454788978,31.92912972928504,6.0,7,9,1972,0.012338886,B,B,35,5776,1,2078.0,2,4,B,208909.06103819035
1903,113,4,118.55824526655924,72.28271982485683,10.0,16,17,2001,0.060753049,B,B,15,2787,2,520.0,0,7,B,518368.61755837774
13860,176,2,56.3910159448731,35.832227756663215,7.0,1,5,1960,0.08761909,B,B,8,1497,5,900.0,1,0,B,231135.0865096981
7649,30,2,54.10198716813146,29.903354304528506,7.0,4,4,1952,7.81528e-05,B,B,22,6398,141,1046.0,3,23,B,185995.3904288842
11043,14,2,43.48959419399233,30.419860426307466,5.0,4,5,1963,0.042031587,B,B,37,6856,84,1940.0,2,5,B,192654.91333218003
2922,111,1,39.172503595354,22.666167332947094,10.0,21,22,2006,0.093442564,B,B,23,4635,5,3300.0,2,4,B,184731.73650961556
7538,43,3,63.79065568643842,46.051306898695394,4.0,4,7,1930,0.212515361,B,B,19,3293,16,628.0,3,7,B,304810.0685099453
9477,27,1,36.61937467826312,32.772431056458856,8.0,16,25,2017,0.072157581,B,B,2,629,1,900.0,0,0,A,131263.0708925497
117,59,4,121.22525035713664,121.22525035713664,1.0,1,1,2016,0.0,B,B,18,3374,5,620.0,1,2,B,483492.9057053479
1457,94,2,57.97217487994431,33.424595067232595,9.0,9,17,1983,0.282797669,B,B,33,8667,2,900.0,0,6,B,266272.0827205522
7082,41,1,38.64798060699438,18.87109514957072,9.0,1,12,1980,0.175054867,B,B,36,10055,3,900.0,1,0,B,165102.0195716065
3053,13,2,60.13069105329036,36.15545735005247,10.0,10,14,1998,0.090799103,B,B,74,19083,2,900.0,5,15,B,284728.9103296414
12522,27,1,44.8544491057594,42.761060843949046,6.233004930000002,14,22,1977,0.211401214,B,B,9,1892,0,900.0,0,1,B,185931.67437452648
5744,73,2,74.48878941919456,73.45254375840125,1.0,4,17,2017,0.042031587,B,B,37,6856,84,1940.0,2,5,B,192268.10285864913
13566,141,3,67.09662526343965,47.496636301009005,7.0,1,5,1953,0.0006991189999999,B,B,14,3369,24,4129.0,0,3,B,234448.00764780428
1464,27,1,44.857082527189895,20.844764078263527,12.0,1,1,1977,0.017647053,B,B,2,469,0,900.0,0,0,B,169683.51349768843
3852,58,1,49.90641027517503,32.772431056458856,1.0,1,1,2018,0.43788524,B,B,23,5735,3,1084.0,0,5,B,155276.61632618634
9557,24,2,50.75225063303423,31.094334443232512,6.0,5,5,1960,0.111627393,B,B,50,12238,8,1970.0,2,3,B,205083.99154086463
14719,31,3,76.4358402249719,41.34873269477322,10.0,1,9,2002,0.151346216,B,A,32,5889,10,830.0,4,1,B,311909.303863849
13978,30,1,39.877152334710296,32.772431056458856,1.0,17,17,1977,7.81528e-05,B,B,22,6398,141,1046.0,3,23,B,131177.84575593175
3286,94,1,32.646326121498326,20.94696327208617,6.0,9,9,1971,0.282797669,B,B,33,8667,2,900.0,0,6,B,159964.69654309412
13019,61,3,80.24691727918831,44.63365268207421,9.0,9,22,1997,0.300322518,B,B,52,10311,6,900.0,1,9,B,341351.42646249826
1421,164,1,34.961943018409784,21.209560286798943,5.0,2,5,1965,0.486245621,B,B,13,2514,19,900.0,0,6,B,159980.4420194878
13502,75,1,39.5059260782714,21.97881527681596,9.0,11,12,1972,0.307466659,B,A,30,5048,9,325.0,2,5,B,177688.43981975972
14811,58,1,41.05789525897194,32.772431056458856,1.0,17,17,1977,0.43788524,B,B,23,5735,3,1084.0,0,5,B,127723.08663780737
9297,148,2,61.87886298833217,35.836544214024634,10.0,4,17,1986,0.313924552,B,B,22,4625,11,3855.0,2,10,B,269268.55594400567
7749,119,3,109.36999965088243,35.309621720079065,11.0,7,24,2000,0.000995363,B,B,42,7651,1,900.0,1,5,B,452977.4133685839
16555,1,1,38.40776281943658,32.772431056458856,1.0,13,17,1977,0.007122317,B,B,1,264,0,900.0,0,1,B,128427.39039100123
14576,103,1,39.17277541783278,20.97075473402477,10.0,3,12,1966,0.014423114,B,B,19,3806,4,900.0,0,3,B,177496.6957317186
12766,74,1,46.238972132148206,32.772431056458856,10.0,8,20,1977,0.075778755,B,B,6,1437,3,900.0,0,2,B,177909.43346314927
4679,30,2,33.44430622348324,30.72658478561685,5.0,5,5,1968,7.81528e-05,B,B,22,6398,141,1046.0,3,23,B,179327.2218165401
10033,167,1,35.677794131006095,20.883123478274268,9.0,10,12,1970,0.051942062,B,B,17,4017,7,800.0,2,0,B,175969.8265224503
11231,73,2,45.80427563610765,31.24890218305908,5.0,5,5,1966,0.042031587,B,B,37,6856,84,1940.0,2,5,B,196130.47109034937
15112,29,1,34.656803685075964,25.225470035695785,1.0,10,14,2011,0.069660344,B,B,31,6119,4,900.0,1,2,B,153273.87046465348
10617,6,2,65.7063870935295,32.772431056458856,1.0,1,1,2014,0.243204519,B,B,5,1564,0,540.0,0,0,B,213394.48919602207
2175,67,1,39.477852282587726,24.18916845339972,6.0,5,9,1978,0.100455735,B,B,43,7227,0,900.0,1,6,A,168573.4648422288
16502,69,3,126.12112341939944,69.58889280809754,15.0,16,16,2011,0.000991363,B,B,33,6783,3,900.0,1,9,B,394489.41322150646
10106,46,1,40.21102816035786,22.73256113370068,10.0,7,22,1991,0.188783766,B,B,31,6137,4,900.0,0,1,B,190116.16343316677
12561,75,1,35.848849660420115,20.119875206018804,5.0,5,5,1972,0.122090347,B,B,29,6566,7,1894.0,4,0,B,145443.0444105093
15907,28,2,66.09687045897815,32.87777769706308,10.0,13,23,2009,0.333891544,B,B,30,6564,1,900.0,0,0,B,271639.3586773281
8069,23,1,44.904578645553904,32.772431056458856,1.0,20,25,1977,0.075778755,B,B,6,1437,3,900.0,0,2,B,130348.8645154942
8316,6,1,38.3333285687248,32.772431056458856,6.233004930000002,7,17,1977,0.243204519,B,B,5,1564,0,540.0,0,0,B,128450.18505005952
12343,13,2,55.63884113874912,34.071084858129375,9.0,16,17,2000,0.090799103,B,B,74,19083,2,900.0,5,15,B,259042.30672656358
12092,60,1,25.340573566687706,15.273213897181597,5.0,6,9,1965,0.341071945,B,B,27,5664,48,2300.0,3,11,B,130111.67847136661
1527,151,1,34.815008019726854,18.14997183539917,5.0,3,5,1966,0.236108458,B,B,16,3893,27,900.0,3,10,B,156910.85595553138
10010,58,3,89.86859836253548,87.4593218011169,6.233004930000002,9,13,1977,0.43788524,B,B,23,5735,3,1084.0,0,5,B,270988.19377243216
655,23,1,43.01731875778312,21.77637071863657,10.0,13,25,2013,0.075778755,B,B,6,1437,3,900.0,0,2,B,176235.2414870546
10549,58,1,35.82748435373208,18.05826817347377,6.0,12,12,1981,0.43788524,B,B,23,5735,3,1084.0,0,5,B,179932.90100551126
3248,23,1,42.78899856535124,42.78899856535124,6.233004930000002,3,17,1977,0.075778755,B,B,6,1437,3,900.0,0,2,B,133535.67566347032
13499,21,2,64.77691626352801,34.182155667323165,12.0,17,17,2007,0.034331497,B,B,25,5487,3,900.0,0,4,B,187368.1959009703
14959,1,2,64.11244079029989,32.772431056458856,1.0,13,17,1977,0.007122317,B,B,1,264,0,900.0,0,1,B,184533.08862051633
6070,88,1,35.11884486509353,23.02963223605403,5.0,6,9,1975,0.127375905,B,B,43,8429,3,900.0,3,9,B,165042.80067185362
11360,27,3,80.73977136034544,44.30166613225831,11.0,5,17,2007,0.07542368,B,B,11,3097,0,900.0,0,0,B,284755.72847974615
12102,6,3,74.07253411568502,32.772431056458856,6.233004930000002,13,13,1977,0.243204519,B,B,5,1564,0,540.0,0,0,B,271652.1929602234
11870,185,3,76.54322466475195,47.531757781573006,10.0,5,17,1991,0.025609157,B,B,33,5261,0,240.0,3,1,B,304500.8492025911
3713,93,1,45.955517773352135,19.42257578651241,1.0,3,21,2018,0.004949358,B,B,0,186,0,900.0,0,0,B,152373.7467277011
3230,39,1,35.85282551954758,20.360901610753675,5.0,5,5,1976,0.428825818,B,B,25,5011,8,730.0,0,2,B,157090.1668575922
7742,55,2,54.75165696064707,33.426666924130146,8.0,3,14,1996,0.041365446,B,B,31,5569,0,900.0,1,4,B,230477.5500396581
15092,34,3,84.91865614321237,32.772431056458856,10.0,14,20,1977,0.069753361,B,B,53,13670,4,900.0,1,11,B,295118.28497412574
8728,109,2,58.10522563607446,32.772431056458856,9.0,1,12,1977,0.093442564,B,B,23,4635,5,3300.0,2,4,B,209275.10448436704
3386,27,2,58.45424202659886,32.772431056458856,8.0,11,12,1977,0.011654127,B,B,4,915,0,900.0,0,0,B,229440.44770469287
9409,8,1,33.77103192610992,21.58666277754625,6.0,6,9,1971,0.458174486,B,A,26,4439,1,1130.0,1,5,B,157095.63139978013
16545,25,2,62.331385264356506,32.772431056458856,6.233004930000002,14,25,1977,0.069753361,B,B,53,13670,4,900.0,1,11,B,193038.82435882345
3127,11,1,39.3404853038446,20.961454651028266,8.0,5,12,1976,0.0001696759999999,B,B,36,5992,0,900.0,1,1,B,176794.17166544776
11344,3,1,40.146638180950106,19.533406721088816,8.0,4,16,1980,0.265088676,B,B,37,5288,0,1937.0,3,2,B,180648.0845390141
2112,39,3,57.2934574190353,39.72928154859253,5.0,3,9,1970,0.428825818,B,B,25,5011,8,730.0,0,2,B,247404.58696877566
7310,31,2,44.21664175571382,29.838412517646034,5.0,5,5,1960,0.151346216,B,A,32,5889,10,830.0,4,1,B,187937.091810535
6313,1,3,80.67710601424461,52.902188816139,10.0,9,17,2014,0.007122317,B,B,1,264,0,900.0,0,1,B,341002.6972423507
3681,111,3,79.434938829636,53.210317202662814,8.0,6,12,1987,0.093442564,B,B,23,4635,5,3300.0,2,4,B,337807.93236469367
5114,98,3,84.65158951178083,57.82056566658318,9.0,7,8,1963,0.195781053,B,B,23,5212,6,900.0,3,2,B,412662.1720132005
270,83,1,32.287884366667484,18.334036634115648,6.0,8,9,1973,0.0077202819999999,B,B,38,4788,2,900.0,0,4,B,162465.0205292939
14350,6,2,63.95471097180236,32.772431056458856,1.0,1,1,2014,0.243204519,B,B,5,1564,0,540.0,0,0,B,184614.91603660517
12223,53,3,77.99182738418466,48.48124954632401,10.0,9,16,1982,0.049637257,B,B,34,7759,0,229.0,1,3,B,340664.721540534
1066,79,2,44.01226548475897,29.397664376825013,5.0,2,5,1969,0.307466659,B,A,30,5048,9,325.0,2,5,B,174947.77117642306
16116,76,3,75.59234417009354,46.557785061464,10.0,7,16,1979,0.0,B,B,7,1660,39,1786.0,1,5,B,327250.4828924259
11410,108,3,81.98501504747095,55.909985184348905,8.0,4,9,1957,0.0,B,B,25,5027,4,46.0,1,1,B,458562.3739800523
4088,22,1,39.67093816820002,18.675235138833447,9.0,9,20,2013,0.118537385,B,B,30,6207,1,1183.0,1,0,B,188922.69462628246
5956,119,1,45.312894505269696,22.34948535197472,10.0,13,14,2010,0.000995363,B,B,42,7651,1,900.0,1,5,B,159967.85019825754
14669,75,1,28.76735283810825,16.443666056432008,5.0,4,9,1979,0.307466659,B,A,30,5048,9,325.0,2,5,B,147460.30905966033
13871,58,1,35.14906993007037,17.498458357548778,7.0,9,9,1969,0.1489038909999999,B,B,9,1952,1,1430.0,3,2,B,180070.67883333453
4126,21,2,53.53522572813704,33.068450951272894,9.0,12,17,1988,0.034331497,B,B,25,5487,3,900.0,0,4,B,227067.52294512742
12114,75,2,48.97394533059013,45.54140849477273,6.0,4,9,1967,0.122090347,B,B,29,6566,7,1894.0,4,0,B,202441.1536723892
16607,2,1,35.79617975832756,22.17900619136493,5.0,6,9,1967,0.0,B,B,33,7425,1,900.0,2,5,B,164805.8394920486
4266,194,2,41.14129741564857,23.9605438609812,6.0,10,12,1973,0.174739084,B,B,17,3379,9,100.0,0,3,B,186345.2776319724
13518,26,2,48.50786205935908,30.48039627684409,5.0,4,12,1967,0.0,B,B,36,6714,2,2672.0,0,2,B,206143.1751497072
11856,25,2,74.3768153068767,44.4882555301778,5.0,4,25,2006,0.069753361,B,B,53,13670,4,900.0,1,11,B,278941.57407975855
3885,74,2,78.96900311399234,32.772431056458856,1.0,1,1,1977,0.075778755,B,B,6,1437,3,900.0,0,2,B,232566.81828201548
8891,47,1,43.82797973848109,22.509381457447752,7.0,11,17,2009,0.197367951,B,B,8,2423,1,32.0,0,1,B,174704.59967717645
4964,31,1,31.34697381763689,17.261167435893928,5.0,5,5,1963,0.151346216,B,A,32,5889,10,830.0,4,1,B,158763.56052242793
7696,23,2,74.64631863190073,74.64631863190073,1.0,1,1,2015,0.014072961,B,B,2,475,0,900.0,0,0,B,251560.96320100207
6894,84,1,19.166821160129555,14.86517237568946,6.233004930000002,5,5,1965,0.149666373,B,B,22,4789,2,4087.0,4,1,B,103060.57589226347
9766,70,1,33.51027476097912,20.9471242059052,7.0,11,12,1975,0.002211665,B,B,39,7614,3,900.0,1,5,A,177401.37177050154
4800,99,1,34.65933243040963,23.406655377816925,10.0,9,12,1974,0.012338886,B,B,35,5776,1,2078.0,2,4,B,171676.00735982374
2840,105,1,38.691959808951054,21.008193037816696,10.0,12,12,1973,0.040242764,B,B,25,3478,11,2729.0,3,1,B,175938.80084796538
4743,6,2,59.47879834312319,36.49312865886529,12.0,14,17,2011,0.243204519,B,B,5,1564,0,540.0,0,0,B,232511.30757098098
13562,78,5,116.65695474378428,69.56100551522498,10.0,5,14,2001,0.219006007,B,B,28,6746,3,900.0,1,4,B,487090.04600237554
8301,1,2,64.67644465593514,32.772431056458856,1.0,17,17,1977,0.007122317,B,B,1,264,0,900.0,0,1,B,182319.1570119527
5405,21,1,43.103813869248846,21.23475609332882,8.0,3,17,2006,0.194489265,B,B,47,8004,3,125.0,3,5,B,164295.74730815968
1535,22,2,43.213174005294114,25.35299675003203,5.0,5,5,1966,0.133215333,B,B,49,11395,3,1406.0,3,4,A,192034.0187494864
9073,6,1,38.52108688308654,32.772431056458856,1.0,17,17,1977,0.243204519,B,B,5,1564,0,540.0,0,0,B,129937.98253304866
1698,13,3,77.95697471613137,47.30688819728535,10.0,19,22,2001,0.090799103,B,B,74,19083,2,900.0,5,15,B,370516.61078503245
12262,1,3,81.38355446385975,32.772431056458856,1.0,8,17,1977,0.007122317,B,B,1,264,0,900.0,0,1,B,227954.278985303
6794,1,2,55.24523690270964,32.772431056458856,1.0,11,17,1977,0.007122317,B,B,1,264,0,900.0,0,1,B,162716.23865058494
12701,37,1,44.06033875294317,20.715788474501867,8.0,9,12,1983,0.232205084,B,B,24,4860,1,80.0,0,3,B,177933.03264247355
8432,52,2,65.43531192048978,65.43531192048978,1.0,13,17,1977,0.371148999,B,B,34,7065,1,750.0,2,5,B,187904.35663460262
13540,29,1,35.81374528416286,22.772966577624917,5.0,3,5,1963,0.086885265,B,B,10,2277,2,1547.0,0,0,B,148453.60405757188
8629,1,1,42.95319588154394,25.836392398392235,8.0,3,14,1995,0.025609157,B,B,33,5261,0,240.0,3,1,B,160419.4591013937
1440,29,2,45.52167884587328,26.473375407902218,5.0,5,5,1964,0.069660344,B,B,31,6119,4,900.0,1,2,B,186775.0259901466
8596,47,2,48.11315961694912,30.408247218629988,5.0,9,9,1978,0.101872465,B,B,23,4583,3,900.0,3,3,B,207057.99071485386
9575,47,3,67.92825485457547,41.007276530526006,8.0,5,12,1978,6.99893e-05,B,B,46,10309,1,240.0,1,16,B,264316.81726809795
14976,27,1,37.54815550728642,32.772431056458856,1.0,19,19,1977,0.211401214,B,B,9,1892,0,900.0,0,1,B,125737.21470225361
3149,141,2,39.58923094418836,13.501858441736749,5.0,8,13,1967,0.0,B,B,23,3684,2,900.0,0,4,B,193393.7809744118
5157,23,2,70.34844345140617,39.54158874021661,14.0,1,1,2018,0.075778755,B,B,6,1437,3,900.0,0,2,B,199174.3717290545
10748,27,2,64.25160382004853,34.3833393777631,1.0,16,16,2015,0.017647053,B,B,2,469,0,900.0,0,0,B,226281.87756620246
9719,78,3,84.35644857829261,49.81364347322672,10.0,20,22,2006,0.219006007,B,B,28,6746,3,900.0,1,4,B,349649.18593149784
6376,2,1,42.37619755741403,23.71370076499829,9.0,9,14,1977,0.309479124,B,B,35,7715,4,990.0,0,6,B,180279.2732754323
9733,84,1,41.556817636267546,23.941428536631413,7.0,12,12,1969,0.149666373,B,B,22,4789,2,4087.0,4,1,B,178786.46372356414
4749,9,3,69.552090585187,41.69485611144509,8.0,4,10,2011,0.161531741,B,B,25,5648,1,30.0,2,4,B,320493.716411092
4994,38,3,87.3583065374067,48.261594951011325,11.0,15,16,2002,0.060753049,B,B,15,2787,2,520.0,0,7,B,342109.291607361
538,123,1,43.79346146335538,22.57592746888223,10.0,6,16,2007,0.0,B,B,47,11319,0,1145.0,3,5,B,170388.7509504659
5512,27,2,50.22547670210498,31.720391184915684,6.0,4,5,1981,0.051815435,B,B,5,1227,0,900.0,0,0,B,201266.553201758
9778,0,1,38.89431329167496,20.614874915976102,10.0,4,12,1974,0.006076152,B,B,30,5285,0,645.0,6,6,B,176728.0202159984
9761,27,1,58.30317937765962,57.48379234409224,10.0,9,17,2018,0.011654127,B,B,4,915,0,900.0,0,0,B,225087.38923706437
3174,13,4,96.25953781643494,63.847681300825606,10.0,6,10,1996,0.090799103,B,B,74,19083,2,900.0,5,15,B,444962.03116941324
13429,22,2,60.55011323349251,32.772431056458856,1.0,7,17,1977,0.118537385,B,B,30,6207,1,1183.0,1,0,B,185700.77686746654
10467,23,1,31.182692256736463,28.83108295105341,1.0,12,17,1977,0.034656082,B,B,0,168,0,900.0,0,0,B,87959.6906229245
14129,144,1,42.81881426108285,23.833148787680912,8.0,5,12,1982,0.306977489,B,B,27,5148,14,1575.0,5,7,B,180191.04792349748
13608,30,3,77.96273925121066,32.772431056458856,1.0,5,17,1977,7.81528e-05,B,B,22,6398,141,1046.0,3,23,B,224147.84982176096
11106,27,3,47.443400278180206,32.772431056458856,6.233004930000002,6,25,1977,0.072157581,B,B,2,629,1,900.0,0,0,A,145677.48718091345
12048,71,1,41.480768567716936,21.98654136453025,8.0,8,14,1998,0.033493708,B,B,66,10573,1,1322.0,3,8,B,177701.35915025786
1054,42,4,96.82315118483191,64.06519789804841,11.0,5,12,2006,0.158249043,B,B,21,5731,0,900.0,1,0,B,389171.6890066967
3582,189,2,46.97019264782048,32.35887142168718,5.0,5,5,1965,7.81528e-05,B,B,22,6398,141,1046.0,3,23,B,192734.7081101644
1566,29,1,31.498954134362425,17.640667056609907,6.0,6,9,1977,0.069660344,B,B,31,6119,4,900.0,1,2,B,159910.06574397883
11529,1,2,46.58558564784904,26.07062520858242,5.0,4,5,1965,0.036270089,B,B,6,1318,1,200.0,1,1,B,193167.82427359823
11859,2,1,30.411310557782127,22.93359980118028,4.0,5,5,1962,0.0,B,B,33,7425,1,900.0,2,5,B,154016.1997229918
10582,1,1,43.35833823404816,32.772431056458856,1.0,15,22,1977,0.007122317,B,B,1,264,0,900.0,0,1,B,146669.77932408557
14907,130,4,116.56493261709936,75.04516224181378,10.0,5,9,1960,0.21843974,B,B,21,4472,6,1450.0,4,7,A,497621.26137425326
14039,29,1,38.64495753534339,22.285199719785403,8.0,3,5,1960,0.069660344,B,B,31,6119,4,900.0,1,2,B,168803.03454089432
10489,62,2,68.93625303746515,36.86627623778448,16.0,6,17,2012,0.072157581,B,B,2,629,1,900.0,0,0,A,202198.02532641817
3331,9,3,75.47051211870514,45.019039566790966,10.0,10,17,1995,0.069753361,B,B,53,13670,4,900.0,1,11,B,334736.74668397143
10153,1,3,80.40701311964045,79.44415099332792,1.0,16,17,1977,0.007122317,B,B,1,264,0,900.0,0,1,B,240579.93431712114
5271,52,1,40.730265125879136,20.32069682321519,8.0,17,17,1989,0.371148999,B,B,34,7065,1,750.0,2,5,B,171462.5374442644
11871,48,2,83.7467762689228,32.772431056458856,10.0,19,25,2017,0.041124634,B,B,46,9515,5,900.0,1,10,B,308615.4786988325
776,27,2,45.37888764454068,34.52689835823218,5.0,5,5,1978,0.051815435,B,B,5,1227,0,900.0,0,0,B,188266.50409164364
3994,23,2,55.851231197044726,34.40533923023566,7.0,4,5,1986,0.014072961,B,B,2,475,0,900.0,0,0,B,276778.79722732026
9433,23,1,31.22986415181169,31.22986415181169,1.0,12,12,2018,0.034656082,B,B,0,168,0,900.0,0,0,B,72646.3979893234
14275,27,1,47.52711070587539,43.38756921064507,1.0,17,17,2017,0.072157581,B,B,2,629,1,900.0,0,0,A,162554.21580343356
8030,19,2,67.518721641105,38.905038168155535,7.0,5,5,1956,0.309479124,B,B,35,7715,4,990.0,0,6,B,294127.7649871464
8169,61,2,66.23281408100944,32.772431056458856,6.233004930000002,5,13,1977,0.300322518,B,B,52,10311,6,900.0,1,9,B,200553.73171913953
8053,41,1,43.13978128543733,23.717269574161936,8.0,15,17,1994,0.036122292,B,B,24,4378,0,1036.0,1,1,B,176861.90301619927
4822,58,3,63.22767861560684,47.887547384028245,6.0,4,9,1968,0.050755569,B,B,24,5469,1,145.0,0,1,B,248862.58095957217
13197,99,2,61.07390193046778,44.76664742862428,6.0,4,10,1970,0.033493708,B,B,66,10573,1,1322.0,3,8,B,272802.6795513848
13634,56,1,51.58538397142153,49.08777399445211,1.0,18,25,2016,0.0,B,B,23,5067,4,900.0,2,6,B,238493.94224287357
8951,127,2,44.04502412341376,28.706142279218174,5.0,4,5,1960,0.486245621,B,B,13,2514,19,900.0,0,6,B,186684.07611676972
12176,145,2,62.23332919234233,33.94152162317378,10.0,17,17,1988,0.0,B,B,30,5562,0,900.0,0,5,A,255159.89549129832
15471,3,1,35.87615246760468,18.853164511623504,6.0,8,9,1974,0.050900058,B,B,43,10621,1,30.0,2,3,B,162546.46380538883
14962,1,1,52.82967629505761,32.772431056458856,6.0,12,12,2016,0.014580716,B,B,3,760,1,900.0,0,0,B,148749.7420967009
12512,27,1,40.95067261511347,32.772431056458856,6.233004930000002,2,13,1977,0.017647053,B,B,2,469,0,900.0,0,0,B,112640.55896875318
8697,54,3,107.26140330876824,32.772431056458856,9.0,4,17,2013,0.006076152,B,B,30,5285,0,645.0,6,6,B,414444.8981126858
7095,99,2,55.436380015999,36.10374434380473,9.0,13,14,1998,0.033493708,B,B,66,10573,1,1322.0,3,8,B,256817.45232613562
13639,9,2,58.59438304484495,29.092546756584287,9.0,6,15,2007,0.161531741,B,B,25,5648,1,30.0,2,4,B,245706.0068497297
16660,74,2,45.88170224800432,30.80602387532218,5.0,2,5,1966,0.371148999,B,B,34,7065,1,750.0,2,5,B,193193.90088875976
5848,1,1,40.178924609776345,32.772431056458856,1.0,17,17,1977,0.007122317,B,B,1,264,0,900.0,0,1,B,130065.30934830448
5386,85,1,41.24874493720226,22.62303494794635,10.0,19,22,1989,0.037177818,B,B,52,11217,1,2300.0,1,7,B,182087.0117125551
10880,169,2,66.74859608073734,32.772431056458856,1.0,14,17,1977,0.178916796,B,B,18,3594,4,192.0,1,5,B,188356.51199629853
3954,47,1,38.51345811387383,23.000797255088536,8.0,12,12,1983,6.99893e-05,B,B,46,10309,1,240.0,1,16,B,179951.33413444206
13426,209,3,57.32044281965874,43.187837056754496,6.0,4,5,1967,0.040242764,B,B,25,3478,11,2729.0,3,1,B,222686.3583625966
5966,53,2,44.43824905393311,31.423017771754918,5.0,8,9,1966,0.049637257,B,B,34,7759,0,229.0,1,3,B,208655.94064018116
16315,52,3,80.57458408613198,48.891056287845046,10.0,17,17,1988,0.371148999,B,B,34,7065,1,750.0,2,5,B,353366.9202516774
7455,36,2,38.24668870871138,26.731413504952048,7.0,6,9,1965,0.08761909,B,B,8,1497,5,900.0,1,0,B,188093.3198416265
11071,55,2,54.54498573640749,34.52752787464356,9.0,13,17,1997,0.041365446,B,B,31,5569,0,900.0,1,4,B,241356.67917220783
14740,111,2,46.01078633180929,28.76597623158145,5.0,6,9,1977,0.135649789,B,B,46,7960,6,350.0,3,11,B,203720.58347138332
16087,112,1,41.71971466497575,17.787884344924354,8.0,18,18,2008,0.069660344,B,B,31,6119,4,900.0,1,2,B,169968.418898722
8931,9,3,88.90062789819622,51.15029133990633,10.0,9,13,2016,0.161531741,B,B,25,5648,1,30.0,2,4,B,332150.29589481314
15289,58,2,65.23318019605047,65.23318019605047,1.0,3,3,1977,0.43788524,B,B,23,5735,3,1084.0,0,5,B,176961.99602550705
16089,66,2,57.0651733126042,36.95947586268216,7.0,2,5,1957,0.161975568,B,A,31,7010,5,4508.0,3,7,B,246503.61376303819
12128,6,2,67.35766837062401,32.772431056458856,6.233004930000002,14,17,1977,0.243204519,B,B,5,1564,0,540.0,0,0,B,192980.755777654
4724,99,3,62.06653178056656,44.19000970132435,6.0,7,9,1973,0.012338886,B,B,35,5776,1,2078.0,2,4,B,244257.32840721228
8585,2,2,47.28812379137417,29.67902335783063,6.0,6,9,1973,0.035145267,B,B,42,9292,3,2620.0,0,3,B,200222.4994955681
7188,59,1,44.3016133524626,32.772431056458856,1.0,16,17,1977,0.019508796,B,B,37,7687,11,176.0,5,5,B,134140.62286251795
5423,23,2,93.98565807826094,51.32935939689996,15.0,18,25,2012,0.075778755,B,B,6,1437,3,900.0,0,2,B,247821.6459439988
10488,23,3,80.56389072445232,32.772431056458856,1.0,19,25,1977,0.075778755,B,B,6,1437,3,900.0,0,2,B,256823.35586979784
5980,99,3,62.83106276697863,40.25452330575773,6.0,4,9,1972,0.012338886,B,B,35,5776,1,2078.0,2,4,B,253152.01379579873
8376,74,2,73.51594928855674,32.772431056458856,6.233004930000002,6,13,1977,0.075778755,B,B,6,1437,3,900.0,0,2,B,204479.42441283594
12397,27,1,52.1369720696901,32.772431056458856,1.0,10,12,2016,0.072157581,B,B,2,629,1,900.0,0,0,A,146523.46488269925
16496,4,1,39.97674931976974,16.914867165125973,9.0,2,2,1972,0.327018035,B,B,12,2270,23,2500.0,1,0,B,170642.72377115305
4891,18,3,63.24806887308125,41.88273528864454,7.0,9,14,1987,0.0,B,B,30,5562,0,900.0,0,5,A,263358.50581167307
9710,27,2,58.8862923858058,58.8862923858058,6.233004930000002,13,13,1977,0.211401214,B,B,9,1892,0,900.0,0,1,B,211549.63630546545
6339,8,1,42.72502375162371,20.4397494705691,7.0,2,14,2010,0.43788524,B,B,23,5735,3,1084.0,0,5,B,175037.61371172767
244,1,2,75.43590521864608,32.772431056458856,6.233004930000002,7,13,1977,0.014580716,B,B,3,760,1,900.0,0,0,B,241802.175620471
5002,1,3,82.62484278939883,32.772431056458856,1.0,5,17,2016,0.007122317,B,B,1,264,0,900.0,0,1,B,230490.36296222865
5358,62,2,60.970763187419976,32.772431056458856,1.0,1,1,1977,0.072157581,B,B,2,629,1,900.0,0,0,A,206818.93783995544
7636,6,2,51.54330515570465,32.772431056458856,6.233004930000002,8,17,1977,0.243204519,B,B,5,1564,0,540.0,0,0,B,165232.08097980655
9361,96,3,79.23918092270458,50.06269872212529,10.0,11,22,1997,0.041116354,B,B,53,14892,4,900.0,1,4,B,352046.0748491769
3601,30,1,42.04688631883095,42.04688631883095,1.0,11,11,2016,7.81528e-05,B,B,22,6398,141,1046.0,3,23,B,139622.84315206518
15755,39,1,37.212074047635454,18.79996933212658,7.0,5,5,1979,0.428825818,B,B,25,5011,8,730.0,0,2,B,164234.2102604555
172,6,2,63.53702152878179,32.772431056458856,1.0,9,25,1977,0.243204519,B,B,5,1564,0,540.0,0,0,B,186446.97612660442
3037,156,2,57.66976927251718,31.956946138477868,11.0,16,16,1981,0.007658515,B,B,35,7077,56,2301.0,3,19,B,241106.7286411212
577,100,3,55.68017302447607,41.25916244383871,5.0,5,5,1956,0.200146802,B,B,23,3975,8,770.0,2,0,B,251075.77181867487
3607,94,2,41.74844775289928,21.26851129263242,8.0,12,12,1981,0.127375905,B,B,43,8429,3,900.0,3,9,B,186581.08869810784
2515,23,1,49.52032486745218,32.772431056458856,1.0,4,16,2016,0.014072961,B,B,2,475,0,900.0,0,0,B,155245.16753599548
10413,78,1,34.90916277394521,20.35789124212861,6.0,6,9,1973,0.092290642,B,B,21,4346,2,165.0,1,2,B,166274.2730544767
10511,119,2,55.34898560041994,31.514093333981062,8.0,17,17,1997,0.000995363,B,B,42,7651,1,900.0,1,5,B,240641.08664295266
4637,0,4,107.16134850197004,67.03513277994328,10.0,10,22,2007,0.319809354,B,B,25,4756,16,2857.0,5,8,B,466322.9842241489
12736,9,3,89.2439640308897,45.99828585634443,10.0,16,22,1987,0.136244425,B,B,11,2370,0,900.0,0,1,B,367896.56752388284
9534,41,2,53.41007943012504,31.877028872465488,8.0,6,17,1984,0.175054867,B,B,36,10055,3,900.0,1,0,B,219007.0198117546
11641,27,2,86.47206156447653,32.772431056458856,1.0,2,6,1977,0.07542368,B,B,11,3097,0,900.0,0,0,B,222216.4185618672
10419,85,4,65.78695277974502,47.2495872850775,6.0,8,9,1981,0.037177818,B,B,52,11217,1,2300.0,1,7,B,276416.1800643864
15313,76,1,37.58702793369136,15.039961283814428,7.0,3,9,1965,0.0,B,B,7,1660,39,1786.0,1,5,B,165053.3951755963
14915,10,2,38.26940528309434,25.64675516398682,6.0,5,14,1971,0.089039719,B,B,33,7976,5,900.0,0,11,B,195781.74802431956
12409,19,3,81.95835167141978,48.94254118943232,10.0,17,17,1996,0.000991363,B,B,33,6783,3,900.0,1,9,B,368991.18717726244
9405,6,1,41.22510698800132,32.772431056458856,1.0,25,25,1977,0.243204519,B,B,5,1564,0,540.0,0,0,B,156077.1749657043
14066,79,2,49.24404934301864,31.385953840677843,7.0,5,9,1979,0.307466659,B,A,30,5048,9,325.0,2,5,B,233385.45876647293
14108,17,1,32.23332778490517,20.974667932043825,7.0,7,9,1967,0.0,B,B,18,3374,5,620.0,1,2,B,169898.88407820553
11931,9,3,81.44153182471769,81.22233103393032,1.0,1,1,1977,0.161531741,B,B,25,5648,1,30.0,2,4,B,276766.1376919043
11464,59,2,68.69220691334951,32.772431056458856,1.0,9,20,2017,0.0,B,B,18,3374,5,620.0,1,2,B,215793.63682925637
926,21,1,35.23450776563746,19.026635381492337,5.0,5,5,1962,0.034331497,B,B,25,5487,3,900.0,0,4,B,161220.09013523988
11190,6,3,83.07196605428275,32.772431056458856,1.0,10,17,1977,0.243204519,B,B,5,1564,0,540.0,0,0,B,226769.78496186272
10260,6,2,66.36818566355153,32.772431056458856,6.233004930000002,17,17,1977,0.243204519,B,B,5,1564,0,540.0,0,0,B,188105.26897002908
12712,3,2,52.35996514239503,30.19670698255916,9.0,12,12,1975,0.050900058,B,B,43,10621,1,30.0,2,3,B,221126.8460949579
1234,1,2,71.90870883067885,71.90870883067885,1.0,3,22,2016,0.007122317,B,B,1,264,0,900.0,0,1,B,235938.79247691593
11608,27,1,41.57523256228452,32.772431056458856,1.0,19,22,1977,0.211401214,B,B,9,1892,0,900.0,0,1,B,156626.4652460078
3776,47,3,64.76659486144558,46.40417479125015,6.0,11,12,1978,6.99893e-05,B,B,46,10309,1,240.0,1,16,B,241464.8424238582
4881,1,2,64.59900935256066,64.59900935256066,1.0,17,17,1977,0.007122317,B,B,1,264,0,900.0,0,1,B,185226.29777592432
10266,23,3,78.70514518523436,78.70514518523436,1.0,3,3,2015,0.034656082,B,B,0,168,0,900.0,0,0,B,263004.3562874503
3262,37,3,61.16162599299228,46.84941605912189,6.0,5,9,1974,0.127811589,B,B,28,7287,5,320.0,1,3,B,242786.54462465906
3576,121,3,78.98523475549227,49.73110360218611,10.0,3,14,1998,0.212515361,B,B,19,3293,16,628.0,3,7,B,328134.1308588019
16604,17,3,100.00091752309037,100.00091752309037,6.233004930000002,4,13,1977,0.0,B,B,18,3374,5,620.0,1,2,B,297063.71433505276
8041,76,1,39.70596909266,19.4053337052889,9.0,8,12,1970,0.0,B,B,7,1660,39,1786.0,1,5,B,197608.3806352446
10691,23,3,104.15151303459466,32.772431056458856,1.0,19,25,1977,0.075778755,B,B,6,1437,3,900.0,0,2,B,273551.3001187796
8357,75,1,40.48967510136287,22.71311637894853,8.0,13,14,1969,0.307466659,B,A,30,5048,9,325.0,2,5,B,179091.2605644768
11661,21,1,36.96362776610617,23.833476492867533,5.0,3,5,1967,0.194489265,B,B,47,8004,3,125.0,3,5,B,149594.68897581266
4453,12,2,56.80090820484124,32.647425270157754,8.0,12,17,1986,0.090799103,B,B,74,19083,2,900.0,5,15,B,233707.2200512846
15936,6,3,81.55772363696076,32.772431056458856,1.0,17,17,1977,0.243204519,B,B,5,1564,0,540.0,0,0,B,221890.699277428
8463,19,2,59.022182503946425,33.89148855713637,11.0,11,14,2006,0.309479124,B,B,35,7715,4,990.0,0,6,B,249470.27868137468
15770,122,2,57.21085874250595,30.22114536035212,12.0,2,10,1997,0.033493708,B,B,66,10573,1,1322.0,3,8,B,214457.20656970973
466,90,1,39.115782469382175,21.150873238140928,9.0,11,12,1971,0.265088676,B,B,37,5288,0,1937.0,3,2,B,178242.24125292807
14965,23,1,40.54162625016021,32.772431056458856,1.0,6,17,1977,0.034656082,B,B,0,168,0,900.0,0,0,B,128060.31395171523
11227,118,1,35.31505944583354,19.54138185143944,7.0,3,5,1952,0.21843974,B,B,21,4472,6,1450.0,4,7,A,165911.61715981725
9894,99,3,70.14049589548453,40.221924342602016,9.0,8,16,1981,0.033493708,B,B,66,10573,1,1322.0,3,8,B,305554.29738364177
11746,66,2,42.30313816263457,27.327735130197315,5.0,4,5,1962,0.161975568,B,A,31,7010,5,4508.0,3,7,B,197623.98446299494
4118,1,1,44.24239609169,32.772431056458856,1.0,2,22,1977,0.007122317,B,B,1,264,0,900.0,0,1,B,143956.4926443242
756,85,3,77.29324421012132,50.57468074648008,10.0,14,16,1982,0.037177818,B,B,52,11217,1,2300.0,1,7,B,337503.9311610306
15589,71,2,54.73818372647667,30.14730891826025,11.0,15,16,1983,0.407276235,A,B,9,1768,0,370.0,0,0,A,266415.27012772474
109,38,2,77.57091626146448,39.78748087730664,1.0,26,26,2017,0.060753049,B,B,15,2787,2,520.0,0,7,B,282178.16755167884
5778,18,2,52.61241525851811,31.639088317376107,9.0,10,12,1982,0.0,B,B,30,5562,0,900.0,0,5,A,216042.8404741552
1731,23,2,54.59602783454718,31.225905869635525,10.0,3,3,2016,0.005767451,B,B,1,388,0,900.0,0,0,B,134096.13089979562
3450,93,1,38.64810812484739,20.62427243010402,8.0,4,14,1986,0.521867054,B,B,25,6149,0,900.0,0,0,B,176781.04156019262
2961,103,1,38.40665116406807,21.82993267158336,8.0,2,17,2000,0.0006991189999999,B,B,14,3369,24,4129.0,0,3,B,173991.4100152528
222,2,1,37.27667678894607,22.538406119360825,9.0,4,14,1970,0.309479124,B,B,35,7715,4,990.0,0,6,B,172790.2310225803
11454,28,4,102.2593336800646,77.66891309008344,9.0,5,5,1957,0.118537385,B,B,30,6207,1,1183.0,1,0,B,418631.62934984354
7339,6,2,67.88583505959119,32.772431056458856,1.0,12,17,1977,0.243204519,B,B,5,1564,0,540.0,0,0,B,191170.50611295857
12096,27,1,39.90649131226317,16.708998832054842,1.0,3,19,1977,0.211401214,B,B,9,1892,0,900.0,0,1,B,147771.6531424188
14074,62,2,49.46631619613606,33.57166717979121,6.0,2,9,1976,0.002211665,B,B,39,7614,3,900.0,1,5,A,195845.93871439676
4058,27,2,223.453688810856,104.11355236935852,16.0,2,2,2017,0.041116354,B,B,53,14892,4,900.0,1,4,B,282611.57640505186
6603,49,2,59.22348128446816,39.46088212552933,8.0,5,5,1962,0.020741326,B,B,24,5613,5,1340.0,2,5,B,272698.81476207695
3289,62,1,35.1205247791906,32.772431056458856,6.233004930000002,13,13,1977,0.072157581,B,B,2,629,1,900.0,0,0,A,138819.96101326105
16681,58,3,77.69339520104248,46.77809647057576,10.0,10,14,1996,0.1489038909999999,B,B,9,1952,1,1430.0,3,2,B,346584.0151825055
8200,15,3,82.99674492015453,44.25876285234381,12.0,8,12,2006,0.158249043,B,B,21,5731,0,900.0,1,0,B,317410.9251674712
3343,58,2,116.82420052739992,113.6924238158362,6.233004930000002,3,3,1977,0.43788524,B,B,23,5735,3,1084.0,0,5,B,256317.59963782906
7802,145,1,42.18468214842373,19.74364171833862,8.0,14,14,1966,0.0,B,B,30,5562,0,900.0,0,5,A,180773.32642745122
2082,177,3,78.66358951365567,54.86606552897874,9.0,4,8,1960,0.0,B,B,36,6714,2,2672.0,0,2,B,435639.3038789681
217,80,2,59.439562966402455,33.991547282041424,10.0,11,17,1989,0.0,B,B,39,8647,0,810.0,0,5,B,263046.304755634
1720,44,2,43.21497110263211,27.39620527276605,5.0,3,5,1966,0.232205084,B,B,24,4860,1,80.0,0,3,B,170303.3957643438
7224,67,3,63.48878504313341,42.27345660720694,8.0,6,9,1977,0.100455735,B,B,43,7227,0,900.0,1,6,A,292414.3727035644
6176,27,2,42.37748780927234,41.74829124021842,1.0,14,17,2014,0.072157581,B,B,2,629,1,900.0,0,0,A,180368.23758517235
12571,2,2,56.09479473725982,34.071819728055445,10.0,10,16,1973,0.130617806,B,B,39,10418,9,900.0,1,9,B,243788.1602379552
16666,17,2,57.40806102739092,32.5176978873417,8.0,25,25,2002,0.0,B,B,18,3374,5,620.0,1,2,B,271204.19533749117
8908,22,2,67.12119392642221,32.772431056458856,1.0,15,17,1977,0.118537385,B,B,30,6207,1,1183.0,1,0,B,189413.47294580485
6914,93,2,48.56274186178487,29.0119245662584,6.0,6,9,1978,0.050900058,B,B,43,10621,1,30.0,2,3,B,202186.4860855016
5428,27,2,62.32604379639152,32.772431056458856,6.233004930000002,12,17,1977,0.072157581,B,B,2,629,1,900.0,0,0,A,183800.1497988746
381,1,2,54.89000565970146,32.772431056458856,1.0,11,17,1977,0.007122317,B,B,1,264,0,900.0,0,1,B,164062.38118638372
3991,44,1,42.86492392641726,20.10545195062008,10.0,11,18,2004,0.232205084,B,B,24,4860,1,80.0,0,3,B,174446.96438731023
16365,178,2,55.00290277599888,31.77007100206686,9.0,10,12,1976,0.212515361,B,B,19,3293,16,628.0,3,7,B,231112.79999626978
1046,46,3,50.37091607031399,34.206869484162794,6.0,1,9,1975,0.150817539,B,B,16,3433,4,2643.0,4,5,B,183168.6436682529
391,99,1,33.21163650610413,20.81459698280508,6.0,8,9,1973,0.012338886,B,B,35,5776,1,2078.0,2,4,B,160037.42856366333
9212,121,3,67.35340643632648,47.10108548543403,7.0,12,12,1976,0.212515361,B,B,19,3293,16,628.0,3,7,B,259821.42265383113
3022,83,1,42.70103167477756,19.38302869738532,7.0,16,17,2000,0.0077202819999999,B,B,38,4788,2,900.0,0,4,B,185134.04732168213
9961,23,1,51.28947635675622,32.772431056458856,1.0,3,17,1977,0.014072961,B,B,2,475,0,900.0,0,0,B,148626.78750196786
6764,104,2,45.58102389071068,26.98243218941812,6.0,5,5,1917,7.81528e-05,B,B,22,6398,141,1046.0,3,23,B,200793.9775532737
7720,48,1,35.169287312875106,18.08548178041801,6.0,3,9,1981,0.041124634,B,B,46,9515,5,900.0,1,10,B,159385.85599579982
4809,1,2,68.67221761959297,67.20114286734162,1.0,5,9,2016,0.007122317,B,B,1,264,0,900.0,0,1,B,215674.72895379207
8877,55,3,85.9993289356634,44.89264173611284,10.0,16,17,1989,0.041365446,B,B,31,5569,0,900.0,1,4,B,329686.0862636684
7817,81,2,43.006785389992295,27.341873416026186,5.0,5,5,1964,0.006076152,B,B,30,5285,0,645.0,6,6,B,199313.05412866932
10614,27,1,44.25499476053788,32.772431056458856,1.0,1,1,1977,0.211401214,B,B,9,1892,0,900.0,0,1,B,141596.65578545892
5553,22,3,80.68829375466234,32.772431056458856,1.0,1,1,1977,0.118537385,B,B,30,6207,1,1183.0,1,0,B,231219.42739760978
16488,9,1,34.73056003250077,21.261250190664114,9.0,10,22,1988,0.136244425,B,B,11,2370,0,900.0,0,1,B,176753.84954062742
11002,119,2,39.88853665186903,25.399791854318515,6.0,5,9,1968,0.033493708,B,B,66,10573,1,1322.0,3,8,B,195998.1825062846
13592,31,3,68.56716856897975,68.56716856897975,7.0,3,9,1960,0.0,B,B,23,3684,2,900.0,0,4,B,259267.36741681406
15050,28,3,61.37808758991882,42.60584812249997,6.0,6,9,1971,0.118537385,B,B,30,6207,1,1183.0,1,0,B,236002.57606337042
13553,94,2,60.622250468032114,32.772431056458856,6.233004930000002,23,24,1977,0.282797669,B,B,33,8667,2,900.0,0,6,B,210581.18106955738
9041,27,2,86.1304910523078,46.39926422031172,15.0,7,14,2009,0.051815435,B,B,5,1227,0,900.0,0,0,B,305470.2050685846
5461,155,4,86.9559525934521,63.159807766887255,6.0,4,6,1938,0.042307271,B,B,17,2810,9,4849.0,3,6,B,367554.1420015132
16274,113,1,103.76343427522282,103.76343427522282,1.0,20,20,2014,0.050755569,B,B,24,5469,1,145.0,0,1,B,408525.37002931756
2138,27,1,52.51330992401352,32.772431056458856,1.0,1,1,1977,0.017647053,B,B,2,469,0,900.0,0,0,B,150553.88365659458
6245,23,2,59.856978513862494,32.772431056458856,1.0,8,25,1977,0.075778755,B,B,6,1437,3,900.0,0,2,B,192257.22704927743
8245,123,2,44.49695416505069,29.122125900669023,5.0,2,9,1969,0.0,B,B,47,11319,0,1145.0,3,5,B,188409.68774328395
6491,6,3,80.52416501091461,40.70104008260464,1.0,1,1,2016,0.243204519,B,B,5,1564,0,540.0,0,0,B,229657.17605390603
13218,93,3,137.33758325777274,32.772431056458856,1.0,1,3,1977,0.004949358,B,B,0,186,0,900.0,0,0,B,205605.51639540202
13101,23,1,47.27296844237241,32.772431056458856,1.0,3,17,1977,0.014072961,B,B,2,475,0,900.0,0,0,B,145050.9088636266
10462,1,1,41.23796911663741,32.772431056458856,6.233004930000002,7,17,1977,0.007122317,B,B,1,264,0,900.0,0,1,B,126641.1868565354
4079,75,2,45.14419572295914,25.81955323502757,5.0,5,5,1962,0.307466659,B,A,30,5048,9,325.0,2,5,B,189235.63260127685
1506,17,3,126.52503365285676,126.52503365285676,12.0,8,15,2014,0.093442564,B,B,23,4635,5,3300.0,2,4,B,261383.47343627573
14107,6,1,38.51611525893773,32.772431056458856,6.233004930000002,9,17,1977,0.243204519,B,B,5,1564,0,540.0,0,0,B,129452.20684179604
12215,61,3,65.82849495054819,41.96699798437575,8.0,12,12,1984,0.300322518,B,B,52,10311,6,900.0,1,9,B,266128.86924604495
11576,17,2,54.68090633793514,39.010163295142334,8.0,4,9,1958,0.0,B,B,25,5027,4,46.0,1,1,B,298520.1492407193
10567,78,3,60.39813678550853,40.00252293138361,6.0,8,9,1973,0.219006007,B,B,28,6746,3,900.0,1,4,B,229638.4229424354
12713,6,3,79.95841647284678,32.772431056458856,1.0,25,25,1977,0.243204519,B,B,5,1564,0,540.0,0,0,B,265597.58304493513
1468,157,3,66.70214391271496,45.96947580159011,8.0,5,5,1931,0.0,B,B,30,7538,87,4702.0,5,5,B,311179.43726017437
2549,41,4,64.88720391979136,48.4497446658601,5.0,4,9,1966,0.175054867,B,B,36,10055,3,900.0,1,0,B,265627.67217454856
4172,20,1,41.744346802333816,22.21550639117683,8.0,7,17,1997,0.019508796,B,B,37,7687,11,176.0,5,5,B,178496.31857129204
12380,56,1,42.0319326399969,23.98954224401601,8.0,7,17,1985,0.0,B,B,23,5067,4,900.0,2,6,B,178407.84122142658
3513,23,1,41.23102569355002,22.72179039300734,7.0,14,17,2011,0.075778755,B,B,6,1437,3,900.0,0,2,B,181498.97197476996
8165,62,3,139.1015233124246,32.772431056458856,20.0,3,3,2015,0.072157581,B,B,2,629,1,900.0,0,0,A,279233.4399257069
1127,61,2,48.53756249209019,30.751863895544453,6.0,3,12,1975,0.300322518,B,B,52,10311,6,900.0,1,9,B,207990.53253488799
14601,103,3,73.60540239160504,43.8537532779942,10.0,2,17,2002,0.151346216,B,A,32,5889,10,830.0,4,1,B,291754.43892485293
15526,45,2,63.33638449428962,32.772431056458856,1.0,9,17,1977,0.195781053,B,B,23,5212,6,900.0,3,2,B,186763.46028241861
986,14,3,59.20473797317043,59.20473797317043,5.0,6,9,1976,0.042031587,B,B,37,6856,84,1940.0,2,5,B,232920.67937482783
14968,62,3,93.21625454264208,32.772431056458856,1.0,3,3,2014,0.072157581,B,B,2,629,1,900.0,0,0,A,202200.42103858132
9348,205,1,37.48081132318665,16.851794529945757,8.0,5,5,1933,0.16909109,B,B,19,3856,10,900.0,2,5,B,172733.37403769162
6317,169,2,56.214048052190826,32.772431056458856,1.0,9,17,1977,0.178916796,B,B,18,3594,4,192.0,1,5,B,178647.3143806217
7497,23,1,43.09847887015744,20.06013263630316,1.0,9,17,2016,0.034656082,B,B,0,168,0,900.0,0,0,B,156845.3283317292
5079,39,3,80.9876545077203,43.73663639061216,8.0,12,14,1996,0.428825818,B,B,25,5011,8,730.0,0,2,B,296754.0969367778
528,7,1,36.968232630432574,23.28731038868081,10.0,3,12,1966,0.130617806,B,B,39,10418,9,900.0,1,9,B,167638.20146928047
10964,101,1,31.05021625752945,21.777253568414583,6.0,3,5,1958,0.225824954,A,B,41,6558,7,1548.0,3,2,B,144130.78370640808
5812,128,3,77.62273926172533,47.97443435877042,10.0,10,17,1992,0.0,B,B,27,4798,0,30.0,2,8,B,338890.4636513219
11022,93,3,66.81596330517307,47.33331784243255,6.0,8,12,1976,0.521867054,B,B,25,6149,0,900.0,0,0,B,283039.46492149035
16251,9,1,45.74226717354091,32.772431056458856,1.0,18,18,2014,0.161531741,B,B,25,5648,1,30.0,2,4,B,166060.78578532473
5863,23,1,41.84689698611122,41.48014409045096,1.0,9,17,1977,0.075778755,B,B,6,1437,3,900.0,0,2,B,126997.92033397213
8664,1,2,55.955065651859805,33.82573800842777,9.0,4,17,1989,0.025609157,B,B,33,5261,0,240.0,3,1,B,238568.18358624962
5396,164,1,39.94622673930564,22.99451555252517,7.0,16,17,2004,0.486245621,B,B,13,2514,19,900.0,0,6,B,180714.98874179105
6917,57,3,63.58085474118582,43.920986586541176,6.0,7,12,1976,0.133215333,B,B,49,11395,3,1406.0,3,4,A,254220.12049379208
12776,6,1,40.8889909109654,32.772431056458856,1.0,14,17,1977,0.243204519,B,B,5,1564,0,540.0,0,0,B,128628.69580469657
473,53,2,55.35426538954443,32.772431056458856,1.0,1,1,1977,0.049637257,B,B,34,7759,0,229.0,1,3,B,153486.11670750278
13333,88,2,52.59251542621027,33.12736386536157,8.0,4,12,1975,0.127375905,B,B,43,8429,3,900.0,3,9,B,231832.86933252765
13023,30,2,65.71550395644876,32.772431056458856,1.0,1,17,1977,7.81528e-05,B,B,22,6398,141,1046.0,3,23,B,184931.58426873022
7357,23,3,87.779683516247,32.772431056458856,1.0,12,17,1977,0.075778755,B,B,6,1437,3,900.0,0,2,B,259422.841307839
10955,32,4,91.15473411114417,62.426729737474034,8.0,6,25,1993,0.135649789,B,B,46,7960,6,350.0,3,11,B,364313.25659624557
11914,26,3,72.3710925412428,47.2670315130109,10.0,2,17,2000,0.0,B,B,36,6714,2,2672.0,0,2,B,299978.470084363
12535,23,2,90.90922848612573,51.89949113642831,14.0,23,25,2012,0.075778755,B,B,6,1437,3,900.0,0,2,B,297207.3116771944
11205,209,1,34.67807965602777,21.934757458716398,6.0,7,9,1977,0.040242764,B,B,25,3478,11,2729.0,3,1,B,162713.28566577818
13209,26,2,45.80217285017226,30.49987092903475,5.0,3,5,1968,0.0,B,B,36,6714,2,2672.0,0,2,B,191801.11311107306
16119,131,3,67.37215136466237,49.50139190292053,6.0,3,3,1961,0.0,B,B,23,3684,2,900.0,0,4,B,261711.32246553607
2174,29,2,64.68121757554965,33.3605293605813,10.0,11,17,1999,0.086885265,B,B,10,2277,2,1547.0,0,0,B,247953.12105824467
4834,0,2,45.82355644261703,27.46257400582156,8.0,5,5,1938,0.319809354,B,B,25,4756,16,2857.0,5,8,B,166140.6177468881
10151,1,2,53.82981825338361,53.772421482682425,1.0,10,17,1977,0.007122317,B,B,1,264,0,900.0,0,1,B,180209.65793673287
5584,37,2,50.799036431029,30.16158774200204,5.0,9,9,1972,0.127811589,B,B,28,7287,5,320.0,1,3,B,205858.3581874804
6672,10,2,48.43686052302616,33.961521717752646,7.0,4,12,1974,0.089039719,B,B,33,7976,5,900.0,0,11,B,211419.80628507695
12858,55,3,73.52132118137585,47.01892935839261,10.0,6,14,1996,0.041365446,B,B,31,5569,0,900.0,1,4,B,304608.67460337584
5106,54,1,38.43054776115583,23.89809839216424,8.0,2,5,1962,0.006076152,B,B,30,5285,0,645.0,6,6,B,169125.56746706736
8884,47,2,44.82819747726303,31.974486374710864,5.0,4,5,1968,0.298204575,B,B,16,4048,3,900.0,1,3,B,184297.19313950118
13766,119,2,39.07941725616571,25.64221600144437,7.0,5,9,1964,0.000995363,B,B,42,7651,1,900.0,1,5,B,206146.3054241956
12556,27,1,35.713469141988085,20.696532781202503,9.0,4,12,1972,0.07542368,B,B,11,3097,0,900.0,0,0,B,173052.81389388084
12910,87,2,51.57888136931626,30.71452293668584,8.0,3,17,1987,0.100455735,B,B,43,7227,0,900.0,1,6,A,241969.06366547223
6258,6,1,38.19378980253248,32.772431056458856,6.233004930000002,12,17,1977,0.243204519,B,B,5,1564,0,540.0,0,0,B,128080.35070325738
7100,45,1,41.60848174033347,41.60848174033347,1.0,19,19,2015,0.195781053,B,B,23,5212,6,900.0,3,2,B,149093.7180557056
1793,118,1,34.90591408820963,18.5337677925834,5.0,3,8,1961,0.341071945,B,B,27,5664,48,2300.0,3,11,B,184714.28564944133
3335,1,2,54.85729473062506,53.42928401259807,1.0,6,17,1977,0.007122317,B,B,1,264,0,900.0,0,1,B,161845.16988932804
12835,27,3,60.641147527911365,32.772431056458856,6.233004930000002,13,13,1977,0.072157581,B,B,2,629,1,900.0,0,0,A,175882.70974930454
10591,96,1,36.29218238660186,14.835247311509306,10.0,5,12,2001,0.041116354,B,B,53,14892,4,900.0,1,4,B,167932.46497571105
15707,73,2,48.304146453118754,27.61691588018336,5.0,4,5,1965,0.042031587,B,B,37,6856,84,1940.0,2,5,B,193982.42928929822
16389,28,1,35.46762292099524,19.552565068001933,8.0,4,9,1974,0.118537385,B,B,30,6207,1,1183.0,1,0,B,166274.12693134876
7440,190,2,48.185946703560674,33.48783491239236,5.0,3,9,1966,0.0,B,B,30,7538,87,4702.0,5,5,B,206092.52990391807
6293,90,2,46.41624375131536,32.73083579903852,5.0,5,5,1965,0.265088676,B,B,37,5288,0,1937.0,3,2,B,189467.1783389866
3937,1,2,61.11146260663723,32.772431056458856,1.0,17,20,1977,0.007122317,B,B,1,264,0,900.0,0,1,B,198324.03654115836
16527,48,1,41.76158437070264,22.45828788636097,10.0,12,12,2013,0.041124634,B,B,46,9515,5,900.0,1,10,B,172461.14774805977
5102,103,3,52.30670258670207,35.36560211641908,6.0,5,5,1963,0.151346216,B,A,32,5889,10,830.0,4,1,B,232010.252439217
10734,101,4,76.27822672076553,54.41156273153807,9.0,12,12,1974,0.225824954,A,B,41,6558,7,1548.0,3,2,B,307201.93941933
7986,1,1,42.6070895518941,21.49682631727308,8.0,9,14,1995,0.025609157,B,B,33,5261,0,240.0,3,1,B,177610.07905816077
6495,27,2,52.34385713548685,33.71750039045065,5.0,3,5,1977,0.005819206,B,B,1,342,0,900.0,0,0,B,188427.23489143726
9571,124,2,49.97217545959135,29.37315855026452,5.0,8,14,1976,0.16909109,B,B,19,3856,10,900.0,2,5,B,211636.39163496814
5131,34,1,45.7599465308024,42.01243005555953,1.0,17,25,2016,0.069753361,B,B,53,13670,4,900.0,1,11,B,182710.8998665408
10761,52,2,95.9660725941068,48.57721418972074,15.0,25,25,2009,0.371148999,B,B,34,7065,1,750.0,2,5,B,280462.58030262886
143,63,3,74.72740474286606,45.71902012369876,10.0,4,17,1999,0.23861713,B,B,26,3889,6,705.0,3,6,B,326526.0092218009
13829,47,1,39.8961804985155,20.35873712107092,6.233004930000002,4,13,1979,6.99893e-05,B,B,46,10309,1,240.0,1,16,B,166906.86944594685
13662,74,2,76.47154328220451,32.772431056458856,6.233004930000002,2,19,1977,0.075778755,B,B,6,1437,3,900.0,0,2,B,196934.13242170497
1771,21,1,33.82099200848515,22.620714172826357,6.0,4,9,1971,0.149666373,B,B,22,4789,2,4087.0,4,1,B,155116.37009043782
5448,160,2,46.9080739635246,28.09267128263225,6.0,8,9,1978,0.0,B,B,39,8647,0,810.0,0,5,B,206597.16795082056
8594,101,1,37.62567492069478,19.47101763257688,8.0,4,5,1962,0.225824954,A,B,41,6558,7,1548.0,3,2,B,176909.1442088354
12038,14,2,60.60078783431382,38.60861515824338,8.0,3,5,1958,0.042031587,B,B,37,6856,84,1940.0,2,5,B,245436.1459468666
16471,33,1,31.03383517639067,18.028922245446545,6.0,2,9,1966,0.050272014,B,B,21,4231,14,1020.0,0,3,B,154522.765036453
16764,1,1,41.692861916421,32.772431056458856,1.0,7,22,1977,0.007122317,B,B,1,264,0,900.0,0,1,B,149222.86485485337
1282,22,2,44.41137805162795,32.90142497341364,5.0,5,5,1965,0.133215333,B,B,49,11395,3,1406.0,3,4,A,190104.58706072252
15101,1,3,84.90103700601648,32.772431056458856,6.233004930000002,13,17,1977,0.007122317,B,B,1,264,0,900.0,0,1,B,235527.4403214034
9473,27,2,57.02175248870378,32.772431056458856,1.0,10,19,1977,0.211401214,B,B,9,1892,0,900.0,0,1,B,205394.557511709
2324,98,4,93.13939451408424,63.89745918225929,9.0,3,6,1948,0.195781053,B,B,23,5212,6,900.0,3,2,B,431479.2915892957
14448,74,2,71.2579450064489,32.772431056458856,1.0,5,17,1977,0.075778755,B,B,6,1437,3,900.0,0,2,B,199721.51317840442
6000,23,1,31.308243279063888,31.308243279063888,1.0,2,17,2017,0.034656082,B,B,0,168,0,900.0,0,0,B,77766.61886686322
2077,27,1,54.4737523885719,21.133650179679226,13.0,13,18,2015,0.072157581,B,B,2,629,1,900.0,0,0,A,205900.35859458818
12960,42,2,62.09399269684086,33.06569656045394,11.0,6,9,2005,0.158249043,B,B,21,5731,0,900.0,1,0,B,249356.11336552177
15837,66,2,42.82308060371631,26.447974276130072,4.0,4,9,1973,0.111627393,B,B,50,12238,8,1970.0,2,3,B,209064.37696236782
8805,79,3,61.27841802930021,46.15768969271174,6.0,9,9,1968,0.050755569,B,B,24,5469,1,145.0,0,1,B,218964.58337841884
9987,77,3,58.1274540581186,36.2121401134112,6.0,7,9,1974,6.99893e-05,B,B,46,10309,1,240.0,1,16,B,244857.65956107964
1580,4,3,66.88700413597114,39.40710929174745,5.0,3,5,1930,0.042031587,B,B,37,6856,84,1940.0,2,5,B,269866.99988110724
11089,6,1,40.9997034984312,32.772431056458856,6.233004930000002,17,17,1977,0.243204519,B,B,5,1564,0,540.0,0,0,B,127761.5144193857
10926,27,3,81.91427796696803,32.772431056458856,6.233004930000002,6,13,1977,0.017647053,B,B,2,469,0,900.0,0,0,B,241401.3349992773
12773,56,3,77.11700468014372,48.68733710538989,10.0,4,17,1988,0.0,B,B,23,5067,4,900.0,2,6,B,328398.6876853725
6490,44,3,71.47514454957863,48.3754810832277,6.0,12,12,1981,0.232205084,B,B,24,4860,1,80.0,0,3,B,302170.8835677794
10858,6,1,40.732911640534965,38.81730094739986,1.0,17,17,2014,0.243204519,B,B,5,1564,0,540.0,0,0,B,131036.0310503762
2831,21,1,21.452899484962423,15.79850945588107,3.0,9,9,1972,0.194489265,B,B,47,8004,3,125.0,3,5,B,127823.95147490223
16326,75,1,32.22956476162387,17.129572841468462,6.0,4,5,1964,0.122090347,B,B,29,6566,7,1894.0,4,0,B,154496.5516881902
371,27,3,77.80249889983737,48.38158984337357,9.0,4,17,2011,0.07542368,B,B,11,3097,0,900.0,0,0,B,323327.49892792053
8852,22,2,60.21002019827807,32.772431056458856,1.0,11,17,1977,0.118537385,B,B,30,6207,1,1183.0,1,0,B,190777.59657901237
6713,47,3,73.61935861854883,49.86600523360342,10.0,2,17,2009,0.197367951,B,B,8,2423,1,32.0,0,1,B,304894.21531461296
4230,34,1,45.84676180237188,44.32027456098964,10.0,16,16,2014,0.069753361,B,B,53,13670,4,900.0,1,11,B,198734.10570236444
3639,6,3,83.91998672420492,32.772431056458856,6.233004930000002,8,17,1977,0.243204519,B,B,5,1564,0,540.0,0,0,B,219898.0726731062
3642,57,2,47.93619512775221,29.93650752089387,6.0,8,9,1974,0.133215333,B,B,49,11395,3,1406.0,3,4,A,203612.4590402188
5149,1,2,61.29261815698233,32.772431056458856,1.0,5,16,1977,0.007122317,B,B,1,264,0,900.0,0,1,B,218715.05470736063
2861,98,2,48.61217620613429,33.7851576116225,5.0,4,5,1966,0.195781053,B,B,23,5212,6,900.0,3,2,B,185931.15146402374
13300,23,2,54.82276155541347,54.5363811812403,1.0,4,17,1977,0.005767451,B,B,1,388,0,900.0,0,0,B,156097.80609425963
2807,27,3,100.86724999121516,53.117269461260776,12.0,9,14,2011,0.041116354,B,B,53,14892,4,900.0,1,4,B,361354.74017278646
5919,23,2,48.76525938937736,32.772431056458856,1.0,4,12,1977,0.034656082,B,B,0,168,0,900.0,0,0,B,117264.42710757306
12716,48,3,105.6222728494188,105.6222728494188,1.0,1,1,2015,0.041124634,B,B,46,9515,5,900.0,1,10,B,454447.88756319485
4271,8,2,58.55134800925896,32.2153987346703,10.0,5,16,1981,0.219006007,B,B,28,6746,3,900.0,1,4,B,237367.59513635797
16055,62,3,108.21890113362416,108.21890113362416,10.0,4,17,2017,0.072157581,B,B,2,629,1,900.0,0,0,A,292193.46071365214
3747,23,5,139.04576318583412,89.79027379211708,42.0,1,3,2015,0.014072961,B,B,2,475,0,900.0,0,0,B,355467.6700471216
5857,26,1,56.68845982053818,32.772431056458856,1.0,8,20,2013,0.0,B,B,36,6714,2,2672.0,0,2,B,175969.19743813336
6884,79,3,73.01261451388395,50.229095985318565,9.0,12,14,1975,0.307466659,B,A,30,5048,9,325.0,2,5,B,320060.0994730218
16027,98,2,53.617555576062266,34.9723058078078,9.0,9,17,2003,0.195781053,B,B,23,5212,6,900.0,3,2,B,226771.06413863972
3512,105,4,77.69972605308722,51.65130297357904,8.0,2,12,1977,0.069660344,B,B,31,6119,4,900.0,1,2,B,293490.3922767238
5181,27,2,61.55017045470249,58.22555732937045,7.0,5,14,2015,0.017647053,B,B,2,469,0,900.0,0,0,B,230000.3349546468
16732,25,2,62.64144269941148,32.772431056458856,1.0,20,22,1977,0.069753361,B,B,53,13670,4,900.0,1,11,B,199909.5464761579
1908,6,2,64.88350677448993,32.772431056458856,1.0,3,17,1977,0.243204519,B,B,5,1564,0,540.0,0,0,B,183547.42106939162
12082,39,1,40.84533365430253,22.708265006580486,9.0,2,16,1982,0.428825818,B,B,25,5011,8,730.0,0,2,B,167041.55535288536
7286,9,1,46.228912083029385,32.772431056458856,1.0,1,1,1977,0.161531741,B,B,25,5648,1,30.0,2,4,B,165994.117568544
8216,27,2,58.86609040165634,32.772431056458856,1.0,14,19,1977,0.211401214,B,B,9,1892,0,900.0,0,1,B,214815.13339344886
6929,12,3,81.85000518150925,45.896615288923634,10.0,8,14,1996,0.090799103,B,B,74,19083,2,900.0,5,15,B,361965.8780798306
3950,20,2,53.135612421455406,32.72172198579225,12.0,10,17,2003,0.019508796,B,B,37,7687,11,176.0,5,5,B,224156.87420098507
12479,64,1,34.27677792317554,19.78944077848273,6.0,6,9,1969,0.135649789,B,B,46,7960,6,350.0,3,11,B,156735.99391671905
877,27,1,45.72326456761507,32.772431056458856,1.0,10,17,1977,0.072157581,B,B,2,629,1,900.0,0,0,A,152982.12048063544
1366,130,2,37.39921886227778,21.7849037057722,6.0,2,9,1968,0.21843974,B,B,21,4472,6,1450.0,4,7,A,176317.95610634386
384,9,1,43.56772746219283,32.772431056458856,1.0,1,1,1977,0.161531741,B,B,25,5648,1,30.0,2,4,B,136299.02777451844
5767,79,2,48.54572333459649,32.582038529840226,8.0,5,12,1971,0.307466659,B,A,30,5048,9,325.0,2,5,B,233818.46775562715
6910,3,1,38.78799930878896,19.878572122602154,8.0,8,16,1984,0.050900058,B,B,43,10621,1,30.0,2,3,B,180994.14793209347
187,29,2,45.84490972289191,32.040112505153914,5.0,12,12,1968,0.069660344,B,B,31,6119,4,900.0,1,2,B,207788.60613892478
10164,58,4,94.9973324343706,57.01740233636862,9.0,6,9,2010,0.31019913,B,B,11,2748,1,900.0,0,0,B,417632.1145159543
8603,1,2,62.99129525485287,34.24626875310812,10.0,8,22,1992,0.025609157,B,B,33,5261,0,240.0,3,1,B,276846.9829173467
15834,1,3,68.25377388584388,44.18144257158742,6.0,11,12,1983,0.059456227,B,B,1,362,0,900.0,0,0,B,256303.92908886165
3078,6,1,41.62266636907175,20.375135662386576,7.0,9,17,2015,0.243204519,B,B,5,1564,0,540.0,0,0,B,180281.87047959247
3479,55,2,58.891624398509705,37.4761091321626,10.0,15,22,1993,0.041365446,B,B,31,5569,0,900.0,1,4,B,284229.26298994105
6671,145,2,52.92504420702615,30.100026879455616,8.0,2,17,1988,0.0,B,B,30,5562,0,900.0,0,5,A,238779.9715437431
6078,57,1,39.01076947548847,16.26927460511365,14.0,5,10,2005,0.090799103,B,B,74,19083,2,900.0,5,15,B,162743.74861060389
16271,23,2,64.5918253299254,32.772431056458856,1.0,5,17,1977,0.005767451,B,B,1,388,0,900.0,0,0,B,184156.67292872033
16191,52,1,39.8334101825081,20.481255717382897,9.0,8,16,1986,0.371148999,B,B,34,7065,1,750.0,2,5,B,179019.5245094821
11544,23,2,67.64688874787622,32.772431056458856,1.0,5,17,1977,0.075778755,B,B,6,1437,3,900.0,0,2,B,196193.7202568183
7781,92,1,37.91472329839142,20.59454126952537,7.0,11,17,2014,0.460556389,B,B,20,4386,14,900.0,1,5,B,178317.16041097246
14918,29,2,84.79723573319764,40.222558950179966,11.0,26,30,2014,0.069660344,B,B,31,6119,4,900.0,1,2,B,381918.7982759971
6238,98,1,42.28162538883213,19.001186762555854,9.0,10,16,1979,0.195781053,B,B,23,5212,6,900.0,3,2,B,177773.5627001914
12989,109,2,44.1385234951216,33.369995292723004,5.0,4,5,1964,0.1363303,B,B,30,6141,10,262.0,3,6,B,176711.0131167374
11907,17,1,42.96664088452114,19.444965335700587,9.0,2,8,1960,0.0,B,B,25,5027,4,46.0,1,1,B,173501.35559092657
9696,1,1,48.8352688217844,32.772431056458856,1.0,1,1,1977,0.007122317,B,B,1,264,0,900.0,0,1,B,156382.86168773356
14084,89,2,60.10346563359157,32.136588238080286,8.0,18,18,2009,0.0,B,B,25,5027,4,46.0,1,1,B,241629.5348002591
3895,21,1,36.51481755201242,36.51481755201242,7.0,9,9,1973,0.194489265,B,B,47,8004,3,125.0,3,5,B,136274.43212203932
4367,28,2,47.42543279912874,32.15148176102982,5.0,3,9,1968,0.333891544,B,B,30,6564,1,900.0,0,0,B,191791.397988954
8453,23,1,27.839145352008995,27.839145352008995,6.233004930000002,6,6,2018,0.034656082,B,B,0,168,0,900.0,0,0,B,98714.67647401591
7638,53,3,80.41686352582073,80.40593351836998,1.0,5,18,2016,0.049637257,B,B,34,7759,0,229.0,1,3,B,245525.06395919528
8373,74,2,78.62221205458839,32.772431056458856,1.0,9,17,1977,0.075778755,B,B,6,1437,3,900.0,0,2,B,223171.45100869544
4674,28,1,45.27831696761931,24.00113021082568,8.0,4,14,1990,0.118537385,B,B,30,6207,1,1183.0,1,0,B,178003.02769403075
15787,105,1,27.15601893666372,16.243487881428102,5.0,5,5,1969,0.040242764,B,B,25,3478,11,2729.0,3,1,B,132349.0155361673
5903,19,2,56.18466342234829,34.33767102216961,9.0,17,17,1981,0.000991363,B,B,33,6783,3,900.0,1,9,B,259635.17599658054
13679,81,2,48.07436233616006,30.74892348407466,5.0,5,5,1964,0.319809354,B,B,25,4756,16,2857.0,5,8,B,190210.53284649408
9018,152,4,87.9697387567372,63.39276949224817,7.0,2,5,1933,0.042031587,B,B,37,6856,84,1940.0,2,5,B,356956.5099646048
15823,191,2,55.50010085768034,50.16911670319607,8.0,9,16,1985,0.127375905,B,B,43,8429,3,900.0,3,9,B,262478.0238527034
13289,1,1,42.54116814557532,32.772431056458856,1.0,14,17,1977,0.007122317,B,B,1,264,0,900.0,0,1,B,133589.6489665697
9896,148,1,37.32467137850306,21.60661922480813,9.0,8,12,1969,0.313924552,B,B,22,4625,11,3855.0,2,10,B,174037.16823333822
14436,7,2,45.27561620759978,28.10251588164896,5.0,5,5,1967,0.130617806,B,B,39,10418,9,900.0,1,9,B,172565.31511713698
5547,156,1,41.68799420642208,20.1483368541395,7.0,6,14,2011,0.007658515,B,B,35,7077,56,2301.0,3,19,B,179050.54798911538
4048,26,1,83.78632923735773,36.61505212250033,14.0,16,30,2011,0.0,B,B,36,6714,2,2672.0,0,2,B,372137.9277787065
16579,3,2,53.62124783920879,31.480195207196918,8.0,6,17,1985,0.050900058,B,B,43,10621,1,30.0,2,3,B,219977.94622734454
8550,178,2,44.640487589537706,24.76329549936511,5.0,5,5,1961,0.460556389,B,B,20,4386,14,900.0,1,5,B,184017.53422705352
9385,100,2,59.0495124989822,32.80934922276225,10.0,7,14,2008,0.200146802,B,B,23,3975,8,770.0,2,0,B,223069.69327593214
5242,27,2,71.52025221956288,31.908843359924088,10.0,4,17,2018,0.011654127,B,B,4,915,0,900.0,0,0,B,217459.87124494388
31,24,1,42.10351127275372,14.902370780710935,8.0,10,24,2015,0.111627393,B,B,50,12238,8,1970.0,2,3,B,178990.8437804598
6144,5,2,61.14035310533994,61.14035310533994,6.233004930000002,11,11,1977,0.150817539,B,B,16,3433,4,2643.0,4,5,B,211125.07253258227
3990,23,3,81.30660707286428,32.772431056458856,1.0,11,25,1977,0.075778755,B,B,6,1437,3,900.0,0,2,B,239933.51741697057
2523,23,2,53.82733774919834,32.772431056458856,1.0,3,3,2014,0.005767451,B,B,1,388,0,900.0,0,0,B,92978.51798008518
12608,1,3,85.61318708970776,32.772431056458856,1.0,6,6,1977,0.007122317,B,B,1,264,0,900.0,0,1,B,230855.6892220696
7234,62,2,64.2974488343626,32.772431056458856,6.233004930000002,8,13,1977,0.072157581,B,B,2,629,1,900.0,0,0,A,201156.5139293331
15264,53,2,44.222793432780215,29.153547074364543,5.0,1,9,1976,0.313924552,B,B,22,4625,11,3855.0,2,10,B,181468.37875047684
9623,154,1,39.72081427403249,21.49834481317311,9.0,12,12,1970,0.460556389,B,B,20,4386,14,900.0,1,5,B,177146.3344593414
3161,9,3,78.54188871485694,48.2113515584038,10.0,11,17,1995,0.069753361,B,B,53,13670,4,900.0,1,11,B,340455.50078646006
7425,27,1,41.43988853509735,39.2670509603737,10.0,8,22,2017,0.211401214,B,B,9,1892,0,900.0,0,1,B,155503.04767480982
13021,52,3,78.09870079814456,49.11438849917286,10.0,12,16,1984,0.371148999,B,B,34,7065,1,750.0,2,5,B,339804.48890645953
4044,21,1,34.98847159773435,18.10320246804801,5.0,9,9,1969,0.194489265,B,B,47,8004,3,125.0,3,5,B,177671.38708386326
15411,9,3,89.58248575401251,32.772431056458856,1.0,1,1,1977,0.161531741,B,B,25,5648,1,30.0,2,4,B,255254.89503166554
979,48,3,67.44586674103557,48.074436521782864,6.0,11,12,1983,0.041124634,B,B,46,9515,5,900.0,1,10,B,263567.79564106435
5514,9,3,88.87189525804499,32.772431056458856,1.0,1,1,1977,0.161531741,B,B,25,5648,1,30.0,2,4,B,257684.51371322403
4817,15,1,38.46240799301908,20.757252306765945,7.0,11,14,2007,0.158249043,B,B,21,5731,0,900.0,1,0,B,178859.30261253708
2115,62,2,74.84267846408036,32.772431056458856,6.233004930000002,13,13,1977,0.072157581,B,B,2,629,1,900.0,0,0,A,286432.379084994
10571,5,2,54.96951500459082,32.772431056458856,1.0,1,1,1977,0.150817539,B,B,16,3433,4,2643.0,4,5,B,162781.24968562432
8992,9,3,75.49021508694223,45.29031043932859,8.0,7,11,2013,0.161531741,B,B,25,5648,1,30.0,2,4,B,348020.27145675657
15546,44,1,37.79326669905629,19.93889338482564,7.0,14,17,2008,0.232205084,B,B,24,4860,1,80.0,0,3,B,178482.1134444398
11359,27,2,48.6670346648681,33.66285752679401,6.0,4,4,1963,0.211401214,B,B,9,1892,0,900.0,0,1,B,188147.70001198075
11972,27,2,65.66091478699704,60.67694868236322,7.0,1,1,2017,0.017647053,B,B,2,469,0,900.0,0,0,B,214926.12670719196
12838,23,2,63.00556944101911,62.31396267001975,6.233004930000002,18,25,1977,0.075778755,B,B,6,1437,3,900.0,0,2,B,205973.34407580373
5948,6,1,40.11398408545357,32.772431056458856,1.0,17,17,1977,0.243204519,B,B,5,1564,0,540.0,0,0,B,130266.93788904532
422,69,2,57.18489954699714,36.72360168155123,9.0,8,16,1982,0.000991363,B,B,33,6783,3,900.0,1,9,B,258713.30099765185
4855,1,1,41.39383967632886,21.689185402367148,10.0,4,22,2007,0.025609157,B,B,33,5261,0,240.0,3,1,B,195983.31879560067
16197,27,1,42.726200652094455,40.88475319443671,1.0,2,17,2017,0.011654127,B,B,4,915,0,900.0,0,0,B,131066.85323323285
8926,166,3,80.36343246530713,57.64573703639207,9.0,4,8,1957,0.174739084,B,B,17,3379,9,100.0,0,3,B,420795.4400786595
5703,74,1,56.81324240471277,32.772431056458856,1.0,1,1,1977,0.075778755,B,B,6,1437,3,900.0,0,2,B,173732.7843328476
8848,7,2,46.94882213068532,34.991728034968965,6.0,8,12,1976,0.130617806,B,B,39,10418,9,900.0,1,9,B,220448.24318810285
7039,96,3,77.61501016978387,45.03516624063794,10.0,8,14,1995,0.041116354,B,B,53,14892,4,900.0,1,4,B,355342.1462946333
3806,1,1,47.36316137800014,47.36316137800014,1.0,12,24,1977,0.007122317,B,B,1,264,0,900.0,0,1,B,180666.24975851047
15154,67,2,57.91909261213966,32.772431056458856,1.0,4,4,1977,0.0077202819999999,B,B,38,4788,2,900.0,0,4,B,153534.29309529866
13132,30,2,61.25354853615504,32.772431056458856,1.0,21,22,1977,7.81528e-05,B,B,22,6398,141,1046.0,3,23,B,198181.5816545001
7438,1,2,63.51375386290896,32.772431056458856,1.0,2,20,1977,0.007122317,B,B,1,264,0,900.0,0,1,B,188839.80923926726
4398,58,3,86.15978244310621,32.772431056458856,1.0,8,17,1977,0.43788524,B,B,23,5735,3,1084.0,0,5,B,246464.71227344905
2440,61,2,39.660695434791954,26.69614459103268,6.0,5,12,1968,0.298204575,B,B,16,4048,3,900.0,1,3,B,203799.9915840792
3751,113,1,35.03611458870558,21.891988320877484,5.0,1,5,1968,0.307466659,B,A,30,5048,9,325.0,2,5,B,146041.59573183706
1476,12,1,41.83742401125364,21.046614333888645,8.0,14,16,1981,0.090799103,B,B,74,19083,2,900.0,5,15,B,178551.86035584818
2264,100,1,65.67250886585836,63.19721162004882,1.0,16,16,2017,0.200146802,B,B,23,3975,8,770.0,2,0,B,222539.96048689072
16444,31,1,32.731194800887906,15.019806603539712,8.0,1,5,1964,0.151346216,B,A,32,5889,10,830.0,4,1,B,145777.2927974661
10704,52,2,51.92149100340754,32.772431056458856,1.0,6,17,1977,0.371148999,B,B,34,7065,1,750.0,2,5,B,158266.67096468472
4033,27,1,51.94232335373476,32.772431056458856,6.233004930000002,12,13,1977,0.072157581,B,B,2,629,1,900.0,0,0,A,154904.5530124768
4508,62,1,40.59708002769785,32.772431056458856,6.233004930000002,7,15,1977,0.072157581,B,B,2,629,1,900.0,0,0,A,121148.10019320204
16290,37,2,54.6464203536069,32.77192467127642,8.0,3,12,1981,0.127811589,B,B,28,7287,5,320.0,1,3,B,213769.2541407859
10387,1,2,65.12320444149329,32.772431056458856,1.0,9,17,1977,0.007122317,B,B,1,264,0,900.0,0,1,B,188289.6058791348
5457,39,1,34.11379384230999,19.70563672368716,6.0,3,9,1973,0.428825818,B,B,25,5011,8,730.0,0,2,B,153913.52584087348
4910,84,3,68.64459217986337,47.87009863323779,7.0,6,16,1980,0.149666373,B,B,22,4789,2,4087.0,4,1,B,299222.8514881777
7451,140,2,43.542745218512096,27.841179037582503,5.0,3,5,1964,0.0,B,B,33,7425,1,900.0,2,5,B,159771.8020498975
10732,72,1,35.77442664027005,20.86016754693631,6.0,7,9,1970,0.210473241,B,B,11,2398,2,1994.0,3,0,B,164156.10491948595
8015,27,1,66.0990958257489,33.639610651444656,6.233004930000002,3,7,2016,0.01405792,B,B,1,290,0,900.0,0,0,B,166675.45080345008
6148,88,1,41.1515782548306,23.193879498354093,8.0,6,12,1978,0.127375905,B,B,43,8429,3,900.0,3,9,B,179923.9513062265
5892,1,3,80.975755418892,32.772431056458856,1.0,15,17,1977,0.007122317,B,B,1,264,0,900.0,0,1,B,235954.31882884767
7825,48,2,46.77134458484683,33.09899108160816,6.0,3,12,1980,0.041124634,B,B,46,9515,5,900.0,1,10,B,191718.83343954608
6851,20,2,40.14649936004989,27.535502343824447,6.0,6,17,1973,0.019508796,B,B,37,7687,11,176.0,5,5,B,189723.97689029216
6633,89,2,48.049284495669134,29.329381421013807,5.0,3,5,1963,0.1363303,B,B,30,6141,10,262.0,3,6,B,190364.9711597126
2139,53,2,58.32079768409543,32.772431056458856,1.0,1,1,1977,0.049637257,B,B,34,7759,0,229.0,1,3,B,206396.2828967499
10213,1,3,80.31877990996487,47.841238835728085,10.0,3,22,2008,0.025609157,B,B,33,5261,0,240.0,3,1,B,338788.42102940666
2830,109,2,47.95279490939221,35.96621353345996,5.0,5,5,1962,0.1363303,B,B,30,6141,10,262.0,3,6,B,208471.2523540227
13907,6,1,41.7104393880555,21.20632743667163,8.0,9,14,2006,0.243204519,B,B,5,1564,0,540.0,0,0,B,178815.29834713935
15897,7,3,78.40025879520344,47.51646215996497,9.0,22,22,1989,0.130617806,B,B,39,10418,9,900.0,1,9,B,397718.98413317866
8311,53,1,38.74789725849215,21.60202040694776,8.0,15,24,2020,0.049637257,B,B,34,7759,0,229.0,1,3,B,180894.3109701956
14230,129,1,43.07487292261407,18.41089462303355,10.0,4,24,2010,0.020741326,B,B,24,5613,5,1340.0,2,5,B,184406.59698196594
3878,139,2,43.73242549138507,29.019878833170303,5.0,5,5,1962,0.122090347,B,B,29,6566,7,1894.0,4,0,B,176278.5896038248
13732,12,2,44.33114855607968,28.018305164333647,6.0,7,9,1982,0.090799103,B,B,74,19083,2,900.0,5,15,B,204584.06079685796
12110,55,1,42.919456478897295,24.84780489474564,8.0,12,14,1993,0.041365446,B,B,31,5569,0,900.0,1,4,B,166547.12589706486
10675,96,4,96.6217146235823,62.64253698487735,10.0,6,12,2002,0.041116354,B,B,53,14892,4,900.0,1,4,B,413287.1168597762
12946,1,1,33.67039691722691,21.68279505825845,6.0,8,9,1969,0.036270089,B,B,6,1318,1,200.0,1,1,B,158259.8600212092
16754,33,2,45.643389206941535,32.772431056458856,6.233004930000002,4,16,1977,0.236108458,B,B,16,3893,27,900.0,3,10,B,162974.20834425223
4394,26,3,66.4598069003912,46.4275659130825,6.0,12,12,1973,0.0,B,B,36,6714,2,2672.0,0,2,B,264682.0719446024
16728,101,1,36.775700968474816,23.71829967860498,9.0,10,12,1973,0.225824954,A,B,41,6558,7,1548.0,3,2,B,173869.54259079677
14378,2,3,78.56146817868941,44.95831529903283,7.0,16,17,1972,0.309479124,B,B,35,7715,4,990.0,0,6,B,347027.8664280024
9949,55,1,42.01859704341136,22.66482025819445,9.0,14,14,1978,0.012338886,B,B,35,5776,1,2078.0,2,4,B,176150.97532603182
994,109,1,36.3096260133063,23.288187106393213,6.0,1,9,1979,0.1363303,B,B,30,6141,10,262.0,3,6,B,159455.54915236591
13258,94,1,32.81533648860806,22.544629273571537,6.0,6,9,1972,0.282797669,B,B,33,8667,2,900.0,0,6,B,152862.4113951649
5883,4,3,78.97353422042046,51.36551512542715,7.0,3,9,1961,0.327018035,B,B,12,2270,23,2500.0,1,0,B,373999.92704492825
6933,37,2,77.16846718175584,36.89155015314615,13.0,4,6,2010,0.127811589,B,B,28,7287,5,320.0,1,3,B,365629.28655167075
13193,12,2,53.312228326758095,33.794068031118044,8.0,3,14,1993,0.090799103,B,B,74,19083,2,900.0,5,15,B,233074.87357843082
13286,18,1,40.31957708792505,21.56505715881323,8.0,4,14,1987,0.0,B,B,30,5562,0,900.0,0,5,A,176124.901052558
13407,59,2,77.0574758899314,70.45403907368741,16.0,11,11,2020,0.019508796,B,B,37,7687,11,176.0,5,5,B,339707.3710725976
7512,23,1,43.70849076519848,43.08647297245029,1.0,25,25,1977,0.075778755,B,B,6,1437,3,900.0,0,2,B,211445.7018999006
7221,23,3,77.14029916443603,32.772431056458856,1.0,21,25,1977,0.075778755,B,B,6,1437,3,900.0,0,2,B,257404.90932551675
14428,1,2,63.389191173834,34.19322306938645,12.0,17,17,2014,0.007122317,B,B,1,264,0,900.0,0,1,B,182317.79328670132
1740,57,2,47.70199839052486,30.28157178293137,6.0,5,9,1980,0.133215333,B,B,49,11395,3,1406.0,3,4,A,201698.75518590875
3,3,1,30.1854826175857,14.810572765104446,6.0,4,9,1970,0.265088676,B,B,37,5288,0,1937.0,3,2,B,144495.32808111093
12952,37,2,50.28006173696672,35.08136678884241,8.0,8,14,1974,0.127811589,B,B,28,7287,5,320.0,1,3,B,208779.97332518178
11537,9,1,39.22884557100184,21.89881870155452,8.0,9,14,2010,0.31019913,B,B,11,2748,1,900.0,0,0,B,178368.12186668866
2558,1,1,37.44635965807901,32.772431056458856,1.0,9,17,1977,0.007122317,B,B,1,264,0,900.0,0,1,B,118570.22701393985
14081,101,3,65.27804860817325,37.96924667271246,8.0,9,12,1980,0.225824954,A,B,41,6558,7,1548.0,3,2,B,289083.1719862132
3517,17,1,44.73602938820833,19.261716632845086,10.0,15,24,2011,0.093442564,B,B,23,4635,5,3300.0,2,4,B,170657.10901816326
7149,110,2,54.32322742420549,30.820599882614623,7.0,11,14,1994,0.033493708,B,B,66,10573,1,1322.0,3,8,B,229108.5829637291
15777,27,1,41.22307894813133,41.22307894813133,1.0,13,17,2015,0.011654127,B,B,4,915,0,900.0,0,0,B,132886.9306940493
8995,28,2,55.98941167215157,29.41056658606215,11.0,2,16,1990,0.118537385,B,B,30,6207,1,1183.0,1,0,B,236129.62537257644
826,127,3,101.87676714603236,70.74426616583393,11.0,8,9,1977,0.486245621,B,B,13,2514,19,900.0,0,6,B,419185.4010201048
509,118,2,57.41543434621534,36.27471222749674,8.0,3,8,1958,0.21843974,B,B,21,4472,6,1450.0,4,7,A,273787.6498726645
14875,44,2,73.0469529471514,38.91277186924153,1.0,7,12,1977,0.036122292,B,B,24,4378,0,1036.0,1,1,B,257320.3119388365
6591,9,2,52.30709406664636,29.286768553857737,7.0,2,9,1970,0.31019913,B,B,11,2748,1,900.0,0,0,B,230612.03843230032
11283,27,1,40.26422154570846,32.772431056458856,1.0,2,17,2016,0.011654127,B,B,4,915,0,900.0,0,0,B,116931.35119007409
9897,41,2,54.13232486276449,33.01516142531034,10.0,5,16,1985,0.175054867,B,B,36,10055,3,900.0,1,0,B,226257.51567873202
14902,28,1,39.5646130852,21.490468835453036,9.0,14,16,1986,0.118537385,B,B,30,6207,1,1183.0,1,0,B,176413.47923958238
14291,27,2,65.65985093990662,33.48381106685745,12.0,17,17,2014,0.072157581,B,B,2,629,1,900.0,0,0,A,248393.36070665243
3162,94,3,60.16070169698512,45.10268597647149,5.0,3,9,1970,0.282797669,B,B,33,8667,2,900.0,0,6,B,243739.41089825545
4206,26,2,40.226881636719774,26.04248800249269,7.0,8,9,1964,0.0,B,B,36,6714,2,2672.0,0,2,B,204294.80557967254
11580,84,2,46.14046799469262,31.69083138553465,5.0,8,12,1970,0.149666373,B,B,22,4789,2,4087.0,4,1,B,206400.49824776125
2007,30,3,83.80187923926731,32.772431056458856,1.0,1,1,1977,7.81528e-05,B,B,22,6398,141,1046.0,3,23,B,285957.73590825475
14939,210,2,54.95382600226949,31.2239165688112,6.0,3,10,1956,0.081943463,B,B,20,2738,20,900.0,1,4,B,207856.9495820681
13572,30,2,63.73875024628544,49.44228838387225,10.0,3,15,2014,7.81528e-05,B,B,22,6398,141,1046.0,3,23,B,228618.0907590915
10720,1,1,49.27244798540568,32.772431056458856,1.0,20,24,1977,0.007122317,B,B,1,264,0,900.0,0,1,B,144667.1726465275
4253,27,3,80.63090757217947,48.586375211697685,10.0,3,12,2000,0.041116354,B,B,53,14892,4,900.0,1,4,B,321928.80749829544
10857,27,1,40.83133090324648,32.772431056458856,10.0,16,17,1977,0.011654127,B,B,4,915,0,900.0,0,0,B,124882.7571121302
6254,2,2,36.94694912065504,22.087825407678658,5.0,8,9,1981,0.0,B,B,33,7425,1,900.0,2,5,B,201400.80858118113
14681,0,1,47.34676728774003,22.16860750481646,10.0,9,12,2005,0.319809354,B,B,25,4756,16,2857.0,5,8,B,184465.01101432656
8080,29,1,31.258425118829106,19.00756604263166,5.0,3,5,1967,0.086885265,B,B,10,2277,2,1547.0,0,0,B,154850.1987133066
8006,113,1,35.37590253077519,22.787446286938486,9.0,14,14,1971,0.050755569,B,B,24,5469,1,145.0,0,1,B,174939.08272140927
13135,30,3,65.43339811226687,64.66823615437197,1.0,4,4,1977,7.81528e-05,B,B,22,6398,141,1046.0,3,23,B,138552.87198801961
4527,63,2,48.76506918468134,35.61597404846713,8.0,12,12,1970,0.23861713,B,B,26,3889,6,705.0,3,6,B,219346.3022357641
12688,1,2,67.48360025726446,32.772431056458856,1.0,13,17,1977,0.007122317,B,B,1,264,0,900.0,0,1,B,191493.5960806337
15920,27,1,41.95369151501975,32.772431056458856,1.0,1,1,1977,0.072157581,B,B,2,629,1,900.0,0,0,A,117765.89284008394
16786,23,1,44.66916066224369,32.772431056458856,1.0,7,25,1977,0.075778755,B,B,6,1437,3,900.0,0,2,B,126262.48226901218
16637,27,2,64.16805290294141,32.772431056458856,1.0,1,1,2014,0.017647053,B,B,2,469,0,900.0,0,0,B,187141.02306258655
949,27,2,48.56496345098903,32.772431056458856,1.0,1,1,1977,0.072157581,B,B,2,629,1,900.0,0,0,A,153140.957195072
10696,129,2,59.03979088207815,35.38224226472132,8.0,7,8,1961,0.020741326,B,B,24,5613,5,1340.0,2,5,B,322902.32530508836
605,134,1,50.35534153250654,32.772431056458856,1.0,14,25,2017,0.212515361,B,B,19,3293,16,628.0,3,7,B,155505.04850976818
10819,46,2,49.35233430214893,32.094831777646014,6.0,8,12,1980,0.0,B,B,47,11319,0,1145.0,3,5,B,209529.90600711535
9490,39,1,37.45688916612664,22.210400482759468,9.0,8,14,1980,0.428825818,B,B,25,5011,8,730.0,0,2,B,176693.34772851266
1813,88,3,50.66880995503038,37.69197791772386,5.0,8,12,1974,0.127375905,B,B,43,8429,3,900.0,3,9,B,223928.5639025139
15958,124,3,63.287292581639,41.78444590706794,8.0,9,9,1978,0.16909109,B,B,19,3856,10,900.0,2,5,B,264894.1304409611
10873,92,3,82.64279285821395,51.34498088942618,8.0,6,12,1985,0.460556389,B,B,20,4386,14,900.0,1,5,B,328531.8671352865
14381,91,2,52.24550037389147,31.479656790823302,10.0,12,12,1977,0.033493708,B,B,66,10573,1,1322.0,3,8,B,232290.44108091597
5745,6,1,43.76998048253842,40.80691095181312,1.0,16,25,2015,0.243204519,B,B,5,1564,0,540.0,0,0,B,159248.35087704356
286,47,3,82.76310854201816,32.772431056458856,1.0,15,22,1977,0.197367951,B,B,8,2423,1,32.0,0,1,B,320740.29775868484
14799,11,3,66.16227439518832,46.75020253356257,9.0,9,12,1968,0.038692987,B,B,28,6533,1,1015.0,2,5,B,286900.1689110733
437,58,1,37.67117141993681,20.517963185359136,9.0,9,12,1965,0.050755569,B,B,24,5469,1,145.0,0,1,B,179960.37050346966
12172,23,1,36.96634132221517,33.02752037943226,1.0,3,3,1977,0.005767451,B,B,1,388,0,900.0,0,0,B,106534.34974003278
8534,30,1,45.39296970176216,32.772431056458856,1.0,1,1,1977,7.81528e-05,B,B,22,6398,141,1046.0,3,23,B,146173.3448759166
14463,66,3,81.19881647278656,46.71482019471125,10.0,13,23,2002,0.111627393,B,B,50,12238,8,1970.0,2,3,B,349611.7169172864
13672,6,2,60.85498628715335,32.772431056458856,6.233004930000002,4,13,1977,0.243204519,B,B,5,1564,0,540.0,0,0,B,187886.3228628359
6720,27,3,81.87732585620229,81.87732585620229,10.0,16,17,2016,0.011654127,B,B,4,915,0,900.0,0,0,B,280012.98108041333
16057,6,3,78.79039686733063,32.772431056458856,6.233004930000002,3,17,1977,0.243204519,B,B,5,1564,0,540.0,0,0,B,236646.0252949381
2659,56,3,80.1962253828487,48.8005802228147,10.0,20,22,2003,0.0,B,B,23,5067,4,900.0,2,6,B,378615.70850404707
11649,61,1,32.02330094586077,18.946134663306,6.0,1,9,1978,0.300322518,B,B,52,10311,6,900.0,1,9,B,154337.55371421744
4478,6,1,39.495557234683005,39.495557234683005,1.0,8,17,1977,0.243204519,B,B,5,1564,0,540.0,0,0,B,130903.74053857032
555,7,4,74.9597581751952,74.03072342454782,6.0,5,16,1972,0.130617806,B,B,39,10418,9,900.0,1,9,B,357322.6869294431
4819,31,3,61.22696118742204,49.0405886972996,5.0,4,5,1960,0.151346216,B,A,32,5889,10,830.0,4,1,B,244465.90360005945
15188,31,1,55.065799780626186,25.212095644522,10.0,24,40,2015,0.151346216,B,A,32,5889,10,830.0,4,1,B,252068.62089276797
16115,29,2,39.105942617150326,28.207091297898888,6.0,9,9,1965,0.069660344,B,B,31,6119,4,900.0,1,2,B,198024.7370903292
11427,23,2,47.362594939138965,47.362594939138965,10.0,12,12,1977,0.034656082,B,B,0,168,0,900.0,0,0,B,191168.0054744498
15483,74,1,52.34891900290146,16.146111258237852,13.0,4,17,2016,0.075778755,B,B,6,1437,3,900.0,0,2,B,179546.62206334958
829,126,1,42.199066435420725,24.66746703790884,8.0,4,14,2003,0.333891544,B,B,30,6564,1,900.0,0,0,B,165530.14507677755
13576,40,2,56.28031161619775,35.36073381290812,7.0,3,9,1971,0.200146802,B,B,23,3975,8,770.0,2,0,B,246363.2556804742
13810,27,2,59.205027775284776,32.26501131197599,10.0,11,14,2000,0.041116354,B,B,53,14892,4,900.0,1,4,B,240021.11573423631
1052,6,1,52.64740359700341,32.772431056458856,1.0,6,25,1977,0.243204519,B,B,5,1564,0,540.0,0,0,B,165611.8854789836
10673,58,2,57.95174099671314,57.95174099671314,6.233004930000002,5,13,1977,0.43788524,B,B,23,5735,3,1084.0,0,5,B,186666.79232231004
8525,110,4,93.46569572690274,56.38877243611909,8.0,6,14,1996,0.033493708,B,B,66,10573,1,1322.0,3,8,B,395881.0613094663
13154,7,2,63.826394671980246,34.914982550379435,10.0,7,18,2010,0.130617806,B,B,39,10418,9,900.0,1,9,B,269885.8400538644
13856,58,2,48.86644101817546,28.233726818167558,5.0,5,9,1967,0.31019913,B,B,11,2748,1,900.0,0,0,B,200717.40876404796
5125,1,3,67.73573890782153,38.51992880636123,8.0,14,14,1989,0.025609157,B,B,33,5261,0,240.0,3,1,B,277897.5962121472
5551,30,3,86.69855297322044,86.69855297322044,1.0,9,12,2014,7.81528e-05,B,B,22,6398,141,1046.0,3,23,B,277964.4945776106
14262,17,2,39.14532025482227,24.03727112295172,7.0,14,19,1970,0.0,B,B,18,3374,5,620.0,1,2,B,212975.71449656875
8872,1,1,39.627646628973686,32.772431056458856,1.0,12,17,1977,0.007122317,B,B,1,264,0,900.0,0,1,B,130227.77172117993
10341,115,2,40.85172116250776,25.81134092717684,5.0,2,5,1961,1.8e-09,B,B,16,3681,73,1815.0,2,5,B,169206.1394842942
7231,21,1,41.99692388230889,25.503178262736693,8.0,8,12,1978,0.194489265,B,B,47,8004,3,125.0,3,5,B,172761.5072408255
10950,42,2,55.89831490068351,31.37936501394752,9.0,12,14,2007,0.158249043,B,B,21,5731,0,900.0,1,0,B,231595.7209510157
4031,27,2,55.92319591297159,34.539843264106324,8.0,5,9,1987,0.017647053,B,B,2,469,0,900.0,0,0,B,273688.80978633725
13852,62,1,48.16982935700519,25.32539908060597,14.0,7,12,2014,0.072157581,B,B,2,629,1,900.0,0,0,A,190854.30888765893
5886,1,3,76.2733986587787,49.6775062995469,10.0,11,17,1989,0.025609157,B,B,33,5261,0,240.0,3,1,B,321797.304416534
859,144,4,100.9904278876644,72.31745784247971,9.0,2,5,1960,0.306977489,B,B,27,5148,14,1575.0,5,7,B,423212.4647843289
9436,101,2,47.13937180143312,31.05802601619266,5.0,5,5,1966,0.038692987,B,B,28,6533,1,1015.0,2,5,B,189742.46482301885
13638,113,1,80.98233492680956,80.98233492680956,10.0,7,17,2019,0.050755569,B,B,24,5469,1,145.0,0,1,B,245412.24435887038
15337,129,2,38.85990570440257,26.977272121511035,7.0,9,9,1963,0.020741326,B,B,24,5613,5,1340.0,2,5,B,190716.30204991665
5506,1,3,82.8911227927767,32.772431056458856,1.0,16,17,1977,0.007122317,B,B,1,264,0,900.0,0,1,B,236384.01037569865
13550,27,1,41.67176848081333,38.5123464393983,1.0,10,10,2019,0.211401214,B,B,9,1892,0,900.0,0,1,B,147594.09513594944
12630,8,1,38.37754476303978,20.29581713561241,9.0,2,14,1974,0.458174486,B,A,26,4439,1,1130.0,1,5,B,175893.46228779783
6466,52,1,41.64080813687673,32.772431056458856,1.0,15,17,1977,0.371148999,B,B,34,7065,1,750.0,2,5,B,127586.94870715536
3282,93,1,39.73406818453108,21.235415990070805,8.0,5,14,1986,0.521867054,B,B,25,6149,0,900.0,0,0,B,175866.514741299
4474,21,2,42.62640343799149,29.906751217686057,5.0,5,5,1968,0.394094211,B,B,3,662,0,35.0,0,0,B,190722.52002437643
138,27,3,86.69858388482605,85.19530617089515,1.0,8,14,2017,0.072157581,B,B,2,629,1,900.0,0,0,A,256253.44332445602
15490,62,2,76.70183447580983,32.772431056458856,1.0,9,16,1977,0.072157581,B,B,2,629,1,900.0,0,0,A,202137.18569790688
11584,23,3,102.49174921370896,32.772431056458856,1.0,25,25,1977,0.075778755,B,B,6,1437,3,900.0,0,2,B,255838.41561264702
13309,62,1,54.60530510806257,53.42752935456039,6.233004930000002,12,17,2019,0.072157581,B,B,2,629,1,900.0,0,0,A,172967.1025712579
8860,167,2,71.00673046165267,69.01066476613677,1.0,4,10,2015,0.051942062,B,B,17,4017,7,800.0,2,0,B,190808.44333866547
14037,1,2,62.43324931555273,62.43324931555273,1.0,4,22,1977,0.007122317,B,B,1,264,0,900.0,0,1,B,200112.83401231735
1329,23,1,106.02329935511663,102.19411653785808,1.0,2,2,1977,0.014072961,B,B,2,475,0,900.0,0,0,B,237682.5576770724
2198,54,3,125.4012654858937,125.4012654858937,1.0,1,1,2016,0.006076152,B,B,30,5285,0,645.0,6,6,B,490824.3275668809
1210,156,2,61.26185113436299,35.55749544272813,12.0,12,17,2010,0.007658515,B,B,35,7077,56,2301.0,3,19,B,203281.54396547427
10076,30,2,65.55814162826337,32.772431056458856,1.0,21,21,1977,7.81528e-05,B,B,22,6398,141,1046.0,3,23,B,199660.30741171527
6692,57,3,84.55176444438888,47.9074310812805,12.0,4,12,2002,0.090799103,B,B,74,19083,2,900.0,5,15,B,319783.33468532114
6074,23,2,46.079935031323394,32.49088762680458,5.0,4,4,1972,0.059456227,B,B,1,362,0,900.0,0,0,B,190270.4659282684
13921,123,1,35.21087661610032,18.64767411406101,10.0,6,16,2003,0.0,B,B,47,11319,0,1145.0,3,5,B,166161.57644199036
1646,28,3,82.60515926562887,58.340208700851726,9.0,4,5,1961,0.333891544,B,B,30,6564,1,900.0,0,0,B,369153.78107059834
11676,63,1,39.42954488770447,22.904849294781307,8.0,11,12,1982,0.23861713,B,B,26,3889,6,705.0,3,6,B,181093.83778900024
683,23,2,55.4192436180326,32.772431056458856,6.233004930000002,2,13,1977,0.034656082,B,B,0,168,0,900.0,0,0,B,124599.88014299129
4839,6,1,40.56878830685196,32.772431056458856,1.0,10,17,1977,0.243204519,B,B,5,1564,0,540.0,0,0,B,128486.27160843447
12392,62,1,55.84610742974685,55.84610742974685,10.0,10,10,1977,0.072157581,B,B,2,629,1,900.0,0,0,A,244186.81028495653
5206,23,3,87.14014359156602,51.495990647414494,14.0,2,9,1977,0.034656082,B,B,0,168,0,900.0,0,0,B,315152.9007043699
9104,25,3,89.4479360199383,86.2073484277887,1.0,9,25,2017,0.069753361,B,B,53,13670,4,900.0,1,11,B,291194.69498361234
15554,125,1,36.86914550527779,22.701880152165103,10.0,6,12,1970,0.040242764,B,B,25,3478,11,2729.0,3,1,B,170923.3528158731
1590,27,3,79.94568973050725,32.772431056458856,1.0,14,17,1977,0.011654127,B,B,4,915,0,900.0,0,0,B,233306.75882169176
7894,25,2,81.3104153737153,47.528986059439625,14.0,22,25,2010,0.069753361,B,B,53,13670,4,900.0,1,11,B,367544.861765895
9286,3,1,34.74345696404944,19.77211048020402,6.0,5,9,1971,0.265088676,B,B,37,5288,0,1937.0,3,2,B,161454.6677777338
15364,29,3,79.70643036952208,46.94873269324191,12.0,9,16,1986,0.069660344,B,B,31,6119,4,900.0,1,2,B,339094.66753183166
8260,67,4,63.40925306210194,48.612351485769366,5.0,7,9,1974,0.0077202819999999,B,B,38,4788,2,900.0,0,4,B,266379.01280916267
5746,62,1,44.02135555960434,32.772431056458856,6.233004930000002,13,13,1977,0.072157581,B,B,2,629,1,900.0,0,0,A,139939.3614350911
3357,27,3,170.47632584192434,75.97361243479645,8.0,2,2,2017,0.041116354,B,B,53,14892,4,900.0,1,4,B,290773.53830144013
4755,6,2,62.66803426982936,32.772431056458856,6.233004930000002,6,17,1977,0.243204519,B,B,5,1564,0,540.0,0,0,B,186294.95194289912
5896,62,1,41.27411424374711,32.772431056458856,10.0,3,8,1977,0.072157581,B,B,2,629,1,900.0,0,0,A,113399.68636934059
16520,1,2,66.19336792888153,32.772431056458856,10.0,5,22,2018,0.007122317,B,B,1,264,0,900.0,0,1,B,267211.58064624766
8880,18,2,59.33802441703175,36.676428118209095,10.0,6,17,1996,0.0,B,B,30,5562,0,900.0,0,5,A,267090.35572712205
9321,90,2,56.35317476297042,52.53200745954072,8.0,1,15,1971,0.265088676,B,B,37,5288,0,1937.0,3,2,B,195660.173522942
16463,90,1,35.03307308071564,21.084796605553517,5.0,8,9,1967,0.265088676,B,B,37,5288,0,1937.0,3,2,B,166112.5406017146
4861,93,2,51.67551091684224,30.18883065618893,6.0,9,12,1977,0.521867054,B,B,25,6149,0,900.0,0,0,B,211570.64376336607
5687,94,3,67.34932920123644,50.89863854716052,7.0,12,16,1976,0.521867054,B,B,25,6149,0,900.0,0,0,B,275273.1024330952
2785,53,2,73.81223273946736,35.865537595268385,11.0,10,20,2012,0.313924552,B,B,22,4625,11,3855.0,2,10,B,297103.4991169574
5571,74,2,82.62546631216077,32.772431056458856,10.0,7,20,1977,0.075778755,B,B,6,1437,3,900.0,0,2,B,262517.1981141318
11070,69,3,115.00822310564192,66.04560647734071,11.0,13,24,2010,0.000991363,B,B,33,6783,3,900.0,1,9,B,426166.94583181903
11577,61,2,51.13145655687615,30.33128596972229,6.0,9,9,1977,0.300322518,B,B,52,10311,6,900.0,1,9,B,206716.55917895868
3993,27,2,63.9360405195396,29.62213103328339,14.0,3,3,2016,0.011654127,B,B,4,915,0,900.0,0,0,B,167919.52255050023
10908,75,3,57.702591993747546,38.033938261289066,5.0,3,9,1976,0.307466659,B,A,30,5048,9,325.0,2,5,B,246490.46661940054
3696,46,2,44.285160148367225,24.124580481348925,5.0,12,12,1975,0.188783766,B,B,31,6137,4,900.0,0,1,B,205391.7779362587
1755,52,1,39.09860343618078,32.772431056458856,10.0,7,20,2016,0.371148999,B,B,34,7065,1,750.0,2,5,B,140590.83547804214
4053,27,3,85.78513621219858,84.77855715273441,10.0,3,17,2015,0.011654127,B,B,4,915,0,900.0,0,0,B,235639.1410583759
11954,62,3,67.79257251323413,45.68681061914103,6.0,8,9,1976,0.002211665,B,B,39,7614,3,900.0,1,5,A,273596.05137092277
15294,88,1,38.4114878103867,19.036774154583785,9.0,9,12,1975,0.127375905,B,B,43,8429,3,900.0,3,9,B,177915.12559370682
12452,138,2,48.16233731929282,31.256560943114994,5.0,3,5,1962,0.014423114,B,B,19,3806,4,900.0,0,3,B,195696.95261869856
2202,27,2,57.43475828438415,32.772431056458856,1.0,14,17,1977,0.011654127,B,B,4,915,0,900.0,0,0,B,204143.65761235892
13564,1,2,68.85967846666267,32.772431056458856,1.0,5,9,1977,0.007122317,B,B,1,264,0,900.0,0,1,B,209905.45163696588
5134,152,1,46.17616194694896,29.761717929683805,5.0,6,9,1967,0.042031587,B,B,37,6856,84,1940.0,2,5,B,192561.0110968677
7447,6,1,38.657534888130456,32.772431056458856,1.0,12,17,1977,0.243204519,B,B,5,1564,0,540.0,0,0,B,128224.2350587281
5929,1,1,39.449747901875774,32.772431056458856,6.233004930000002,6,17,1977,0.007122317,B,B,1,264,0,900.0,0,1,B,131399.9339964048
16714,26,2,43.11754844033464,26.752308997006512,5.0,5,5,1967,0.0,B,B,36,6714,2,2672.0,0,2,B,198146.4176783967
13005,103,3,66.38528121570083,46.51328093313989,7.0,1,9,1970,0.0006991189999999,B,B,14,3369,24,4129.0,0,3,B,239572.0358307025
11740,111,1,40.668266080771645,23.08679291532189,10.0,19,22,2004,0.093442564,B,B,23,4635,5,3300.0,2,4,B,186882.1822523734
3535,8,2,46.3381131114506,31.108219615275072,5.0,5,5,1966,0.458174486,B,A,26,4439,1,1130.0,1,5,B,190646.42163300922
11837,9,3,83.2654497292242,32.772431056458856,1.0,9,18,1977,0.161531741,B,B,25,5648,1,30.0,2,4,B,233208.32530169416
7382,52,2,64.32024301013595,64.32024301013595,10.0,9,17,1977,0.371148999,B,B,34,7065,1,750.0,2,5,B,202235.9812625817
16709,1,2,72.16094088824934,32.772431056458856,1.0,12,12,1977,0.007122317,B,B,1,264,0,900.0,0,1,B,215870.78508318416
5908,167,2,49.74138241194725,31.235570304275235,7.0,4,4,1952,0.174739084,B,B,17,3379,9,100.0,0,3,B,207880.97321691475
16333,189,2,43.58408513923511,30.817063189231504,5.0,2,9,1969,7.81528e-05,B,B,22,6398,141,1046.0,3,23,B,197469.8467129155
14776,55,2,56.324101484183686,32.501073649724496,9.0,14,17,2000,0.041365446,B,B,31,5569,0,900.0,1,4,B,254804.42204911076
831,28,1,39.3870435301609,20.989227145175285,8.0,3,17,1998,0.000995363,B,B,42,7651,1,900.0,1,5,B,175795.6572779626
5944,32,1,34.50457486996727,20.67249878068262,7.0,6,9,1968,0.135649789,B,B,46,7960,6,350.0,3,11,B,168403.88061827485
1764,167,2,55.267779537792336,33.11789028947921,8.0,12,12,1990,0.236108458,B,B,16,3893,27,900.0,3,10,B,232681.50161800842
5782,27,2,58.35843641236407,58.35843641236407,10.0,4,17,2014,0.011654127,B,B,4,915,0,900.0,0,0,B,200265.3501129169
7091,61,3,65.45248735802646,41.842307564680645,8.0,11,12,1987,0.300322518,B,B,52,10311,6,900.0,1,9,B,273392.76545050205
7871,47,1,39.09697007688106,21.30746196984717,8.0,6,16,1984,6.99893e-05,B,B,46,10309,1,240.0,1,16,B,176990.68431582797
10449,53,1,32.58996477009076,17.25893793240056,5.0,4,9,1970,0.049637257,B,B,34,7759,0,229.0,1,3,B,165122.29892929833
15137,23,1,44.173905893931206,21.35601948565023,9.0,11,17,2018,0.075778755,B,B,6,1437,3,900.0,0,2,B,172103.42121040713
2181,95,2,63.62035543591362,43.085218322210366,6.0,6,6,1929,0.341071945,B,B,27,5664,48,2300.0,3,11,B,283637.17689221783
8667,34,3,80.13276169446789,44.546530233672094,10.0,22,22,2017,0.069753361,B,B,53,13670,4,900.0,1,11,B,362070.46192840167
4207,1,3,65.9095849051531,37.7101473131709,8.0,14,14,1990,0.025609157,B,B,33,5261,0,240.0,3,1,B,268579.14959782164
3528,9,2,60.72022967076947,36.68971084897032,10.0,16,17,1992,0.13012277,B,B,8,1986,0,900.0,0,0,B,264145.74173695734
5611,27,1,45.65114152664383,43.722786992823,12.0,6,12,1977,0.072157581,B,B,2,629,1,900.0,0,0,A,147010.30525495965
5894,53,1,40.40398925345367,32.772431056458856,1.0,21,22,1977,0.049637257,B,B,34,7759,0,229.0,1,3,B,177300.8968665259
14255,2,1,34.16364847201171,20.129265134699885,7.0,6,9,1970,0.309479124,B,B,35,7715,4,990.0,0,6,B,168574.41893107115
16064,30,1,38.37623407085572,37.00331094595148,1.0,1,1,1977,7.81528e-05,B,B,22,6398,141,1046.0,3,23,B,180865.2703857116
5076,61,2,50.050522384263886,29.357354018033032,6.0,5,12,1976,0.300322518,B,B,52,10311,6,900.0,1,9,B,207225.23848221597
3537,23,1,30.23998115245942,28.56765217740916,6.233004930000002,7,9,2016,0.034656082,B,B,0,168,0,900.0,0,0,B,113396.70868572309
6369,23,1,39.30524084831311,21.60359270232894,7.0,17,17,2009,0.075778755,B,B,6,1437,3,900.0,0,2,B,173427.0113242599
1938,61,2,48.3227793169244,32.348899848055694,5.0,7,9,1974,0.300322518,B,B,52,10311,6,900.0,1,9,B,207799.8815138114
11844,38,1,47.00201199705968,47.00201199705968,1.0,11,22,2017,0.060753049,B,B,15,2787,2,520.0,0,7,B,178017.6160682791
7717,23,1,42.71823505296052,40.62501600322764,1.0,3,4,2016,0.034656082,B,B,0,168,0,900.0,0,0,B,106321.83793636886
3800,75,3,80.11796960437113,45.95331390969378,10.0,12,17,2004,0.307466659,B,A,30,5048,9,325.0,2,5,B,351540.23157860374
6897,1,2,64.82700018606558,32.772431056458856,1.0,24,24,1977,0.007122317,B,B,1,264,0,900.0,0,1,B,194669.45884424154
255,73,2,45.65805970608304,23.04903799095737,6.0,8,14,1976,0.042031587,B,B,37,6856,84,1940.0,2,5,B,199110.9668265793
607,24,2,38.4411632957116,25.028731513426965,7.0,4,9,1964,0.111627393,B,B,50,12238,8,1970.0,2,3,B,224660.3184626961
6368,1,3,82.73627769952215,46.46614594620312,10.0,2,17,2009,0.025609157,B,B,33,5261,0,240.0,3,1,B,339035.7242301455
15211,16,3,61.54758405181212,46.78559527865676,6.0,7,9,1977,0.037177818,B,B,52,11217,1,2300.0,1,7,B,247809.86180380132
13229,88,1,37.6175118205191,19.766226343775102,6.0,4,9,1973,0.127375905,B,B,43,8429,3,900.0,3,9,B,171797.02541020955
6091,5,2,60.566903628316965,35.8570358103952,7.0,5,5,1958,0.150817539,B,B,16,3433,4,2643.0,4,5,B,273579.5068577899
14260,37,2,45.08029927620226,31.3639592896544,6.0,3,9,1974,0.127811589,B,B,28,7287,5,320.0,1,3,B,191779.3822402347
15104,23,2,55.04104305083888,32.52821725908952,9.0,12,17,2014,0.075778755,B,B,6,1437,3,900.0,0,2,B,226220.76983783778
7378,23,1,42.9949376026249,32.772431056458856,1.0,4,4,1977,0.034656082,B,B,0,168,0,900.0,0,0,B,103513.00590201454
12575,1,1,53.62242759703166,53.62242759703166,1.0,10,15,1977,0.007122317,B,B,1,264,0,900.0,0,1,B,189332.10086051348
137,28,1,35.70036057062758,18.25923264623059,9.0,6,12,1973,0.118537385,B,B,30,6207,1,1183.0,1,0,B,160275.09076836816
14572,6,3,82.78539543057235,32.772431056458856,6.233004930000002,5,17,1977,0.243204519,B,B,5,1564,0,540.0,0,0,B,233680.91696684505
12530,96,1,40.32169542759608,19.22224254473716,7.0,14,14,2004,0.041116354,B,B,53,14892,4,900.0,1,4,B,167114.03575703932
512,1,2,65.8289967593814,32.772431056458856,6.233004930000002,15,17,1977,0.007122317,B,B,1,264,0,900.0,0,1,B,180131.5176748436
7251,5,3,67.56685140080488,47.50794413577214,9.0,9,14,1973,0.150817539,B,B,16,3433,4,2643.0,4,5,B,298544.91983872716
4545,111,4,73.20097605802778,50.72209018881985,6.0,7,16,1971,0.093442564,B,B,23,4635,5,3300.0,2,4,B,379274.338626578
14928,59,3,98.98353911990311,95.04910983790568,1.0,19,19,2015,0.019508796,B,B,37,7687,11,176.0,5,5,B,442464.3227252931
3934,57,2,46.765074375634384,32.82121274068997,5.0,3,5,1963,0.133215333,B,B,49,11395,3,1406.0,3,4,A,171091.18596913584
12097,48,2,80.78894881638095,40.47310398311317,18.0,7,28,2012,0.041124634,B,B,46,9515,5,900.0,1,10,B,330216.2450726562
10979,62,2,73.18062145426948,72.30984659763331,1.0,11,11,1977,0.072157581,B,B,2,629,1,900.0,0,0,A,269043.44301298837
16455,5,2,55.568945373631934,32.2786639507652,8.0,8,14,1970,0.150817539,B,B,16,3433,4,2643.0,4,5,B,233051.07746242487
4190,6,1,47.74971639778552,47.74971639778552,1.0,10,25,2017,0.243204519,B,B,5,1564,0,540.0,0,0,B,192950.124812329
7577,115,2,47.08394719262875,29.63015311272891,5.0,4,5,1962,1.8e-09,B,B,16,3681,73,1815.0,2,5,B,190348.31171569668
11609,32,2,56.97598363222389,34.58081538186071,10.0,15,22,2010,0.135649789,B,B,46,7960,6,350.0,3,11,B,262717.26403079444
2346,27,3,81.43245132378527,32.772431056458856,6.233004930000002,12,22,1977,0.211401214,B,B,9,1892,0,900.0,0,1,B,308834.0509171668
7363,30,3,85.74101988131868,84.95760601322195,10.0,16,18,2017,7.81528e-05,B,B,22,6398,141,1046.0,3,23,B,285486.51580525184
13535,30,2,64.30827482030163,32.772431056458856,1.0,2,17,1977,7.81528e-05,B,B,22,6398,141,1046.0,3,23,B,183907.0202899586
9864,41,2,46.06823383809754,30.623305969792284,6.0,9,9,1977,6.99893e-05,B,B,46,10309,1,240.0,1,16,B,202884.4679607761
16645,54,2,78.01379924664572,76.68194721885853,1.0,1,1,2014,0.006076152,B,B,30,5285,0,645.0,6,6,B,346321.0505896477
2689,143,3,69.85035822295137,47.45914633760978,9.0,5,16,1980,0.049863387,B,B,18,3746,9,75.0,3,1,B,300757.24651170213
5994,52,1,34.49935846002646,19.056583344847954,5.0,4,4,1961,0.371148999,B,B,34,7065,1,750.0,2,5,B,152478.75708248848
14493,55,2,62.01539575327692,36.71857097759533,10.0,9,17,1997,0.041365446,B,B,31,5569,0,900.0,1,4,B,272101.0503879728
7391,9,2,58.29963611504072,31.49205101443953,9.0,7,14,2008,0.31019913,B,B,11,2748,1,900.0,0,0,B,229157.89468810416
13674,14,2,47.50625975196685,29.536417022432826,5.0,2,5,1961,0.042031587,B,B,37,6856,84,1940.0,2,5,B,186777.61744228497
7137,2,3,65.92135932278629,47.74221936551715,6.0,6,12,1973,0.309479124,B,B,35,7715,4,990.0,0,6,B,279634.41134231957
5438,27,2,67.06929507059101,32.772431056458856,1.0,5,14,1977,0.072157581,B,B,2,629,1,900.0,0,0,A,194249.18221455152
10693,55,2,60.24173288276825,37.22878673213725,10.0,5,17,1990,0.041365446,B,B,31,5569,0,900.0,1,4,B,289947.3800568361
9037,8,3,79.88061871612041,48.040876143946754,12.0,4,14,2004,0.43788524,B,B,23,5735,3,1084.0,0,5,B,320116.0528426235
14329,37,2,60.65100869429421,44.72805650305296,10.0,14,22,2016,0.178916796,B,B,18,3594,4,192.0,1,5,B,268505.54294835887
11660,86,3,87.37217663976958,55.5133163275889,8.0,5,8,1957,0.161975568,B,A,31,7010,5,4508.0,3,7,B,438618.91148824466
9734,27,1,70.71696492104198,32.772431056458856,1.0,2,4,1977,0.07542368,B,B,11,3097,0,900.0,0,0,B,183132.1847111315
12046,46,1,38.40920209811358,21.62984108493286,9.0,12,22,2000,0.188783766,B,B,31,6137,4,900.0,0,1,B,184319.13824846246
11704,4,2,55.94133754638765,35.136442992474535,8.0,3,9,1962,0.327018035,B,B,12,2270,23,2500.0,1,0,B,257922.1348805801
7843,1,1,49.033078557418655,49.033078557418655,9.0,11,24,1977,0.007122317,B,B,1,264,0,900.0,0,1,B,233918.57561460006
3499,1,1,39.807348725054005,21.386927891283676,8.0,3,14,1991,0.025609157,B,B,33,5261,0,240.0,3,1,B,171134.93231484835
16012,23,1,37.41819826860562,32.772431056458856,6.233004930000002,5,7,1977,0.034656082,B,B,0,168,0,900.0,0,0,B,117077.98707438743
15759,17,2,57.6018699737095,37.74474320489497,10.0,22,22,1989,0.0,B,B,25,5027,4,46.0,1,1,B,298840.338022371
10884,62,2,69.35764552494996,35.070784455198826,12.0,6,9,2017,0.072157581,B,B,2,629,1,900.0,0,0,A,242471.68649789758
9115,27,1,31.416478657308826,28.46446705817943,7.0,6,19,2014,0.211401214,B,B,9,1892,0,900.0,0,1,B,102241.63369477692
4066,74,3,111.47404050008112,111.47404050008112,17.0,13,15,2016,0.075778755,B,B,6,1437,3,900.0,0,2,B,332324.6423381259
12745,2,2,39.540883265787286,27.12572589273983,7.0,6,9,1964,0.035145267,B,B,42,9292,3,2620.0,0,3,B,189384.23707148238
9627,111,3,63.79351189149431,47.79237485581532,5.0,5,5,1964,0.1363303,B,B,30,6141,10,262.0,3,6,B,243536.5119624695
12977,88,3,63.74393478952564,44.016104890185424,6.0,2,12,1975,0.127375905,B,B,43,8429,3,900.0,3,9,B,236130.1066179472
7620,27,1,30.69573412509397,29.919262193853392,1.0,12,22,2016,0.211401214,B,B,9,1892,0,900.0,0,1,B,90669.54484726243
11955,126,2,46.70703392791398,30.90532537168817,5.0,4,5,1967,0.333891544,B,B,30,6564,1,900.0,0,0,B,194764.75068593133
271,92,2,53.80573901480805,33.44171874666608,9.0,5,16,1982,0.460556389,B,B,20,4386,14,900.0,1,5,B,241867.5485916662
16091,33,3,64.4078911861627,43.14947295984353,7.0,9,9,1967,0.051942062,B,B,17,4017,7,800.0,2,0,B,278999.19325435755
2193,20,3,78.31526555154767,45.30293560620768,8.0,5,17,1994,0.019508796,B,B,37,7687,11,176.0,5,5,B,349136.26267771627
6190,111,1,34.12631851503142,33.13859382078357,5.0,5,5,1969,0.135649789,B,B,46,7960,6,350.0,3,11,B,124009.47556663518
7071,105,2,44.58222111860579,32.644465854921776,5.0,1,12,1966,0.040242764,B,B,25,3478,11,2729.0,3,1,B,185193.3698301266
14320,27,1,39.449662718352,32.772431056458856,6.233004930000002,8,19,1977,0.211401214,B,B,9,1892,0,900.0,0,1,B,137064.34956159562
15578,44,1,31.423518471459488,17.298340570662287,5.0,9,9,1972,0.036122292,B,B,24,4378,0,1036.0,1,1,B,170329.68217137188
267,47,1,30.06251841708045,15.34942730505713,6.0,2,9,1979,0.101872465,B,B,23,4583,3,900.0,3,3,B,144143.89913879574
1930,128,2,51.04718031473156,28.442102110059896,6.0,7,9,1979,0.041116354,B,B,53,14892,4,900.0,1,4,B,204679.08477349512
7426,177,1,29.48029612477568,19.116841961498743,6.0,4,5,1967,0.0,B,B,36,6714,2,2672.0,0,2,B,149884.61228362127
13890,42,1,49.73051896110454,23.855753718864,10.0,20,24,2010,0.158249043,B,B,21,5731,0,900.0,1,0,B,184273.15385717497
4176,0,2,42.96746158847596,29.40784130754601,5.0,5,5,1962,0.319809354,B,B,25,4756,16,2857.0,5,8,B,194367.0560425723
5453,13,1,38.77454754610441,22.492960632932697,8.0,10,16,1999,0.133215333,B,B,49,11395,3,1406.0,3,4,A,178280.60879614155
5526,12,2,62.011142328341045,38.84696284004475,10.0,15,16,1980,0.090799103,B,B,74,19083,2,900.0,5,15,B,292049.1594103
8780,128,2,57.53882731908632,34.71373536061161,10.0,19,22,1994,0.0,B,B,27,4798,0,30.0,2,8,B,258834.50360430905
10299,6,2,65.76006806091783,32.772431056458856,1.0,10,17,2015,0.243204519,B,B,5,1564,0,540.0,0,0,B,187581.6640289512
959,147,3,85.50478935232744,56.02054251324586,8.0,11,11,1960,0.319809354,B,B,25,4756,16,2857.0,5,8,B,424238.0062344809
3458,101,1,19.04389412684894,13.941145028428163,3.0,4,5,1970,0.225824954,A,B,41,6558,7,1548.0,3,2,B,115476.98961196838
5363,129,4,88.9759487399017,51.63742926002141,8.0,3,25,1991,0.020741326,B,B,24,5613,5,1340.0,2,5,B,315482.7933017662
9281,85,1,28.240534279011587,12.375011438203124,6.0,6,9,1978,0.037177818,B,B,52,11217,1,2300.0,1,7,B,133693.60764351184
8076,11,2,45.27056408948793,32.07378957729816,5.0,9,9,1974,0.0001696759999999,B,B,36,5992,0,900.0,1,1,B,210068.9972389838
2492,61,3,67.33754390065988,42.228395211941816,8.0,5,9,1980,0.300322518,B,B,52,10311,6,900.0,1,9,B,291243.6173675714
4746,1,1,39.54540894295004,32.772431056458856,1.0,4,17,1977,0.007122317,B,B,1,264,0,900.0,0,1,B,134317.02931408968
11380,1,2,72.41652586657902,72.41652586657902,1.0,8,8,2016,0.007122317,B,B,1,264,0,900.0,0,1,B,267061.8078700921
10881,53,2,36.26035600991948,23.47405994549982,6.0,9,9,1966,0.313924552,B,B,22,4625,11,3855.0,2,10,B,184797.89279967916
16392,35,1,45.1286127346463,32.772431056458856,1.0,7,18,2014,0.089039719,B,B,33,7976,5,900.0,0,11,B,131357.73510630114
8071,41,1,35.792839951346274,22.096929882692343,9.0,3,12,1970,0.175054867,B,B,36,10055,3,900.0,1,0,B,171073.6144095602
16740,6,1,40.32159518103983,32.772431056458856,6.233004930000002,15,17,1977,0.243204519,B,B,5,1564,0,540.0,0,0,B,128081.3819892559
4846,88,2,51.967627438103285,33.45297303112386,9.0,10,17,2002,0.127375905,B,B,43,8429,3,900.0,3,9,B,206607.18967805724
5299,96,3,82.53705150415196,48.58235360588142,10.0,4,14,2004,0.041116354,B,B,53,14892,4,900.0,1,4,B,330748.25847979804
2046,59,1,47.80978442513946,32.772431056458856,6.233004930000002,8,22,2018,0.019508796,B,B,37,7687,11,176.0,5,5,B,148538.11087896614
11623,99,2,55.706308633171695,34.89759724477784,9.0,14,14,1998,0.033493708,B,B,66,10573,1,1322.0,3,8,B,240115.5088292908
6539,1,1,39.25506605613357,32.772431056458856,10.0,7,17,2017,0.007122317,B,B,1,264,0,900.0,0,1,B,120329.77012269414
12234,200,2,49.18888768772806,29.6063378353524,6.0,5,5,1959,0.0,B,B,33,7425,1,900.0,2,5,B,213303.1778479958
14240,27,2,64.80120911182715,32.53024347275932,7.0,1,1,1977,0.017647053,B,B,2,469,0,900.0,0,0,B,179771.81628670427
3443,27,1,47.95298353279465,17.93550254582629,1.0,1,1,1977,0.017647053,B,B,2,469,0,900.0,0,0,B,135423.52668404378
2127,85,2,69.12203317157766,32.772431056458856,1.0,10,17,1977,0.072157581,B,B,2,629,1,900.0,0,0,A,212474.341924399
11259,6,1,47.873731370491896,32.772431056458856,1.0,12,25,1977,0.243204519,B,B,5,1564,0,540.0,0,0,B,146499.43803436265
7889,23,1,56.88576330572571,55.88186120412178,6.233004930000002,5,6,1977,0.014072961,B,B,2,475,0,900.0,0,0,B,202568.61702705984
16655,2,3,60.68938805202035,42.47322533059446,6.0,4,5,1969,0.130617806,B,B,39,10418,9,900.0,1,9,B,229284.81489718438
15790,27,1,48.31817010762891,32.772431056458856,1.0,1,1,2015,0.017647053,B,B,2,469,0,900.0,0,0,B,153026.25113457188
3686,62,1,35.85478169067225,32.772431056458856,1.0,1,1,1977,0.072157581,B,B,2,629,1,900.0,0,0,A,101785.13394763767
4392,1,1,50.12441454430577,32.772431056458856,1.0,18,24,1977,0.007122317,B,B,1,264,0,900.0,0,1,B,150741.57847298114
3103,1,3,81.68036945315265,32.772431056458856,6.233004930000002,6,17,1977,0.007122317,B,B,1,264,0,900.0,0,1,B,223736.80478010233
7047,26,2,41.207988525643394,27.10457121404657,6.0,11,12,1968,0.0,B,B,36,6714,2,2672.0,0,2,B,199864.55318108975
13014,53,3,81.14163621808251,32.772431056458856,6.233004930000002,1,1,2017,0.049637257,B,B,34,7759,0,229.0,1,3,B,255487.26669178263
11269,97,4,86.60012077774532,56.31111632846012,9.0,5,8,1943,0.306977489,B,B,27,5148,14,1575.0,5,7,B,399139.73525473266
4304,31,3,79.1999006785866,52.59950397413879,9.0,5,5,1957,0.151346216,B,A,32,5889,10,830.0,4,1,B,376862.88239309104
13513,79,2,45.67906619558649,32.0002866610041,5.0,1,12,1968,0.307466659,B,A,30,5048,9,325.0,2,5,B,183258.97752845843
12969,27,1,45.42293117687234,20.360873410249077,1.0,3,4,1977,0.01405792,B,B,1,290,0,900.0,0,0,B,149422.79847375813
6966,121,2,43.77187277631708,29.7061866507302,5.0,5,5,1962,0.049863387,B,B,18,3746,9,75.0,3,1,B,178680.15213694595
8883,23,1,41.47880101225748,32.772431056458856,1.0,14,25,1977,0.075778755,B,B,6,1437,3,900.0,0,2,B,125931.58932704439
6064,1,2,62.98100732815196,62.98100732815196,6.233004930000002,13,24,1977,0.007122317,B,B,1,264,0,900.0,0,1,B,219542.13943468357
12341,1,2,63.613717009714,32.772431056458856,1.0,1,1,1977,0.007122317,B,B,1,264,0,900.0,0,1,B,182308.29892119358
10107,74,2,74.22431808264979,32.772431056458856,1.0,6,18,1977,0.309479124,B,B,35,7715,4,990.0,0,6,B,197383.5370722188
130,46,1,39.20820825265636,32.772431056458856,1.0,1,1,1977,0.0,B,B,47,11319,0,1145.0,3,5,B,118385.89898603827
2406,8,3,81.01926355701913,45.05523791058693,10.0,13,17,2006,0.43788524,B,B,23,5735,3,1084.0,0,5,B,336215.8009139581
6089,102,2,60.16602167627504,39.72947628329472,6.0,5,5,1958,0.23861713,B,B,26,3889,6,705.0,3,6,B,248760.8456786906
316,23,1,53.706092584251145,49.49378812051457,1.0,7,9,1977,0.014072961,B,B,2,475,0,900.0,0,0,B,155947.2225401611
15812,178,2,53.18209819950172,26.09315479358093,10.0,8,8,1960,0.460556389,B,B,20,4386,14,900.0,1,5,B,273741.9400080334
7053,19,3,92.9641502043882,53.71383686774156,11.0,14,14,2004,0.309479124,B,B,35,7715,4,990.0,0,6,B,408070.9179593357
14691,13,3,74.35745648870353,46.16676743604632,10.0,6,10,1999,0.090799103,B,B,74,19083,2,900.0,5,15,B,314973.8143392425
11881,3,2,41.87340208180896,27.335267860381013,6.0,1,5,1962,0.265088676,B,B,37,5288,0,1937.0,3,2,B,178363.17010220874
13503,119,2,39.45268599912136,24.75445308700688,7.0,8,9,1962,0.000995363,B,B,42,7651,1,900.0,1,5,B,219504.45860652372
9569,37,1,45.95565469409171,24.83005866071332,8.0,12,12,1983,0.122190486,B,B,25,4724,2,1308.0,1,3,B,176559.6412374937
9846,64,2,65.12043582397571,32.305303290942746,11.0,7,15,2003,0.093442564,B,B,23,4635,5,3300.0,2,4,B,224368.16383957127
14415,7,2,41.093070598938105,29.720989477802032,5.0,4,5,1967,0.130617806,B,B,39,10418,9,900.0,1,9,B,185164.34295025087
14873,2,2,44.81763406793465,23.633228498239635,6.0,16,16,1971,0.309479124,B,B,35,7715,4,990.0,0,6,B,208936.5064947404
11180,84,3,77.57669799017502,45.82113770220788,10.0,5,17,1983,0.006076152,B,B,30,5285,0,645.0,6,6,B,357212.55630754965
7256,142,1,36.72982598419701,20.61223897851105,9.0,7,12,1973,0.051942062,B,B,17,4017,7,800.0,2,0,B,175308.74594300755
3721,37,1,44.45644115136354,21.70965058409684,8.0,10,14,1997,0.127811589,B,B,28,7287,5,320.0,1,3,B,173284.08885348696
1211,26,2,48.7974867802678,31.47700391619223,6.0,9,12,1979,0.195781053,B,B,23,5212,6,900.0,3,2,B,210618.14217836512
14887,58,2,53.391766462917566,33.13546564653793,9.0,14,14,2008,0.050755569,B,B,24,5469,1,145.0,0,1,B,246921.94274039086
16220,82,3,70.98756330278698,49.74822152548919,7.0,13,16,1986,0.037316452,B,B,32,6748,93,562.0,4,10,B,309277.88894936815
15451,18,1,40.00475499775997,23.03941890370347,9.0,8,25,2000,0.0,B,B,30,5562,0,900.0,0,5,A,185658.00544120464
1602,155,1,44.138583292663135,20.289670724167248,9.0,5,6,1930,0.042307271,B,B,17,2810,9,4849.0,3,6,B,174860.26211524595
8917,24,3,63.20827078442918,40.3589705172567,13.0,16,24,2014,0.111627393,B,B,50,12238,8,1970.0,2,3,B,250466.5749621648
15595,27,1,34.108911003617266,19.397172190579766,5.0,4,5,1976,0.07542368,B,B,11,3097,0,900.0,0,0,B,154362.6723178598
15242,27,2,74.18779832776931,32.772431056458856,1.0,1,1,1977,0.072157581,B,B,2,629,1,900.0,0,0,A,204759.91112736255
3957,160,3,58.86282910003973,40.32216025434056,6.0,7,9,1979,0.0,B,B,39,8647,0,810.0,0,5,B,228229.53905392808
14923,23,1,41.75413453545628,32.772431056458856,1.0,1,1,1977,0.014072961,B,B,2,475,0,900.0,0,0,B,111309.66232163837
3087,23,2,60.15504790045204,32.772431056458856,1.0,13,17,1977,0.075778755,B,B,6,1437,3,900.0,0,2,B,197201.22230632693
12959,109,4,78.12674313135106,77.74289213818196,10.0,6,18,1984,0.0,B,B,25,5027,4,46.0,1,1,B,279757.79196274607
13631,6,2,53.0362479813554,32.772431056458856,1.0,14,17,1977,0.243204519,B,B,5,1564,0,540.0,0,0,B,166246.7030803994
12704,85,2,66.9992600304534,35.78203872462471,10.0,15,22,1986,0.037177818,B,B,52,11217,1,2300.0,1,7,B,263945.7173203461
15197,57,1,43.372893505032046,19.42277481778803,10.0,3,10,2003,0.133215333,B,B,49,11395,3,1406.0,3,4,A,172846.0101983877
12599,101,1,39.582100175982326,20.54706542320045,8.0,6,12,2006,0.225824954,A,B,41,6558,7,1548.0,3,2,B,177855.6994409621
8761,99,2,49.78571311991568,30.61087341907093,6.0,9,9,1972,0.012338886,B,B,35,5776,1,2078.0,2,4,B,209481.18049852786
13013,78,1,40.11558620314575,22.172470685671936,9.0,14,17,2013,0.092290642,B,B,21,4346,2,165.0,1,2,B,174538.81581192368
3464,49,2,46.6082390822564,30.25543129640073,5.0,1,5,1962,0.020741326,B,B,24,5613,5,1340.0,2,5,B,185534.6936236329
2366,3,1,40.26056440363937,19.637500125492977,8.0,14,17,1983,0.050900058,B,B,43,10621,1,30.0,2,3,B,179727.00197069734
10845,37,1,34.67332264444026,21.18440347447361,6.0,3,5,1967,0.178916796,B,B,18,3594,4,192.0,1,5,B,156082.87933935868
8092,13,1,41.86486434888159,22.667662304640352,10.0,15,19,2000,0.090799103,B,B,74,19083,2,900.0,5,15,B,167346.25014959776
10528,3,3,62.93157736089255,44.56178901621523,6.0,4,12,1974,0.050900058,B,B,43,10621,1,30.0,2,3,B,252659.87514193062
7132,12,1,41.98042970567937,21.98189159176192,8.0,10,12,1983,0.090799103,B,B,74,19083,2,900.0,5,15,B,178197.76412771625
8958,90,2,47.8387153232521,33.36032165299808,5.0,5,5,1967,0.265088676,B,B,37,5288,0,1937.0,3,2,B,177188.70174199034
7959,23,1,51.75432639162232,45.34475116479536,1.0,9,9,2015,0.014072961,B,B,2,475,0,900.0,0,0,B,114508.99070245605
4847,77,2,52.11521066968584,34.636292334434955,8.0,5,12,1976,6.99893e-05,B,B,46,10309,1,240.0,1,16,B,215914.8331495174
1477,156,2,67.83044498237433,35.364431750765455,13.0,10,17,2008,0.007658515,B,B,35,7077,56,2301.0,3,19,B,175094.14307424214
8264,109,2,59.02184518347136,37.876982566014206,10.0,18,18,1983,0.0,B,B,25,5027,4,46.0,1,1,B,282175.909915948
10048,3,1,34.120234829500674,21.35147351552811,6.0,4,9,1973,0.050900058,B,B,43,10621,1,30.0,2,3,B,157680.07664229494
10492,61,3,62.98164127322982,39.95794739049353,8.0,4,9,1981,0.300322518,B,B,52,10311,6,900.0,1,9,B,268255.4586263942
3859,173,3,77.04126152952712,55.99666593560924,7.0,5,5,1932,0.081943463,B,B,20,2738,20,900.0,1,4,B,349078.07152048586
8676,124,3,94.78320843935086,53.60025686792451,10.0,18,22,2004,0.122090347,B,B,29,6566,7,1894.0,4,0,B,367692.2076033336
8146,1,3,82.2888123570291,32.772431056458856,1.0,16,17,1977,0.007122317,B,B,1,264,0,900.0,0,1,B,228961.08371983367
1619,169,2,60.19436250168855,32.772431056458856,1.0,7,17,2019,0.178916796,B,B,18,3594,4,192.0,1,5,B,184759.3283628907
12609,27,1,31.06898282462102,31.06898282462102,1.0,12,25,1977,0.072157581,B,B,2,629,1,900.0,0,0,A,85708.16991868876
11001,105,2,48.86195645304636,28.70767050986917,5.0,5,5,1965,0.040242764,B,B,25,3478,11,2729.0,3,1,B,184734.2402194926
3644,6,3,82.50410295433498,32.772431056458856,1.0,17,17,1977,0.243204519,B,B,5,1564,0,540.0,0,0,B,227150.2427425194
8362,116,2,47.66671174005107,30.409701336072267,6.0,5,12,1961,1.8e-09,B,B,16,3681,73,1815.0,2,5,B,209790.4985119087
537,1,1,44.3888367496905,44.03014966327058,1.0,11,24,1977,0.007122317,B,B,1,264,0,900.0,0,1,B,217300.84368942503
1298,62,1,43.070323311856775,20.889422244418704,10.0,10,17,2010,0.072157581,B,B,2,629,1,900.0,0,0,A,170126.75415216413
1023,87,3,66.81654429945685,41.06250851752099,8.0,5,14,1987,0.100455735,B,B,43,7227,0,900.0,1,6,A,267832.8983091533
8659,96,2,54.13441295038548,29.385070452519127,7.0,9,15,2009,0.041116354,B,B,53,14892,4,900.0,1,4,B,234024.21072059294
11538,6,3,80.21939967207726,47.660259644506,9.0,13,17,2014,0.243204519,B,B,5,1564,0,540.0,0,0,B,335549.7545725918
16036,23,2,63.35660436179922,32.772431056458856,1.0,17,17,1977,0.075778755,B,B,6,1437,3,900.0,0,2,B,182205.05402175736
2392,9,3,78.68034437272391,44.54847497197399,10.0,6,17,1993,0.069753361,B,B,53,13670,4,900.0,1,11,B,329473.63381146005
12099,28,3,83.92758206044822,44.33556090596553,10.0,16,22,2007,0.118537385,B,B,30,6207,1,1183.0,1,0,B,335606.07274241163
12935,91,1,29.096846949517907,18.43265848309492,5.0,5,5,1963,0.333891544,B,B,30,6564,1,900.0,0,0,B,156382.19282508147
1050,23,1,56.63252099239515,52.16635271013268,6.233004930000002,4,13,1977,0.075778755,B,B,6,1437,3,900.0,0,2,B,189876.05014370245
3068,1,3,82.07236997895968,82.07236997895968,1.0,11,17,2017,0.007122317,B,B,1,264,0,900.0,0,1,B,224475.2797406223
2083,8,1,42.464115272829424,21.781916598092906,8.0,8,14,1974,0.458174486,B,A,26,4439,1,1130.0,1,5,B,177619.03710622934
7652,30,3,89.69309640724178,47.50103882675128,10.0,3,15,1980,7.81528e-05,B,B,22,6398,141,1046.0,3,23,B,339932.7643724268
8696,62,2,103.86554188361816,32.772431056458856,1.0,1,1,2014,0.072157581,B,B,2,629,1,900.0,0,0,A,383921.9691609858
11183,81,3,85.3987344459201,59.10755696645896,9.0,5,8,1960,0.319809354,B,B,25,4756,16,2857.0,5,8,B,411331.31628216075
11386,23,2,67.83081662344456,36.945321318152814,12.0,14,17,2013,0.075778755,B,B,6,1437,3,900.0,0,2,B,215873.1630035889
10752,33,3,87.88829278477048,53.79977893629557,8.0,5,5,1958,0.051942062,B,B,17,4017,7,800.0,2,0,B,308768.5977917929
3371,151,2,63.05630592414634,35.018386781822684,11.0,17,22,1996,0.236108458,B,B,16,3893,27,900.0,3,10,B,253385.51200814443
4149,91,2,47.43125670168568,31.96556364234341,5.0,5,5,1980,0.000995363,B,B,42,7651,1,900.0,1,5,B,188891.01073635195
16775,27,2,76.89588810574809,40.96515745125488,12.0,10,12,2014,0.051815435,B,B,5,1227,0,900.0,0,0,B,336617.09049812285
12187,23,2,67.02750998541055,32.772431056458856,1.0,2,17,1977,0.075778755,B,B,6,1437,3,900.0,0,2,B,183825.1146181065
14421,37,3,61.67806512760394,45.480698397568375,5.0,7,9,1975,0.127811589,B,B,28,7287,5,320.0,1,3,B,257471.12114841628
13693,83,3,52.30635351365324,33.069804270571,6.0,9,9,1975,0.100455735,B,B,43,7227,0,900.0,1,6,A,184074.54124280481
6560,9,3,79.08401924235541,32.772431056458856,1.0,1,1,1977,0.161531741,B,B,25,5648,1,30.0,2,4,B,219918.7104660617
3497,67,2,47.27637789248446,30.73084165467667,5.0,9,9,1977,0.100455735,B,B,43,7227,0,900.0,1,6,A,203538.2776354583
3396,102,1,35.143063507585005,22.96297346854796,5.0,1,5,1961,0.23861713,B,B,26,3889,6,705.0,3,6,B,146079.52231383114
1223,94,2,56.200228585965824,32.00785921705508,7.0,11,17,2000,0.521867054,B,B,25,6149,0,900.0,0,0,B,235047.8068336048
14796,52,2,53.006470674701255,53.006470674701255,10.0,12,17,2017,0.371148999,B,B,34,7065,1,750.0,2,5,B,184959.85496379112
16190,53,2,56.59433029792958,32.772431056458856,1.0,19,19,1977,0.049637257,B,B,34,7759,0,229.0,1,3,B,226913.6207834155
6060,53,5,56.60016154103276,32.772431056458856,1.0,6,18,1977,0.049637257,B,B,34,7759,0,229.0,1,3,B,177243.46113647413
10111,99,2,46.57320476140736,29.68657333169928,6.0,9,9,1972,0.012338886,B,B,35,5776,1,2078.0,2,4,B,198688.43825934146
10983,86,1,36.30910183592356,21.82385765967415,7.0,3,9,1966,0.161975568,B,A,31,7010,5,4508.0,3,7,B,163581.06882137808
11228,6,1,79.09204793622216,32.772431056458856,1.0,1,1,1977,0.243204519,B,B,5,1564,0,540.0,0,0,B,224415.2832742059
13208,57,2,63.412140591976645,38.41133939594794,10.0,7,19,2008,0.133215333,B,B,49,11395,3,1406.0,3,4,A,296886.6443119279
525,108,3,74.24243825515755,46.49772109890478,9.0,13,17,2009,0.0,B,B,25,5027,4,46.0,1,1,B,325454.6428415369
6923,57,1,36.65569602368351,24.84606339721732,6.0,5,9,1984,0.133215333,B,B,49,11395,3,1406.0,3,4,A,166371.97670697962
6785,25,1,46.36038505647989,32.772431056458856,1.0,1,1,2015,0.069753361,B,B,53,13670,4,900.0,1,11,B,151148.05467087973
3731,1,3,78.94872294755562,32.772431056458856,1.0,5,17,1977,0.007122317,B,B,1,264,0,900.0,0,1,B,231936.38841803308
16577,171,2,42.11445110229482,27.233745764092344,5.0,10,10,1967,0.019508796,B,B,37,7687,11,176.0,5,5,B,197931.77656472812
6518,5,2,44.54831982063215,31.41346956810533,5.0,11,14,1973,0.150817539,B,B,16,3433,4,2643.0,4,5,B,203899.83549713794
6610,6,2,61.92550656131602,32.772431056458856,6.233004930000002,2,17,1977,0.243204519,B,B,5,1564,0,540.0,0,0,B,187271.2024429196
5509,6,1,38.954427651931056,32.772431056458856,1.0,23,25,1977,0.243204519,B,B,5,1564,0,540.0,0,0,B,154739.9118598668
9942,1,3,125.0705824836986,32.772431056458856,1.0,4,14,2015,0.007122317,B,B,1,264,0,900.0,0,1,B,368935.93518101156
10148,69,2,53.80744479753108,30.943436377263414,7.0,1,9,1972,0.000991363,B,B,33,6783,3,900.0,1,9,B,231483.28805610802
5351,30,1,41.61762712605238,22.039703539110608,1.0,16,22,2015,7.81528e-05,B,B,22,6398,141,1046.0,3,23,B,161260.43071545137
11029,30,1,31.73762464318432,31.73762464318432,8.0,25,25,2016,7.81528e-05,B,B,22,6398,141,1046.0,3,23,B,131961.81909639586
6561,9,1,40.34792614888365,19.86336203694156,9.0,8,16,1998,0.161531741,B,B,25,5648,1,30.0,2,4,B,181698.14100891427
10056,27,2,62.90009390765925,32.772431056458856,6.233004930000002,5,22,1977,0.211401214,B,B,9,1892,0,900.0,0,1,B,197267.37027805927
13913,74,1,41.95676772753267,21.421641472101847,8.0,2,17,1991,0.371148999,B,B,34,7065,1,750.0,2,5,B,164797.21601308708
1906,6,2,54.43138301078786,32.55715926935128,8.0,7,17,2014,0.243204519,B,B,5,1564,0,540.0,0,0,B,224038.63299909417
5081,57,2,48.236742300270826,28.164844407759023,5.0,2,5,1967,0.133215333,B,B,49,11395,3,1406.0,3,4,A,188052.6439886866
6341,25,3,85.4462500386036,32.772431056458856,1.0,1,1,2017,0.069753361,B,B,53,13670,4,900.0,1,11,B,249850.13138291735
1859,6,2,64.35032819675892,61.03381767971413,10.0,8,17,2016,0.243204519,B,B,5,1564,0,540.0,0,0,B,246725.7472664824
3336,77,2,56.34154619421152,36.42476001061112,9.0,6,16,1978,0.298204575,B,B,16,4048,3,900.0,1,3,B,259725.51683943733
14163,1,1,42.505318370522325,32.772431056458856,1.0,7,17,1977,0.007122317,B,B,1,264,0,900.0,0,1,B,129661.96024731483
6204,116,2,70.63517108348367,43.27495081997448,6.0,6,6,1927,0.341071945,B,B,27,5664,48,2300.0,3,11,B,286008.29004708264
13285,9,2,61.99442161414454,38.9202534582369,10.0,3,17,1995,0.161531741,B,B,25,5648,1,30.0,2,4,B,253811.6402289415
11492,129,2,45.4939952554144,30.82849292692693,7.0,6,8,1963,0.020741326,B,B,24,5613,5,1340.0,2,5,B,172419.82830082678
14596,27,1,40.48468752077379,32.772431056458856,6.233004930000002,3,13,1977,0.011654127,B,B,4,915,0,900.0,0,0,B,113396.14256092679
4696,59,2,75.57764642902687,41.75832822508657,15.0,8,20,2020,0.019508796,B,B,37,7687,11,176.0,5,5,B,335633.20288751373
4771,47,2,65.79987999989855,35.212754683059046,10.0,9,24,2009,0.101872465,B,B,23,4583,3,900.0,3,3,B,268346.17750809295
11296,27,1,47.47861814711314,21.9460504197926,6.233004930000002,6,13,2016,0.017647053,B,B,2,469,0,900.0,0,0,B,164746.02342901556
5851,126,2,43.4418493192298,28.86930015011006,5.0,3,5,1965,0.333891544,B,B,30,6564,1,900.0,0,0,B,168576.52050282265
2850,23,3,78.37488475899826,32.772431056458856,1.0,25,25,1977,0.075778755,B,B,6,1437,3,900.0,0,2,B,239737.56810282238
10011,81,1,31.442874316130613,31.442874316130613,5.0,4,5,1966,0.319809354,B,B,25,4756,16,2857.0,5,8,B,105010.23407835407
5988,21,2,46.68628452142156,31.22937701663806,5.0,5,5,1968,0.194489265,B,B,47,8004,3,125.0,3,5,B,189311.01648339126
2316,23,1,35.20507623353827,32.772431056458856,1.0,4,17,1977,0.034656082,B,B,0,168,0,900.0,0,0,B,85939.57752390034
3211,61,1,41.29781347594799,22.985637010686503,7.0,15,17,2011,0.300322518,B,B,52,10311,6,900.0,1,9,B,180697.81699096967
13525,46,1,32.537038311989264,11.070513256260249,5.0,3,9,1970,0.0,B,B,47,11319,0,1145.0,3,5,B,136233.25881186695
6383,9,1,43.95254129788004,42.4967253772161,1.0,1,1,1977,0.161531741,B,B,25,5648,1,30.0,2,4,B,141024.01145938988
1420,45,1,52.51330992401352,32.772431056458856,1.0,1,1,1977,0.195781053,B,B,23,5212,6,900.0,3,2,B,150553.88365659458
11748,52,2,66.18194571344175,34.92026440597743,12.0,10,17,2006,0.371148999,B,B,34,7065,1,750.0,2,5,B,207078.0758553531
4222,55,2,57.33727924597143,36.6787410818435,9.0,16,17,1998,0.041365446,B,B,31,5569,0,900.0,1,4,B,250064.58573196002
8363,1,2,73.6484433277567,35.36836896994535,9.0,23,25,2011,0.025609157,B,B,33,5261,0,240.0,3,1,B,321183.4152118632
4412,1,2,83.29578102727416,32.772431056458856,1.0,7,17,1977,0.007122317,B,B,1,264,0,900.0,0,1,B,240183.8512000062
14384,6,2,53.51691633612811,32.772431056458856,1.0,4,17,1977,0.243204519,B,B,5,1564,0,540.0,0,0,B,160078.38875909493
9844,58,2,62.62665480931243,62.51783476469416,6.233004930000002,11,17,1977,0.43788524,B,B,23,5735,3,1084.0,0,5,B,186693.4190001043
9315,24,2,48.64911937235977,29.51102103082904,6.0,6,9,1976,0.111627393,B,B,50,12238,8,1970.0,2,3,B,200236.87388512745
11604,1,2,69.76718075794041,32.772431056458856,1.0,15,24,1977,0.007122317,B,B,1,264,0,900.0,0,1,B,255704.47323523692
10644,9,3,81.28032456205288,74.0414805952077,1.0,6,20,2014,0.161531741,B,B,25,5648,1,30.0,2,4,B,277697.3765353798
12995,1,2,56.76417536230892,32.772431056458856,1.0,16,17,1977,0.007122317,B,B,1,264,0,900.0,0,1,B,202832.41553266268
16615,56,2,60.81543935785486,34.97551812590359,10.0,14,17,1987,0.0,B,B,23,5067,4,900.0,2,6,B,268661.28423994844
1959,10,2,48.4488353492819,33.44543016743453,6.0,4,9,1969,0.089039719,B,B,33,7976,5,900.0,0,11,B,200137.5485213839
14562,113,2,46.6278823812734,27.05873916075788,5.0,5,5,1969,0.307466659,B,A,30,5048,9,325.0,2,5,B,187640.7050448044
11934,17,2,44.29479364905393,33.70997342946917,5.0,7,8,1963,0.0,B,B,25,5027,4,46.0,1,1,B,234037.4642039112
8494,21,3,35.585009560446366,34.67403727886364,6.0,8,9,1975,0.194489265,B,B,47,8004,3,125.0,3,5,B,182982.16568142097
4255,1,3,77.37611170802313,32.772431056458856,10.0,2,17,2018,0.007122317,B,B,1,264,0,900.0,0,1,B,224630.3726979787
13000,6,2,65.61516203395931,32.772431056458856,1.0,17,17,1977,0.243204519,B,B,5,1564,0,540.0,0,0,B,182936.98568232646
2461,72,2,103.1143565395187,32.772431056458856,1.0,34,37,2015,0.210473241,B,B,11,2398,2,1994.0,3,0,B,257033.69483761527
13661,35,1,45.778758556743526,32.772431056458856,1.0,11,17,1977,0.089039719,B,B,33,7976,5,900.0,0,11,B,176324.9967576515
2886,12,2,55.63101702848916,33.13934348673409,8.0,13,14,1987,0.090799103,B,B,74,19083,2,900.0,5,15,B,256784.07616017183
519,120,1,35.919947443740035,21.335930238983757,5.0,6,9,1963,0.341071945,B,B,27,5664,48,2300.0,3,11,B,165347.42407909865
5440,79,2,45.42494895477513,43.40626522158103,5.0,5,5,1967,0.307466659,B,A,30,5048,9,325.0,2,5,B,210449.04715359717
10353,21,1,36.18441939222489,21.374068322669373,9.0,12,12,1970,0.194489265,B,B,47,8004,3,125.0,3,5,B,174245.4733228052
12305,27,2,75.56165875450161,32.772431056458856,10.0,5,12,1977,0.072157581,B,B,2,629,1,900.0,0,0,A,231033.24028534666
2983,101,2,51.83097205965493,34.995993672030714,8.0,3,12,1968,0.225824954,A,B,41,6558,7,1548.0,3,2,B,208963.51396671392
12032,1,2,62.70360893258121,32.772431056458856,1.0,10,17,1977,0.007122317,B,B,1,264,0,900.0,0,1,B,187212.74030900307
743,41,3,68.57499381319145,44.62498120034636,7.0,2,9,1968,0.175054867,B,B,36,10055,3,900.0,1,0,B,265777.48485081043
8250,58,1,50.26207214305225,32.772431056458856,1.0,9,9,2016,0.43788524,B,B,23,5735,3,1084.0,0,5,B,120720.04380791791
7890,105,1,36.57899189220412,20.318268232019147,5.0,4,9,1974,0.069660344,B,B,31,6119,4,900.0,1,2,B,164148.08040218404
4722,104,4,81.55730568866873,81.55730568866873,11.0,10,10,1955,0.212515361,B,B,19,3293,16,628.0,3,7,B,301456.76851695206
15358,13,1,43.23249879208084,22.084121557714983,9.0,25,25,2003,0.090799103,B,B,74,19083,2,900.0,5,15,B,174787.42118444774
4183,13,1,39.46305080745498,19.28735004740691,9.0,15,25,2004,0.090799103,B,B,74,19083,2,900.0,5,15,B,175795.65716875013
3970,31,2,60.57353837019161,36.59403393303787,10.0,3,14,1999,0.0,B,B,23,3684,2,900.0,0,4,B,232752.53932557144
303,95,1,31.31466816681641,21.20780187517953,6.0,6,8,1961,0.341071945,B,B,27,5664,48,2300.0,3,11,B,179145.53489926687
2207,138,2,51.06711265479546,34.43349924915771,9.0,11,12,1976,0.014423114,B,B,19,3806,4,900.0,0,3,B,195372.40909033903
4022,27,3,58.146896504950845,41.21769778186764,7.0,5,9,1979,0.211401214,B,B,9,1892,0,900.0,0,1,B,287054.42712073715
1132,97,1,37.949478590856415,22.09386503932308,9.0,3,12,1974,0.306977489,B,B,27,5148,14,1575.0,5,7,B,173120.97651423563
12278,55,1,43.89035943573651,22.758045043432656,8.0,14,14,1990,0.041365446,B,B,31,5569,0,900.0,1,4,B,174764.90889739845
9280,1,1,43.43652736126389,32.772431056458856,1.0,8,22,1977,0.007122317,B,B,1,264,0,900.0,0,1,B,144859.9070889173
14940,123,3,113.7697276557224,56.649676836797326,11.0,18,18,2007,0.0,B,B,6,2733,0,920.0,0,4,B,453119.9750333032
6413,85,1,40.005109064145344,17.822393537994618,10.0,20,22,1984,0.037177818,B,B,52,11217,1,2300.0,1,7,B,185882.10463327923
15213,52,3,101.46178193304696,55.63918319381952,10.0,19,23,2011,0.371148999,B,B,34,7065,1,750.0,2,5,B,384706.3036550791
9656,93,2,64.51110394906671,37.847813097024606,11.0,5,17,2011,0.041116354,B,B,53,14892,4,900.0,1,4,B,278111.9402114259
12036,89,3,62.21838280733422,44.645507741456,6.0,5,9,1973,0.1363303,B,B,30,6141,10,262.0,3,6,B,243460.24754785222
3151,101,2,44.53157675512188,29.955691179008287,5.0,5,5,1970,0.225824954,A,B,41,6558,7,1548.0,3,2,B,199202.19622483168
15530,27,2,66.65192701612627,66.65192701612627,10.0,3,10,2017,0.017647053,B,B,2,469,0,900.0,0,0,B,216649.93049105455
13263,30,1,38.482805623120726,22.042311305863453,1.0,1,1,1977,7.81528e-05,B,B,22,6398,141,1046.0,3,23,B,133878.00854529336
6750,21,1,42.82272709670459,22.877543509536263,7.0,3,17,2008,0.034331497,B,B,25,5487,3,900.0,0,4,B,171029.34260487885
11488,7,3,85.864178061831,53.29351181480786,10.0,8,17,2005,0.130617806,B,B,39,10418,9,900.0,1,9,B,328815.99523343844
9532,6,2,56.57433934445738,35.941645933173795,8.0,13,16,1980,0.243204519,B,B,5,1564,0,540.0,0,0,B,262476.4026439089
8462,10,2,44.498801405388136,31.44981586334553,5.0,4,9,1972,0.282797669,B,B,33,8667,2,900.0,0,6,B,194258.4251080481
11494,27,3,113.050341197414,54.58634806653143,11.0,10,14,2002,0.041116354,B,B,53,14892,4,900.0,1,4,B,437817.96232255007
10270,23,2,55.23424072210433,52.66617638344458,10.0,11,17,2016,0.034656082,B,B,0,168,0,900.0,0,0,B,187394.7639306495
5476,27,1,43.739878244393566,42.08101199949815,1.0,19,19,1977,0.211401214,B,B,9,1892,0,900.0,0,1,B,158317.47181540457
12486,31,3,78.59317604160445,55.46221843667482,9.0,2,5,1958,0.151346216,B,A,32,5889,10,830.0,4,1,B,345615.54509691196
5501,27,1,35.059532650574965,32.772431056458856,1.0,8,25,2015,0.072157581,B,B,2,629,1,900.0,0,0,A,103549.73837744964
15871,45,2,59.23191332145242,59.23191332145242,1.0,15,17,1977,0.195781053,B,B,23,5212,6,900.0,3,2,B,201456.80604868266
14733,53,1,37.874879670180775,32.772431056458856,1.0,1,1,1977,0.049637257,B,B,34,7759,0,229.0,1,3,B,130004.4036695362
6103,96,2,54.26585268187336,34.760750009496434,8.0,5,14,1997,0.041116354,B,B,53,14892,4,900.0,1,4,B,233179.4304370287
7911,29,3,57.176781117554206,38.73795984751011,5.0,1,5,1963,0.086885265,B,B,10,2277,2,1547.0,0,0,B,216102.0070775473
4359,34,2,60.009485074710426,32.772431056458856,1.0,1,1,1977,0.069753361,B,B,53,13670,4,900.0,1,11,B,218371.25692914063
9595,28,1,38.30621794005247,18.763480003319486,10.0,9,19,1976,0.118537385,B,B,30,6207,1,1183.0,1,0,B,173300.95882072713
13851,37,2,55.26865275717001,55.26865275717001,10.0,16,17,2015,0.178916796,B,B,18,3594,4,192.0,1,5,B,196717.25872610803
7854,7,1,41.41990818408644,21.343531500095693,8.0,9,14,2004,0.035145267,B,B,42,9292,3,2620.0,0,3,B,177940.35264055972
8684,1,2,54.763380206480434,32.772431056458856,1.0,13,17,1977,0.007122317,B,B,1,264,0,900.0,0,1,B,166531.95588628564
15239,13,2,56.10456018998684,34.44619398026761,9.0,11,15,2001,0.090799103,B,B,74,19083,2,900.0,5,15,B,238142.61459017673
10012,83,2,48.83062368522637,28.24201936961241,5.0,9,9,1974,0.0077202819999999,B,B,38,4788,2,900.0,0,4,B,203420.9742476674
14995,9,3,78.68946247630839,50.69667426679997,10.0,5,17,1994,0.069753361,B,B,53,13670,4,900.0,1,11,B,322678.5441822119
9791,77,1,36.29479210501622,26.33276211559206,7.0,7,12,1977,6.99893e-05,B,B,46,10309,1,240.0,1,16,B,160504.38787010082
5567,53,2,46.64851750231363,29.934411104951447,5.0,5,9,1973,0.313924552,B,B,22,4625,11,3855.0,2,10,B,200786.93347224663
10883,13,1,42.592713111135055,25.258484462503905,8.0,3,9,2002,0.090799103,B,B,74,19083,2,900.0,5,15,B,169072.40156744496
25,15,1,45.12395140735664,20.62711020416448,8.0,13,14,2009,0.158249043,B,B,21,5731,0,900.0,1,0,B,171908.70250316965
939,8,1,41.80343970253091,23.886708317436337,8.0,6,12,1978,0.219006007,B,B,28,6746,3,900.0,1,4,B,179774.54995644797
9919,29,2,48.477259305844605,30.38017957214543,6.0,2,5,1963,0.069660344,B,B,31,6119,4,900.0,1,2,B,190956.13301519534
6321,2,2,55.32762909591875,34.627817406454355,8.0,11,14,1996,0.309479124,B,B,35,7715,4,990.0,0,6,B,232649.30946550373
16767,37,3,84.2320458083353,49.4728772457389,9.0,4,9,1975,0.127811589,B,B,28,7287,5,320.0,1,3,B,339079.4109991065
16464,23,2,50.82543006739549,32.772431056458856,6.233004930000002,1,4,1977,0.034656082,B,B,0,168,0,900.0,0,0,B,122005.28645904521
3170,29,2,45.00028615616659,30.896898183350853,5.0,3,5,1962,0.069660344,B,B,31,6119,4,900.0,1,2,B,195641.04911840401
1522,27,1,41.097757036421775,18.532148589130696,8.0,16,16,2013,0.017647053,B,B,2,469,0,900.0,0,0,B,162278.51658507585
5138,45,2,63.45023181913682,63.421354321352965,1.0,14,14,1977,0.195781053,B,B,23,5212,6,900.0,3,2,B,231163.08148656657
797,9,1,43.44651467414021,19.988975274296195,8.0,11,17,2008,0.161531741,B,B,25,5648,1,30.0,2,4,B,178364.79974091527
14586,23,1,41.56153501496149,39.429655184707066,1.0,4,4,2017,0.034656082,B,B,0,168,0,900.0,0,0,B,114100.8326975741
2872,10,1,41.242613584250414,23.845088851381277,8.0,6,17,1988,0.089039719,B,B,33,7976,5,900.0,0,11,B,180095.40791205515
4259,58,2,61.41106823159557,34.50331099199222,10.0,1,16,1984,0.43788524,B,B,23,5735,3,1084.0,0,5,B,216167.25442491972
16616,41,3,66.06113657119202,42.48210042829294,8.0,6,9,1980,6.99893e-05,B,B,46,10309,1,240.0,1,16,B,313497.15512028075
16512,24,1,34.041063641819875,20.50695425905193,5.0,8,9,1962,0.111627393,B,B,50,12238,8,1970.0,2,3,B,160958.16783679844
9663,27,2,88.22319731489117,48.54797239140474,16.0,5,14,2007,0.051815435,B,B,5,1227,0,900.0,0,0,B,294643.106995614
245,20,1,39.59230644298132,20.344615017495205,9.0,8,12,1970,0.019508796,B,B,37,7687,11,176.0,5,5,B,179714.4874806894
16369,27,3,80.18091269037039,41.355706569723466,1.0,10,12,2015,0.017647053,B,B,2,469,0,900.0,0,0,B,238134.5841125393
5254,186,2,88.61812211606234,25.45781075972464,6.233004930000002,5,19,1985,0.007658515,B,B,35,7077,56,2301.0,3,19,B,269997.48408179375
8672,1,1,40.937939112051936,32.772431056458856,1.0,3,17,1977,0.007122317,B,B,1,264,0,900.0,0,1,B,119298.85893632573
8004,27,4,101.62763677915164,100.53961467430544,10.0,13,15,2017,0.072157581,B,B,2,629,1,900.0,0,0,A,384037.7234202448
3109,109,3,59.04017530867032,39.605732823293096,5.0,5,5,1962,0.1363303,B,B,30,6141,10,262.0,3,6,B,202400.95294521758
2588,64,3,68.49285947922705,44.899092948729,7.0,4,12,1973,0.135649789,B,B,46,7960,6,350.0,3,11,B,295442.72871220135
8814,59,2,56.80913623931074,35.16630377977297,9.0,9,17,1987,0.019508796,B,B,37,7687,11,176.0,5,5,B,249362.02766847814
15888,27,2,56.628474103948186,56.628474103948186,10.0,12,17,1977,0.011654127,B,B,4,915,0,900.0,0,0,B,201814.9394614571
14668,62,1,45.00112917979175,20.165970031652595,11.0,11,15,2018,0.072157581,B,B,2,629,1,900.0,0,0,A,190029.61852164168
13432,46,3,106.59827624102176,65.22196586417009,12.0,15,16,2013,0.188783766,B,B,31,6137,4,900.0,0,1,B,461334.2435870045
7981,23,1,32.243370796822255,32.243370796822255,1.0,12,12,1977,0.034656082,B,B,0,168,0,900.0,0,0,B,92712.50462129219
2048,21,2,55.23813649347084,32.538587439651145,8.0,12,12,1983,0.194489265,B,B,47,8004,3,125.0,3,5,B,229721.00396231026
1667,144,1,31.043820346083766,19.82278202894561,5.0,3,5,1965,0.306977489,B,B,27,5148,14,1575.0,5,7,B,151658.95191960607
2349,23,1,44.72906203580354,32.772431056458856,1.0,5,12,2017,0.014072961,B,B,2,475,0,900.0,0,0,B,128682.35669848578
6136,55,2,48.96362106922259,28.09056304790889,5.0,6,9,1974,0.012338886,B,B,35,5776,1,2078.0,2,4,B,202926.3335950127
8166,85,1,39.99007101891631,24.402066626246828,10.0,12,22,1987,0.037177818,B,B,52,11217,1,2300.0,1,7,B,170192.4022968175
1709,66,3,78.1708635749995,55.812838634290685,8.0,2,5,1959,0.111627393,B,B,50,12238,8,1970.0,2,3,B,330725.98421331804
14649,22,1,37.61490240301016,21.109430798797284,7.0,8,17,1988,0.133215333,B,B,49,11395,3,1406.0,3,4,A,177468.38134374813
9187,74,2,78.31081691750703,32.772431056458856,1.0,17,17,1977,0.075778755,B,B,6,1437,3,900.0,0,2,B,252380.87343407905
2927,29,2,46.94254539936674,31.39202346236244,5.0,3,5,1969,0.069660344,B,B,31,6119,4,900.0,1,2,B,193292.86199053447
10220,52,2,34.865151002873894,26.66533848526217,5.0,1,4,1963,0.371148999,B,B,34,7065,1,750.0,2,5,B,167962.78293136187
6331,157,2,53.570865114447386,36.70597346329551,8.0,3,8,1961,0.0,B,B,30,7538,87,4702.0,5,5,B,286388.00876576424
7044,6,2,61.93963790162919,58.02806000443961,1.0,12,17,2014,0.243204519,B,B,5,1564,0,540.0,0,0,B,196365.33810884933
1736,27,1,51.492952442599936,32.772431056458856,6.233004930000002,5,13,1977,0.072157581,B,B,2,629,1,900.0,0,0,A,171360.8155869337
1840,23,1,45.57217923811558,32.772431056458856,1.0,6,17,2015,0.034656082,B,B,0,168,0,900.0,0,0,B,134603.80736355358
4852,183,1,40.23200687231961,22.4044797979032,10.0,15,16,1978,0.246623602,B,B,14,2940,45,900.0,3,6,B,172379.28860461948
13311,67,1,43.65886906892979,32.772431056458856,1.0,1,4,1977,0.0077202819999999,B,B,38,4788,2,900.0,0,4,B,104686.06322888868
3330,90,2,49.11334648031675,31.38352723309411,5.0,2,5,1970,0.265088676,B,B,37,5288,0,1937.0,3,2,B,191400.20201149798
7004,152,3,68.96468877914725,40.15019791130168,8.0,3,13,1989,0.042031587,B,B,37,6856,84,1940.0,2,5,B,262375.4704249659
12472,8,2,46.14791480210744,27.697664849207897,6.0,5,5,1961,0.43788524,B,B,23,5735,3,1084.0,0,5,B,206675.47796272696
7664,6,2,61.38585485200062,61.38585485200062,1.0,11,17,2016,0.243204519,B,B,5,1564,0,540.0,0,0,B,187869.1128763011
16537,2,3,47.97305570752284,28.52566955656111,5.0,5,5,1960,0.0,B,B,33,7425,1,900.0,2,5,B,188840.39039855968
15032,45,3,80.18781546972569,74.9166737320544,6.233004930000002,25,25,2017,0.195781053,B,B,23,5212,6,900.0,3,2,B,296002.1703332156
5325,13,2,53.12709807855485,31.68189485903893,8.0,14,17,2002,0.090799103,B,B,74,19083,2,900.0,5,15,B,243922.8316358534
800,64,2,48.73851490440332,31.90911185065577,6.0,6,9,1972,0.135649789,B,B,46,7960,6,350.0,3,11,B,206444.9490856696
1438,74,1,46.66944514059817,32.772431056458856,1.0,8,17,1977,0.075778755,B,B,6,1437,3,900.0,0,2,B,145793.14146472042
3953,57,1,33.6890897763464,16.305527704546048,6.0,4,9,1971,0.133215333,B,B,49,11395,3,1406.0,3,4,A,145212.35053114287
7135,58,4,74.61737967782922,55.39612951725454,8.0,5,12,1980,0.050755569,B,B,24,5469,1,145.0,0,1,B,310538.6524100191
10371,30,1,31.83723468858185,31.83723468858185,1.0,6,17,2017,7.81528e-05,B,B,22,6398,141,1046.0,3,23,B,77539.55830892292
709,9,1,39.25240909032569,24.70196782093357,8.0,11,14,1986,0.136244425,B,B,11,2370,0,900.0,0,1,B,168290.31392771122
4836,0,3,57.966828817377845,37.290753088037846,5.0,3,8,1963,0.319809354,B,B,25,4756,16,2857.0,5,8,B,267679.5830271298
14709,44,2,50.457953812688935,30.196726102350286,6.0,9,12,1982,0.122190486,B,B,25,4724,2,1308.0,1,3,B,215051.29985096277
2216,182,2,46.04087611910128,32.25563079035316,5.0,2,12,1968,0.015016892,B,B,17,3079,59,2890.0,0,8,B,175003.07210873804
11948,10,3,58.03748161998897,41.20536834953269,6.0,9,9,1972,0.089039719,B,B,33,7976,5,900.0,0,11,B,239262.8385384483
5221,120,2,33.882914341517825,21.623372787797575,6.0,8,9,1966,0.341071945,B,B,27,5664,48,2300.0,3,11,B,188727.7874637455
159,69,2,61.5298826797131,30.169862081167484,11.0,14,14,2005,0.093442564,B,B,23,4635,5,3300.0,2,4,B,224215.1450158931
15775,42,1,49.28672213987258,19.2429699524877,10.0,13,24,2013,0.158249043,B,B,21,5731,0,900.0,1,0,B,172020.72168680045
4818,53,2,44.654890716195816,28.773651338233854,6.0,2,9,1969,0.313924552,B,B,22,4625,11,3855.0,2,10,B,190394.72112694304
10222,55,2,56.35612102337564,32.72022154882839,8.0,11,14,1991,0.041365446,B,B,31,5569,0,900.0,1,4,B,227196.9614841403
9867,61,2,49.45470477600306,27.34666443789824,6.0,7,9,1976,0.300322518,B,B,52,10311,6,900.0,1,9,B,201640.8835971753
11763,44,3,87.44207173223776,52.575332579279966,9.0,23,23,2008,0.232205084,B,B,24,4860,1,80.0,0,3,B,348268.7411632433
511,23,2,63.70002820238336,32.772431056458856,1.0,17,25,1977,0.075778755,B,B,6,1437,3,900.0,0,2,B,184907.22902824104
9337,94,1,37.57559941415215,22.02513693264013,8.0,7,16,1977,0.282797669,B,B,33,8667,2,900.0,0,6,B,176579.13473251014
15529,53,2,58.18847872198303,35.282429448919814,10.0,10,24,2017,0.049637257,B,B,34,7759,0,229.0,1,3,B,260406.95617322758
9134,12,1,41.38590201084737,20.54812938096621,8.0,8,10,1996,0.090799103,B,B,74,19083,2,900.0,5,15,B,174993.8805415009
2759,62,1,44.48098494878771,32.772431056458856,6.233004930000002,7,13,1977,0.072157581,B,B,2,629,1,900.0,0,0,A,136781.57536657032
1458,165,1,31.686459835718995,18.339861276544717,6.0,1,8,1965,0.020741326,B,B,24,5613,5,1340.0,2,5,B,179473.0556769951
13261,1,2,64.19629906059468,32.772431056458856,10.0,23,24,1977,0.007122317,B,B,1,264,0,900.0,0,1,B,268322.191716548
11772,6,1,50.65965716585336,32.772431056458856,1.0,20,25,1977,0.243204519,B,B,5,1564,0,540.0,0,0,B,163545.92680429472
8107,25,2,61.02149865816767,38.23932270416714,10.0,10,14,1994,0.069753361,B,B,53,13670,4,900.0,1,11,B,278724.81484295765
13847,53,1,38.62020539009957,38.62020539009957,1.0,19,19,2016,0.049637257,B,B,34,7759,0,229.0,1,3,B,150011.88685393333
14414,151,3,80.06655313709614,50.11919772100789,10.0,8,17,2001,0.236108458,B,B,16,3893,27,900.0,3,10,B,337021.0240582225
12833,27,1,27.658462225489217,27.658462225489217,6.233004930000002,10,19,1977,0.211401214,B,B,9,1892,0,900.0,0,1,B,90628.13069223663
5282,96,3,75.41436182541338,48.65701665455373,10.0,5,14,1995,0.041116354,B,B,53,14892,4,900.0,1,4,B,326328.7105439425
13760,101,2,61.384676428808326,40.31006989360464,8.0,4,5,1958,0.225824954,A,B,41,6558,7,1548.0,3,2,B,253238.21832221755
430,46,1,38.38930714124699,23.51992066440484,7.0,15,21,1994,0.0,B,B,47,11319,0,1145.0,3,5,B,185900.9818700592
12580,6,2,60.2940459067204,60.2940459067204,1.0,19,19,2016,0.243204519,B,B,5,1564,0,540.0,0,0,B,242790.29285555825
10985,121,4,80.43934582320055,55.44031811292942,8.0,4,12,1985,0.212515361,B,B,19,3293,16,628.0,3,7,B,320110.16072950594
14321,27,1,50.47678621936651,21.06689297940125,1.0,12,12,2016,0.017647053,B,B,2,469,0,900.0,0,0,B,162343.0906331329
15960,17,3,67.73089105109847,47.37240755135529,8.0,8,8,1961,0.0,B,B,25,5027,4,46.0,1,1,B,348213.72067004116
4803,23,3,102.14927113721764,32.772431056458856,1.0,6,25,1977,0.075778755,B,B,6,1437,3,900.0,0,2,B,255414.3601550093
6741,27,2,59.37957011831522,59.37957011831522,1.0,14,19,2015,0.211401214,B,B,9,1892,0,900.0,0,1,B,215439.85436940883
4046,21,2,45.40632914970554,26.157528158951568,5.0,4,5,1965,0.034331497,B,B,25,5487,3,900.0,0,4,B,186657.42710729077
5060,53,2,55.82525951923271,32.772431056458856,1.0,2,19,1977,0.049637257,B,B,34,7759,0,229.0,1,3,B,152339.48206182075
9593,61,3,67.08093141924672,47.25718425252357,9.0,4,12,1969,0.300322518,B,B,52,10311,6,900.0,1,9,B,280736.2778277701
8088,1,3,79.80800409895669,32.772431056458856,1.0,12,17,1977,0.007122317,B,B,1,264,0,900.0,0,1,B,224452.4985553375
13888,60,1,33.519252927318256,22.906889430906983,5.0,4,9,1963,0.341071945,B,B,27,5664,48,2300.0,3,11,B,161676.24075707656
12065,7,2,62.036273018981525,36.65935827554236,10.0,14,22,2014,0.130617806,B,B,39,10418,9,900.0,1,9,B,270164.26869834994
13336,125,2,46.43500506809298,29.11849079175792,6.0,7,9,1972,0.194489265,B,B,47,8004,3,125.0,3,5,B,202033.63617880456
2449,1,1,66.42658474782806,32.772431056458856,6.233004930000002,13,13,1977,0.007122317,B,B,1,264,0,900.0,0,1,B,191968.1682701077
7499,102,2,56.32151968268554,35.28136366971964,8.0,7,8,1956,0.23861713,B,B,26,3889,6,705.0,3,6,B,306120.03328241163
11082,1,1,41.40048585227235,41.40048585227235,6.233004930000002,4,17,1977,0.007122317,B,B,1,264,0,900.0,0,1,B,137903.62529804223
211,27,1,44.783509650140665,32.772431056458856,6.233004930000002,5,13,1977,0.072157581,B,B,2,629,1,900.0,0,0,A,134027.34077774792
11469,26,1,36.0606921771731,22.822802003987487,5.0,3,5,1964,0.0,B,B,36,6714,2,2672.0,0,2,B,148276.2669828094
5452,27,1,48.58791283401774,42.59618990044878,12.0,2,2,2016,0.017647053,B,B,2,469,0,900.0,0,0,B,150325.80788159565
7732,6,2,66.6520046974467,32.772431056458856,6.233004930000002,16,17,1977,0.243204519,B,B,5,1564,0,540.0,0,0,B,187163.6273354303
10080,3,2,54.691701518924205,33.445546649176805,9.0,11,12,1973,0.050900058,B,B,43,10621,1,30.0,2,3,B,248682.11851149454
15088,27,2,59.847525824482105,29.02712973041474,7.0,1,1,1977,0.017647053,B,B,2,469,0,900.0,0,0,B,188516.90322889682
6112,1,2,65.19901017792873,32.772431056458856,1.0,9,17,1977,0.007122317,B,B,1,264,0,900.0,0,1,B,188176.95734438673
7903,22,3,65.5063187182316,42.11290215619179,8.0,12,12,1983,0.118537385,B,B,30,6207,1,1183.0,1,0,B,269861.01203401136
2249,62,1,77.1576750214448,77.1576750214448,34.0,5,24,2016,0.072157581,B,B,2,629,1,900.0,0,0,A,263366.7432292868
79,27,2,67.86461731226782,67.86461731226782,13.0,4,12,2017,0.072157581,B,B,2,629,1,900.0,0,0,A,203007.7505530527
13941,84,1,34.02819725487102,20.31449909679476,6.0,1,9,1971,0.149666373,B,B,22,4789,2,4087.0,4,1,B,148788.98052230256
6693,46,2,48.08553978828815,35.821461453414564,5.0,9,9,1966,0.188783766,B,B,31,6137,4,900.0,0,1,B,210667.170091436
1156,12,3,78.05515938083218,45.90856071526697,10.0,12,16,1984,0.090799103,B,B,74,19083,2,900.0,5,15,B,359093.3733472289
3877,21,1,40.65928909063948,21.72145894501467,8.0,9,14,1992,0.194489265,B,B,47,8004,3,125.0,3,5,B,178271.53997338188
2864,121,1,34.0513405985466,20.229874064688577,5.0,3,5,1965,0.212515361,B,B,19,3293,16,628.0,3,7,B,154323.77137882105
4519,27,1,45.07504768609783,44.26154470345653,1.0,11,17,2016,0.072157581,B,B,2,629,1,900.0,0,0,A,155897.29039189787
4712,57,2,40.17900924665097,24.8052397589232,6.0,4,9,1968,0.407276235,A,B,9,1768,0,370.0,0,0,A,188910.03911569013
4642,148,1,36.77118745504711,19.947289420358807,7.0,2,12,1974,0.313924552,B,B,22,4625,11,3855.0,2,10,B,175262.97073621262
4766,53,1,42.78423565490591,32.772431056458856,1.0,20,22,1977,0.049637257,B,B,34,7759,0,229.0,1,3,B,158405.3773056096
2429,44,3,65.76224950166058,46.94310181084354,9.0,12,12,1967,0.232205084,B,B,24,4860,1,80.0,0,3,B,274299.377079351
12013,74,2,76.70422138124603,32.772431056458856,1.0,8,17,1977,0.075778755,B,B,6,1437,3,900.0,0,2,B,205126.1108373787
12309,45,1,42.89956912819317,32.772431056458856,6.233004930000002,13,13,1977,0.195781053,B,B,23,5212,6,900.0,3,2,B,146512.7490579488
5505,6,1,39.2173804333066,32.772431056458856,1.0,12,17,1977,0.243204519,B,B,5,1564,0,540.0,0,0,B,129483.1116382183
13711,27,2,63.507809035997546,39.862191081246905,1.0,3,17,2017,0.017647053,B,B,2,469,0,900.0,0,0,B,204021.19776738464
10483,34,4,95.86585245523588,32.772431056458856,1.0,1,1,1977,0.069753361,B,B,53,13670,4,900.0,1,11,B,388685.7628405379
1648,47,2,55.68377669780115,32.933463490776425,8.0,16,16,1979,0.101872465,B,B,23,4583,3,900.0,3,3,B,253071.92690529578
9391,6,3,74.13712826120147,32.772431056458856,12.0,4,17,2016,0.243204519,B,B,5,1564,0,540.0,0,0,B,195787.58711394074
699,30,2,65.69160993787237,65.69160993787237,1.0,19,24,2017,7.81528e-05,B,B,22,6398,141,1046.0,3,23,B,204894.17441434934
7034,45,2,59.92750221994704,32.772431056458856,1.0,1,1,2017,0.195781053,B,B,23,5212,6,900.0,3,2,B,224613.19700234977
10415,34,3,79.63878195153258,47.43378078671229,10.0,16,17,1999,0.069753361,B,B,53,13670,4,900.0,1,11,B,344067.85469207086
839,34,1,54.67372278949247,24.67401110117239,14.0,9,22,2012,0.069753361,B,B,53,13670,4,900.0,1,11,B,234023.4591251086
7602,1,2,65.7304188727696,32.772431056458856,1.0,12,17,1977,0.007122317,B,B,1,264,0,900.0,0,1,B,185503.41905772744
15682,32,2,52.514735766145314,33.80702562498578,6.0,9,9,1977,0.135649789,B,B,46,7960,6,350.0,3,11,B,183256.80962424856
16354,19,3,74.00029464880859,42.41066670494863,10.0,9,17,1993,0.000991363,B,B,33,6783,3,900.0,1,9,B,353782.37601646106
13686,187,1,41.092204378773744,22.449813268150965,8.0,8,12,2001,0.041116354,B,B,53,14892,4,900.0,1,4,B,178425.80279318415
5026,103,2,48.47031457342871,34.55350895087747,5.0,2,5,1967,0.014423114,B,B,19,3806,4,900.0,0,3,B,193513.69662799657
3081,179,2,51.41634476261211,34.18658068196778,9.0,8,12,1969,0.037316452,B,B,32,6748,93,562.0,4,10,B,187156.66202395165
5009,11,1,40.95082807909272,22.737167556874,9.0,10,12,1970,0.038692987,B,B,28,6533,1,1015.0,2,5,B,181829.11444682002
4173,2,2,82.97999088118397,39.664363960643406,12.0,11,14,1976,0.035145267,B,B,42,9292,3,2620.0,0,3,B,349788.16353248485
3228,113,1,36.584304004622986,19.22869696361816,9.0,2,14,1977,0.050755569,B,B,24,5469,1,145.0,0,1,B,170854.6190217586
15482,111,2,60.31227852471061,35.07816643921586,10.0,22,22,1999,0.093442564,B,B,23,4635,5,3300.0,2,4,B,295094.4225973169
5700,53,2,47.66330901281744,29.86718314954031,6.0,7,9,1975,0.049637257,B,B,34,7759,0,229.0,1,3,B,203588.5177044507
6252,53,1,42.35108108277896,22.67280698966259,8.0,1,12,1982,0.049637257,B,B,34,7759,0,229.0,1,3,B,167444.45139898622
8207,23,2,51.832272528569206,32.772431056458856,1.0,3,6,1977,0.005767451,B,B,1,388,0,900.0,0,0,B,115392.43550897947
2984,1,1,40.813644234691175,32.772431056458856,1.0,13,17,1977,0.007122317,B,B,1,264,0,900.0,0,1,B,128556.91335485541
3507,59,3,75.85820506765933,46.17266867324121,8.0,11,22,1987,0.019508796,B,B,37,7687,11,176.0,5,5,B,339244.6921766025
15950,23,1,42.833315473059095,32.772431056458856,1.0,1,1,1977,0.034656082,B,B,0,168,0,900.0,0,0,B,150463.43383028609
13377,7,2,58.63953537985844,33.64345751818232,10.0,10,16,1973,0.130617806,B,B,39,10418,9,900.0,1,9,B,268051.6780005193
15594,39,2,46.95097542506043,29.95527354268068,5.0,8,9,1969,0.428825818,B,B,25,5011,8,730.0,0,2,B,206500.84282115957
11798,6,3,83.56882840985655,32.772431056458856,1.0,4,17,1977,0.243204519,B,B,5,1564,0,540.0,0,0,B,220402.00421305373
13493,148,1,35.559182370248045,21.150997318509877,5.0,5,5,1963,0.313924552,B,B,22,4625,11,3855.0,2,10,B,157939.76570796705
4976,52,2,45.87749808411965,30.578283348672443,5.0,9,9,1982,0.371148999,B,B,34,7065,1,750.0,2,5,B,205893.42296674856
3771,53,1,38.00275976637793,18.25118647495124,9.0,7,22,1986,0.049637257,B,B,34,7759,0,229.0,1,3,B,172750.71754552567
1107,103,1,29.93393593482247,19.4615359263554,5.0,5,5,1960,0.151346216,B,A,32,5889,10,830.0,4,1,B,161168.58732037275
16171,8,3,82.24911656359542,48.57580289354794,12.0,6,17,2007,0.092290642,B,B,21,4346,2,165.0,1,2,B,326537.31293762615
15257,8,2,48.98689856857442,29.127550762761512,5.0,9,9,1969,0.458174486,B,A,26,4439,1,1130.0,1,5,B,202644.09014272422
6221,33,2,39.67975130923164,28.49232359953277,6.0,5,5,1977,0.051942062,B,B,17,4017,7,800.0,2,0,B,200725.13767261908
4936,48,1,39.097195063890425,19.98256722613548,8.0,6,25,2012,0.041124634,B,B,46,9515,5,900.0,1,10,B,184103.28414393959
6343,53,1,35.77227631508761,20.554842478626117,6.0,6,9,1971,0.313924552,B,B,22,4625,11,3855.0,2,10,B,165644.45008801366
16109,46,1,41.15774223043197,40.40705904799749,1.0,1,1,2014,0.0,B,B,47,11319,0,1145.0,3,5,B,173298.3326727365
15352,23,3,102.2230401443685,99.538613549229,6.233004930000002,9,13,1977,0.014072961,B,B,2,475,0,900.0,0,0,B,328759.8508112309
9489,142,1,37.046918295911325,23.861619696718925,9.0,8,16,1974,0.051942062,B,B,17,4017,7,800.0,2,0,B,174908.4987361154
14029,85,3,53.74531791982447,34.77073774788088,6.0,5,9,1979,0.037177818,B,B,52,11217,1,2300.0,1,7,B,204941.04343047694
4879,124,2,61.7843477880356,39.05275010076326,9.0,6,9,1962,0.16909109,B,B,19,3856,10,900.0,2,5,B,319393.3902043441
6828,27,1,56.5897592860322,32.772431056458856,6.233004930000002,7,13,1977,0.07542368,B,B,11,3097,0,900.0,0,0,B,162697.26624033268
11950,23,2,51.00669673922236,32.772431056458856,6.233004930000002,4,13,1977,0.005767451,B,B,1,388,0,900.0,0,0,B,153517.9392779414
14964,57,1,32.719284687514644,20.30726469487881,6.0,4,12,1981,0.133215333,B,B,49,11395,3,1406.0,3,4,A,159289.93371847374
9074,23,2,65.78496985164479,32.772431056458856,1.0,16,17,1977,0.075778755,B,B,6,1437,3,900.0,0,2,B,184531.6094440202
10514,18,2,53.936918815232296,30.97388560318595,8.0,11,14,1986,0.0,B,B,30,5562,0,900.0,0,5,A,233924.34529675276
10702,100,1,34.77799263131417,20.789409410796186,9.0,3,12,1970,0.200146802,B,B,23,3975,8,770.0,2,0,B,169401.00766825912
3476,147,1,40.19293671227915,22.433394767407407,9.0,12,12,1972,0.319809354,B,B,25,4756,16,2857.0,5,8,B,177295.56371061248
15469,9,3,74.33671715602429,49.70539848734562,10.0,14,17,1993,0.069753361,B,B,53,13670,4,900.0,1,11,B,329049.6475191888
5608,52,2,64.26868872512564,64.26868872512564,1.0,8,17,1977,0.371148999,B,B,34,7065,1,750.0,2,5,B,187796.44151765565
13446,17,3,86.71766755579443,60.773024081075256,8.0,7,8,1959,0.0,B,B,25,5027,4,46.0,1,1,B,453499.7232687895
1683,134,1,40.85801826980281,22.54559462428817,8.0,5,14,1974,0.049863387,B,B,18,3746,9,75.0,3,1,B,175450.27131347952
6759,23,2,50.056784424737295,49.57200192623589,1.0,11,17,2016,0.034656082,B,B,0,168,0,900.0,0,0,B,163867.06866276055
186,74,2,80.08000580402965,32.772431056458856,6.233004930000002,6,17,1977,0.075778755,B,B,6,1437,3,900.0,0,2,B,216714.52002878152
7822,23,1,30.68826637736664,30.68826637736664,1.0,3,10,1977,0.034656082,B,B,0,168,0,900.0,0,0,B,81339.92669741744
7017,52,3,80.50902249916281,48.64579238900214,10.0,16,17,2009,0.371148999,B,B,34,7065,1,750.0,2,5,B,340882.7092359755
1944,30,2,67.14961142112578,32.772431056458856,1.0,14,17,1977,7.81528e-05,B,B,22,6398,141,1046.0,3,23,B,189125.58277556335
10515,1,3,66.37657107168168,42.905683080574256,8.0,8,14,1991,0.025609157,B,B,33,5261,0,240.0,3,1,B,302152.3002704093
2824,66,3,51.30906827141424,35.792192403845355,5.0,3,9,1977,0.111627393,B,B,50,12238,8,1970.0,2,3,B,214868.8159539324
3649,58,2,56.21556145769488,29.981939113178186,8.0,1,14,1973,0.1489038909999999,B,B,9,1952,1,1430.0,3,2,B,214334.03526310646
8228,6,3,79.1724980420137,45.39711853155686,12.0,4,10,2015,0.243204519,B,B,5,1564,0,540.0,0,0,B,353149.47091852245
6599,159,3,68.95200823319202,42.74801198057104,7.0,3,8,1934,0.246623602,B,B,14,2940,45,900.0,3,6,B,287466.6293881744
9165,21,2,46.07068595915921,33.75146096605414,5.0,9,9,1967,0.194489265,B,B,47,8004,3,125.0,3,5,B,203415.48501382367
12316,183,5,157.97610124554296,101.04048496167265,12.0,7,8,1908,0.246623602,B,B,14,2940,45,900.0,3,6,B,377855.3449890488
11720,27,2,63.389024196753454,62.78186701066034,1.0,10,17,2015,0.072157581,B,B,2,629,1,900.0,0,0,A,201217.0320833034
13943,1,2,51.92715894907544,51.92715894907544,10.0,5,17,2018,0.007122317,B,B,1,264,0,900.0,0,1,B,159134.04782929047
15315,30,1,43.48240276183572,32.772431056458856,1.0,12,17,1977,7.81528e-05,B,B,22,6398,141,1046.0,3,23,B,129247.88089497354
14812,82,2,53.75361995808358,33.54465162862525,9.0,4,12,1982,0.037316452,B,B,32,6748,93,562.0,4,10,B,235243.92017445128
4799,4,2,67.31385382276201,38.39385873477155,10.0,8,9,1963,0.327018035,B,B,12,2270,23,2500.0,1,0,B,309922.36552979006
2600,1,3,76.88518041611354,44.43330979690482,10.0,9,17,1994,0.025609157,B,B,33,5261,0,240.0,3,1,B,340163.59919261275
5724,23,1,41.381001845435705,16.56258461310051,9.0,9,17,2015,0.075778755,B,B,6,1437,3,900.0,0,2,B,167008.96888254088
3033,58,3,80.91400964646526,79.20404307301288,10.0,4,17,2004,0.050755569,B,B,24,5469,1,145.0,0,1,B,265522.47401617235
2985,93,2,50.41316689165616,32.77504168048897,6.0,2,12,1976,0.521867054,B,B,25,6149,0,900.0,0,0,B,159497.96537341858
8885,9,2,39.594201899786405,25.09839501890793,5.0,5,5,1977,0.136244425,B,B,11,2370,0,900.0,0,1,B,181058.45475313163
12691,18,2,54.118200503187,30.99432610729178,8.0,11,17,1977,0.0,B,B,30,5562,0,900.0,0,5,A,234008.1982356498
15079,23,2,62.523478355446,32.772431056458856,1.0,15,17,1977,0.075778755,B,B,6,1437,3,900.0,0,2,B,186574.3035865175
14599,15,1,38.87249399684154,23.63279210177454,7.0,12,14,2009,0.158249043,B,B,21,5731,0,900.0,1,0,B,177885.5081933186
7681,75,2,54.66585067931095,34.39782199376174,8.0,6,16,1976,0.307466659,B,A,30,5048,9,325.0,2,5,B,240425.48452718125
5849,128,1,40.34530251235429,23.75488996161283,7.0,2,17,1994,0.0,B,B,27,4798,0,30.0,2,8,B,167984.13449272423
675,64,2,47.039400921266136,30.17224410885496,6.0,3,9,1975,0.002211665,B,B,39,7614,3,900.0,1,5,A,196989.88200727932
4343,6,2,55.31578419950132,31.07278999500863,9.0,4,17,2016,0.243204519,B,B,5,1564,0,540.0,0,0,B,206580.4719576641
3122,30,2,63.6069049008282,32.772431056458856,1.0,17,17,1977,7.81528e-05,B,B,22,6398,141,1046.0,3,23,B,182664.23972325932
16602,62,2,72.10720297104167,32.772431056458856,1.0,11,17,1977,0.072157581,B,B,2,629,1,900.0,0,0,A,207781.66654931856
2211,26,2,40.40660103552828,27.92481779709223,5.0,7,12,1966,0.0,B,B,36,6714,2,2672.0,0,2,B,194637.63969663833
12965,21,1,34.65550454916774,19.672020892253045,6.0,7,9,1980,0.194489265,B,B,47,8004,3,125.0,3,5,B,165694.11684016875
11016,23,1,30.91646494763471,30.91646494763471,1.0,3,17,1977,0.034656082,B,B,0,168,0,900.0,0,0,B,76201.66236950431
15756,27,1,40.73287057007803,23.959210732722607,8.0,6,9,2000,0.041116354,B,B,53,14892,4,900.0,1,4,B,172274.223547847
16151,119,1,35.00861243160698,22.13775952474837,5.0,2,9,1965,0.033493708,B,B,66,10573,1,1322.0,3,8,B,159782.71548350056
10746,6,1,40.395733335293706,40.395733335293706,1.0,2,17,2016,0.243204519,B,B,5,1564,0,540.0,0,0,B,132750.2503894226
14130,6,2,56.377562258622646,32.772431056458856,1.0,19,25,1977,0.243204519,B,B,5,1564,0,540.0,0,0,B,209670.1384446294
2231,29,2,44.845905163833706,28.101254922765214,5.0,2,8,1966,0.069660344,B,B,31,6119,4,900.0,1,2,B,206550.44306940172
12325,6,1,80.53500601712658,32.772431056458856,1.0,1,1,1977,0.243204519,B,B,5,1564,0,540.0,0,0,B,234773.91838963833
8949,69,3,65.35995760974464,47.338307433191936,7.0,5,16,1985,0.000991363,B,B,33,6783,3,900.0,1,9,B,297121.2650621452
2859,62,1,45.89551833261908,32.772431056458856,1.0,10,15,2018,0.072157581,B,B,2,629,1,900.0,0,0,A,173520.73981210816
6797,48,1,48.68812559492853,32.772431056458856,1.0,21,21,2015,0.041124634,B,B,46,9515,5,900.0,1,10,B,168291.09203103665
5793,82,2,46.80244397331724,28.906196969169606,6.0,3,12,1977,0.037316452,B,B,32,6748,93,562.0,4,10,B,210232.2660815624
1000,35,2,63.51602545003964,63.30459923450146,1.0,5,18,2015,0.089039719,B,B,33,7976,5,900.0,0,11,B,198950.55714216433
7364,21,1,35.382146711689174,18.719459869904536,8.0,2,5,1960,0.149666373,B,B,22,4789,2,4087.0,4,1,B,163103.60079367817
13802,41,2,55.54066534237089,31.655865388012987,8.0,12,17,1984,0.175054867,B,B,36,10055,3,900.0,1,0,B,234219.60769674138
12755,32,2,58.90007371532232,34.73070696368488,8.0,18,24,1997,0.135649789,B,B,46,7960,6,350.0,3,11,B,267596.57024902053
10782,18,1,43.899196544135286,20.97551042498305,8.0,9,14,1985,0.0,B,B,30,5562,0,900.0,0,5,A,176275.7565344625
13169,23,2,58.55522999238637,32.772431056458856,1.0,2,2,2016,0.005767451,B,B,1,388,0,900.0,0,0,B,178324.00081556957
9007,85,3,77.32936606894637,49.28537864746394,10.0,11,16,1973,0.037177818,B,B,52,11217,1,2300.0,1,7,B,340165.51547245716
2118,41,1,38.44074968478797,22.18990789757437,9.0,11,16,1983,0.127811589,B,B,28,7287,5,320.0,1,3,B,178684.78785912468
14517,14,1,36.200471136883046,24.056711616596623,9.0,5,12,1973,0.042031587,B,B,37,6856,84,1940.0,2,5,B,167172.53804862415
3001,140,1,34.93945068699387,18.416924574163826,6.0,4,5,1961,0.23861713,B,B,26,3889,6,705.0,3,6,B,161265.16023309345
11913,94,1,32.78569809935505,18.10442911434985,6.0,9,9,1975,0.282797669,B,B,33,8667,2,900.0,0,6,B,161347.56807198268
4030,23,4,103.52265330048937,32.772431056458856,1.0,9,25,1977,0.075778755,B,B,6,1437,3,900.0,0,2,B,265279.3312207545
5323,77,1,40.62141809435279,21.347160526474728,8.0,3,9,1983,6.99893e-05,B,B,46,10309,1,240.0,1,16,B,168542.77426710352
3572,1,1,44.1724783237925,41.90167971169421,6.0,20,20,2014,0.007122317,B,B,1,264,0,900.0,0,1,B,187909.34243794088
10290,84,1,37.33675434967256,24.57334918153026,9.0,11,12,1972,0.149666373,B,B,22,4789,2,4087.0,4,1,B,172809.19169821483
15321,63,1,59.18363185293994,55.38315887944349,1.0,17,17,2019,0.23861713,B,B,26,3889,6,705.0,3,6,B,256009.72059451486
12795,27,2,84.56821306909708,84.56821306909708,12.0,6,6,1977,0.07542368,B,B,11,3097,0,900.0,0,0,B,243845.08560595498
8845,203,2,50.417709324085074,27.58797092934184,7.0,4,4,1977,0.015016892,B,B,17,3079,59,2890.0,0,8,B,211713.87202948346
14559,48,1,40.456474710113966,22.219132618421863,8.0,11,17,1997,0.041124634,B,B,46,9515,5,900.0,1,10,B,178993.01862203275
1435,111,2,52.86610662396232,32.52834239691611,8.0,15,17,1987,0.093442564,B,B,23,4635,5,3300.0,2,4,B,233439.85561291483
6180,75,2,45.97285199689183,33.43978310412859,5.0,5,5,1962,0.122090347,B,B,29,6566,7,1894.0,4,0,B,176855.3179458606
10590,26,2,41.51246093959707,25.81133092296324,6.0,4,12,1967,0.0,B,B,36,6714,2,2672.0,0,2,B,195095.88583180006
3889,8,1,36.970564574881394,22.35768158499832,6.0,6,12,1980,0.219006007,B,B,28,6746,3,900.0,1,4,B,162524.62060109866
13160,138,2,45.30204566036601,30.67973834553045,6.0,1,5,1966,0.014423114,B,B,19,3806,4,900.0,0,3,B,175639.52471463248
15254,1,2,64.83940843535694,63.90620478203872,1.0,10,17,1977,0.007122317,B,B,1,264,0,900.0,0,1,B,187231.59630117766
2436,28,1,33.96336543862852,14.15236709301961,7.0,9,12,1988,0.118537385,B,B,30,6207,1,1183.0,1,0,B,160409.81216278463
1770,83,3,64.27038711500245,42.39634921759079,8.0,4,9,1975,0.100455735,B,B,43,7227,0,900.0,1,6,A,286276.6322607843
912,61,3,80.07287889374942,47.66512288097602,9.0,22,22,1998,0.298204575,B,B,16,4048,3,900.0,1,3,B,388579.7513186376
12385,27,2,60.57808384208661,60.31553640134182,10.0,12,12,2016,0.011654127,B,B,4,915,0,900.0,0,0,B,213471.73451547927
2188,46,1,36.5108661482337,24.081447292918853,7.0,5,9,1967,0.188783766,B,B,31,6137,4,900.0,0,1,B,163022.74444556146
13444,34,3,81.85280193327549,48.10253706587515,10.0,4,17,1999,0.069753361,B,B,53,13670,4,900.0,1,11,B,325487.7768996996
11487,88,4,64.27046095358416,49.47729199495706,5.0,3,9,1974,0.127375905,B,B,43,8429,3,900.0,3,9,B,261325.8004932167
14836,146,2,62.82345221833378,37.55619026967637,8.0,5,7,1941,0.327018035,B,B,12,2270,23,2500.0,1,0,B,314487.36959243985
4923,27,1,41.515281040597536,39.63615956223219,1.0,15,25,2015,0.211401214,B,B,9,1892,0,900.0,0,1,B,149240.97302106605
15779,27,1,44.6401339369616,22.46237880643549,8.0,7,16,2017,0.017647053,B,B,2,469,0,900.0,0,0,B,176172.9513013001
8900,93,2,52.619410006282656,32.7626030245024,8.0,4,12,1984,0.050900058,B,B,43,10621,1,30.0,2,3,B,230507.77947486963
10932,6,2,65.97391704223209,61.52061452309081,10.0,5,17,2016,0.243204519,B,B,5,1564,0,540.0,0,0,B,227760.07498639406
6085,67,2,50.44753674096022,33.814943529287184,6.0,5,12,1978,0.0077202819999999,B,B,38,4788,2,900.0,0,4,B,201272.36595999042
6762,62,1,34.936967577185484,31.77600163166204,9.0,22,22,2015,0.072157581,B,B,2,629,1,900.0,0,0,A,142753.07061239952
1005,124,2,74.40897857258693,43.72886100682892,4.0,8,40,2015,0.174739084,B,B,17,3379,9,100.0,0,3,B,305321.3612504928
16552,77,1,39.07562651405264,24.667401018065,8.0,10,16,1977,6.99893e-05,B,B,46,10309,1,240.0,1,16,B,166086.49391315115
13248,47,2,64.06572237666772,35.23387463003257,10.0,4,12,2004,0.101872465,B,B,23,4583,3,900.0,3,3,B,260205.02695054054
6580,1,1,66.07746612396379,66.07746612396379,1.0,15,17,1977,0.007122317,B,B,1,264,0,900.0,0,1,B,212545.53435005635
10706,62,2,54.46641963951477,35.320680112427304,9.0,16,16,1977,0.037177818,B,B,52,11217,1,2300.0,1,7,B,259463.97788447124
8539,23,2,64.74451338458447,32.772431056458856,1.0,17,17,1977,0.075778755,B,B,6,1437,3,900.0,0,2,B,182463.37459046338
10743,13,4,101.005166029099,100.50154657321222,10.0,6,17,2000,0.090799103,B,B,74,19083,2,900.0,5,15,B,363750.7107474227
9243,23,1,41.92455412046397,32.772431056458856,1.0,16,17,1977,0.075778755,B,B,6,1437,3,900.0,0,2,B,127066.41029514292
10609,30,1,44.43145509443253,32.772431056458856,1.0,21,22,1977,7.81528e-05,B,B,22,6398,141,1046.0,3,23,B,152679.5855887747
9638,27,1,98.28378292248748,85.53117197043935,6.233004930000002,2,13,2014,0.07542368,B,B,11,3097,0,900.0,0,0,B,307374.3425869416
5399,1,3,88.01116413692017,32.772431056458856,10.0,18,22,2016,0.007122317,B,B,1,264,0,900.0,0,1,B,301502.7568448442
1222,9,3,79.10812413512404,47.846840273287,10.0,16,17,1995,0.069753361,B,B,53,13670,4,900.0,1,11,B,338253.6191147148
4124,101,1,43.99894233473899,18.04141670168737,8.0,8,14,2008,0.225824954,A,B,41,6558,7,1548.0,3,2,B,177980.58433844533
2131,169,2,44.9593044244778,29.0507070138421,6.0,6,9,1972,0.178916796,B,B,18,3594,4,192.0,1,5,B,199704.2621840871
12869,33,3,68.89113188356991,43.21735527873399,9.0,2,16,1973,0.051942062,B,B,17,4017,7,800.0,2,0,B,271169.0197884993
7899,1,1,42.25931136958715,41.73178329630926,10.0,17,17,2019,0.007122317,B,B,1,264,0,900.0,0,1,B,133138.43985230845
3251,28,3,88.63466861289255,52.62765849726405,11.0,12,23,2010,0.333891544,B,B,30,6564,1,900.0,0,0,B,344386.7805894214
11088,62,2,77.85024726892874,32.772431056458856,6.233004930000002,12,13,1977,0.072157581,B,B,2,629,1,900.0,0,0,A,229199.75442152598
14653,47,2,58.91636778328034,35.229998403400906,8.0,14,17,2007,0.101872465,B,B,23,4583,3,900.0,3,3,B,265938.9614416768
3010,25,2,62.07222835951462,32.772431056458856,1.0,1,1,1977,0.069753361,B,B,53,13670,4,900.0,1,11,B,222848.51701443698
12160,91,3,61.145000661000616,48.37064292424242,5.0,9,9,1974,0.333891544,B,B,30,6564,1,900.0,0,0,B,248091.24467223312
6288,34,2,55.49740367201128,34.8981288788066,9.0,5,16,2001,0.069753361,B,B,53,13670,4,900.0,1,11,B,237167.48495954956
14890,22,2,55.02655378632153,32.9178566699472,5.0,3,5,1964,0.000995363,B,B,42,7651,1,900.0,1,5,B,190723.51567181968
13437,62,2,73.72538133144033,32.772431056458856,1.0,1,1,1977,0.072157581,B,B,2,629,1,900.0,0,0,A,216101.02925891042
2385,27,3,86.85467316262272,52.69944308922548,1.0,3,16,2017,0.017647053,B,B,2,469,0,900.0,0,0,B,244924.70337946736
16650,191,1,39.3985116514654,19.55338721777137,8.0,3,16,1985,0.127375905,B,B,43,8429,3,900.0,3,9,B,177980.53301045872
10159,27,2,76.3360898661184,32.772431056458856,1.0,7,17,1977,0.072157581,B,B,2,629,1,900.0,0,0,A,204980.40015929294
7940,61,3,64.99196741087259,45.20696362833936,6.0,3,9,1978,0.300322518,B,B,52,10311,6,900.0,1,9,B,235823.94077350575
12953,170,3,82.43411452510243,53.30585522413501,8.0,14,14,1975,0.21843974,B,B,21,4472,6,1450.0,4,7,A,346716.7082083259
9803,113,2,87.50464148544675,50.23301032382071,13.0,5,16,2004,0.050755569,B,B,24,5469,1,145.0,0,1,B,311373.0057534695
14247,53,2,47.69955273695986,30.54543858793749,5.0,7,9,1970,0.313924552,B,B,22,4625,11,3855.0,2,10,B,209276.56244348234
5251,62,1,52.29812219942874,32.772431056458856,6.233004930000002,5,13,1977,0.072157581,B,B,2,629,1,900.0,0,0,A,162037.13020335333
14337,11,3,63.42197135469971,41.03276590882108,8.0,3,9,1977,0.0001696759999999,B,B,36,5992,0,900.0,1,1,B,239538.43848085255
9967,149,1,43.67397021406908,20.564666972502845,10.0,7,22,2006,0.041116354,B,B,53,14892,4,900.0,1,4,B,188235.86701844432
4618,6,1,46.184474153932754,32.772431056458856,1.0,1,1,1977,0.243204519,B,B,5,1564,0,540.0,0,0,B,163195.3493319802
15378,34,4,104.90571026096268,65.51596162228621,10.0,18,22,2002,0.069753361,B,B,53,13670,4,900.0,1,11,B,459806.5851710819
8963,27,3,79.11438697975753,32.772431056458856,1.0,3,22,1977,0.211401214,B,B,9,1892,0,900.0,0,1,B,264802.2550157261
2472,1,2,64.25799527880186,32.772431056458856,1.0,12,20,1977,0.007122317,B,B,1,264,0,900.0,0,1,B,197112.9526217101
8736,58,1,53.26574076736547,32.772431056458856,1.0,7,9,1977,0.43788524,B,B,23,5735,3,1084.0,0,5,B,110008.28940392291
14823,27,1,38.12496278590432,37.360788855206586,1.0,23,25,2015,0.072157581,B,B,2,629,1,900.0,0,0,A,159779.63560005793
8675,19,2,42.96354767451199,27.978376872571165,5.0,5,5,1964,0.309479124,B,B,35,7715,4,990.0,0,6,B,191523.2974668201
13596,93,1,35.62773706419681,18.854226165909463,6.0,2,9,1974,0.521867054,B,B,25,6149,0,900.0,0,0,B,159586.16974251848
16487,58,1,53.40025777732657,32.772431056458856,1.0,7,9,2016,0.43788524,B,B,23,5735,3,1084.0,0,5,B,110374.76738332819
12629,99,3,59.40004082193517,46.32940463524878,5.0,7,9,1969,0.033493708,B,B,66,10573,1,1322.0,3,8,B,252421.98550507266
11965,67,2,46.76858227283441,33.24520439374607,5.0,9,9,1980,0.100455735,B,B,43,7227,0,900.0,1,6,A,198857.4916129668
4136,31,3,69.66069360497843,44.64175793095991,7.0,12,12,1975,0.151346216,B,A,32,5889,10,830.0,4,1,B,341603.58599922044
13012,23,2,65.30651182195359,61.93036585452803,1.0,7,17,1977,0.075778755,B,B,6,1437,3,900.0,0,2,B,184045.4604925459
5309,3,2,55.31909776785219,31.58049429766585,9.0,6,12,1974,0.050900058,B,B,43,10621,1,30.0,2,3,B,215022.47510913436
517,7,3,79.39787991822331,46.318209035222566,10.0,4,22,2008,0.130617806,B,B,39,10418,9,900.0,1,9,B,354315.7176389755
9553,1,1,50.788377651243394,32.772431056458856,6.233004930000002,17,24,1977,0.007122317,B,B,1,264,0,900.0,0,1,B,167515.18113540922
10120,6,1,52.51330992401352,32.772431056458856,1.0,1,1,1977,0.243204519,B,B,5,1564,0,540.0,0,0,B,150553.88365659458
5991,55,3,52.4532935032769,31.178348473946485,8.0,3,14,1990,0.041365446,B,B,31,5569,0,900.0,1,4,B,222860.29829067076
9862,88,1,36.173504946841405,20.03631568958179,8.0,9,9,1974,0.127375905,B,B,43,8429,3,900.0,3,9,B,171539.0746559066
9420,3,2,46.87893593440925,32.375609860193784,6.0,9,9,1976,0.050900058,B,B,43,10621,1,30.0,2,3,B,211379.4496308649
4968,74,2,77.09800507697877,32.772431056458856,1.0,1,1,1977,0.075778755,B,B,6,1437,3,900.0,0,2,B,204032.73040567845
11904,96,3,83.93810357291099,48.96388524758562,10.0,16,17,2005,0.041116354,B,B,53,14892,4,900.0,1,4,B,330434.5023901914
15824,90,2,42.78901189043373,29.61447877299996,5.0,2,5,1965,0.265088676,B,B,37,5288,0,1937.0,3,2,B,172815.4092883859
9365,1,1,51.92340545681411,32.772431056458856,6.233004930000002,1,1,1977,0.014580716,B,B,3,760,1,900.0,0,0,B,146846.6582577252
14879,105,2,35.873717265974456,23.486194417928964,5.0,8,9,1974,0.069660344,B,B,31,6119,4,900.0,1,2,B,193293.6013014933
8205,1,3,75.5416718249385,75.5416718249385,6.233004930000002,15,17,1977,0.007122317,B,B,1,264,0,900.0,0,1,B,230229.1364017081
15184,62,1,47.9591417707035,32.772431056458856,6.233004930000002,9,15,1977,0.072157581,B,B,2,629,1,900.0,0,0,A,161658.07838096467
1918,77,3,63.78879676182709,43.40452328363711,5.0,8,9,1976,6.99893e-05,B,B,46,10309,1,240.0,1,16,B,256699.5457632228
16013,83,3,64.50884986749395,48.81524511108652,6.0,5,12,1974,0.0077202819999999,B,B,38,4788,2,900.0,0,4,B,256665.9334634633
9802,6,2,67.69067504798122,32.772431056458856,6.233004930000002,9,17,1977,0.243204519,B,B,5,1564,0,540.0,0,0,B,190178.7921609398
13752,34,2,55.56831642669624,34.491232242426875,9.0,12,17,1997,0.069753361,B,B,53,13670,4,900.0,1,11,B,242095.47940232215
16156,9,2,60.125115183450326,36.7702257723826,9.0,3,22,1983,0.136244425,B,B,11,2370,0,900.0,0,1,B,254534.42964129962
5194,23,1,44.52386773618927,17.258233460632233,11.0,3,4,2016,0.014072961,B,B,2,475,0,900.0,0,0,B,165632.86597333985
2746,45,3,83.7717415946615,32.772431056458856,6.233004930000002,13,13,1977,0.195781053,B,B,23,5212,6,900.0,3,2,B,283312.69009382627
15982,18,2,57.52062942081536,30.634782639737782,8.0,13,14,1986,0.0,B,B,30,5562,0,900.0,0,5,A,248041.31632962913
5605,30,2,67.95454356651746,32.772431056458856,1.0,7,17,1977,7.81528e-05,B,B,22,6398,141,1046.0,3,23,B,196590.4860078495
8288,176,2,58.37794014490997,37.036636637312114,7.0,5,5,1960,0.08761909,B,B,8,1497,5,900.0,1,0,B,291097.1641417402
5707,76,2,73.36352261004158,38.74006044548082,5.0,38,48,2010,0.0,B,B,7,1660,39,1786.0,1,5,B,308618.72136808996
7933,113,1,40.512249840571776,23.868685234649924,6.0,6,17,2004,0.050755569,B,B,24,5469,1,145.0,0,1,B,169566.0847152554
8324,144,3,58.60658596088757,47.25172081723557,5.0,4,5,1962,0.306977489,B,B,27,5148,14,1575.0,5,7,B,229842.0214947886
2506,23,2,57.40850587975816,32.772431056458856,1.0,8,17,1977,0.075778755,B,B,6,1437,3,900.0,0,2,B,184954.05635907516
12293,23,3,67.89628518851954,65.99645334407631,1.0,14,17,2015,0.034656082,B,B,0,168,0,900.0,0,0,B,140921.0110541443
10551,6,2,54.75786319558336,34.57676409817108,9.0,5,17,2010,0.243204519,B,B,5,1564,0,540.0,0,0,B,230583.62639715776
5346,53,4,110.36648692891256,77.70584922022466,20.0,9,24,2018,0.049637257,B,B,34,7759,0,229.0,1,3,B,455021.7430742888
4197,46,3,58.1834696799591,41.8805836614272,5.0,4,9,1969,0.0,B,B,47,11319,0,1145.0,3,5,B,256219.0385141395
3237,27,1,54.89284835882638,32.772431056458856,6.233004930000002,7,13,1977,0.072157581,B,B,2,629,1,900.0,0,0,A,159907.06040251223
3390,72,1,101.52566433324655,32.772431056458856,1.0,1,1,2017,0.210473241,B,B,11,2398,2,1994.0,3,0,B,388006.95299326105
9751,57,1,40.21672923786829,21.94410487351068,6.0,4,17,2003,0.133215333,B,B,49,11395,3,1406.0,3,4,A,167834.67409041576
1391,30,3,84.94061378856759,32.772431056458856,1.0,16,17,1977,7.81528e-05,B,B,22,6398,141,1046.0,3,23,B,240015.70200752013
1928,17,1,38.58275921013098,22.62877525812284,10.0,6,12,1967,0.0,B,B,18,3374,5,620.0,1,2,B,175186.5082915188
10992,63,1,48.4546101532168,48.4546101532168,1.0,22,22,2016,0.23861713,B,B,26,3889,6,705.0,3,6,B,254353.53811150606
6792,118,3,92.2179971752624,60.84403416189498,11.0,6,14,2011,0.21843974,B,B,21,4472,6,1450.0,4,7,A,351423.2774097563
5663,26,2,47.94882534998551,30.938013948693328,5.0,5,5,1966,0.0,B,B,36,6714,2,2672.0,0,2,B,190147.57911001865
13280,21,3,54.55015221777687,38.809645637029696,6.0,9,9,1976,0.034331497,B,B,25,5487,3,900.0,0,4,B,238498.5111603036
5218,23,1,36.87053423944619,32.772431056458856,8.0,2,3,2015,0.005767451,B,B,1,388,0,900.0,0,0,B,118872.43263582276
16748,13,2,58.35951524675748,32.88535740580276,9.0,16,17,2001,0.090799103,B,B,74,19083,2,900.0,5,15,B,236486.9869549147
15835,23,3,83.38415601520283,80.3702303917696,10.0,14,18,2015,0.034656082,B,B,0,168,0,900.0,0,0,B,304059.9974994969
14850,124,2,45.710070471365576,28.425434561451176,5.0,5,5,1968,0.122090347,B,B,29,6566,7,1894.0,4,0,B,191021.8653769437
1359,6,2,60.072328057408654,32.772431056458856,15.0,20,25,1977,0.243204519,B,B,5,1564,0,540.0,0,0,B,245350.72905591235
7428,1,2,65.10301619339259,32.772431056458856,1.0,11,24,1977,0.007122317,B,B,1,264,0,900.0,0,1,B,202151.98084454145
4201,23,1,52.93483444445153,51.641588514844216,10.0,7,17,2015,0.034656082,B,B,0,168,0,900.0,0,0,B,163369.43614527452
13089,23,1,37.70032520834372,32.772431056458856,10.0,3,20,2016,0.005767451,B,B,1,388,0,900.0,0,0,B,118628.09994121548
7182,91,2,40.0876520611274,27.82132706852866,6.0,3,5,1964,0.333891544,B,B,30,6564,1,900.0,0,0,B,163816.0307769234
1467,103,3,78.90748783744003,51.960540727713536,9.0,1,17,2001,0.151346216,B,A,32,5889,10,830.0,4,1,B,310189.2562802024
9829,141,1,36.55824071473082,21.950443028322443,5.0,9,9,1964,0.0006991189999999,B,B,14,3369,24,4129.0,0,3,B,166859.48272402206
4344,98,1,38.707027459407406,19.44645383481188,7.0,17,17,1991,0.089039719,B,B,33,7976,5,900.0,0,11,B,180164.55331310973
4129,1,1,46.79993295678946,46.7410078171635,6.233004930000002,18,24,1977,0.007122317,B,B,1,264,0,900.0,0,1,B,187201.8518340417
1905,61,1,35.9470664500824,22.659924874919227,10.0,9,9,1977,0.300322518,B,B,52,10311,6,900.0,1,9,B,167346.2398827868
93,41,3,83.8483527558668,47.2613222235565,12.0,13,14,2010,0.175054867,B,B,36,10055,3,900.0,1,0,B,328101.74904578034
8320,53,1,41.90819316359831,28.98595516263344,8.0,20,24,2019,0.049637257,B,B,34,7759,0,229.0,1,3,B,185316.9955245964
12070,101,2,41.94979547771488,23.226372958286497,6.0,5,12,1972,0.225824954,A,B,41,6558,7,1548.0,3,2,B,197758.65356209
8290,2,2,48.652370358639295,45.78068717602541,5.0,14,14,1971,0.309479124,B,B,35,7715,4,990.0,0,6,B,215758.04232631548
11005,23,3,84.44533637955705,32.772431056458856,1.0,1,1,2016,0.034656082,B,B,0,168,0,900.0,0,0,B,251565.0314687106
116,37,2,56.9591859353172,43.70876891925667,6.0,3,4,1959,0.178916796,B,B,18,3594,4,192.0,1,5,B,219877.26490764544
12275,8,3,78.58179203999306,43.98394635479697,10.0,7,14,2010,0.43788524,B,B,23,5735,3,1084.0,0,5,B,313578.3320323738
12588,108,3,76.53132804062339,53.93333647094448,9.0,7,8,1958,0.0,B,B,23,3684,2,900.0,0,4,B,428017.39658110595
11378,23,2,59.38049692971982,32.772431056458856,1.0,10,17,1977,0.075778755,B,B,6,1437,3,900.0,0,2,B,187822.15043793485
10961,45,1,40.00953288374423,21.12396984052312,10.0,17,17,2017,0.195781053,B,B,23,5212,6,900.0,3,2,B,171199.10696729308
10251,8,2,58.024162112260406,31.40215519690671,8.0,12,12,1977,0.219006007,B,B,28,6746,3,900.0,1,4,B,238079.47604489955
1152,21,2,53.4167118983648,30.84538872997398,9.0,9,14,2006,0.034331497,B,B,25,5487,3,900.0,0,4,B,231678.38946934685
12167,1,2,55.764082113469954,55.764082113469954,1.0,16,17,1977,0.007122317,B,B,1,264,0,900.0,0,1,B,171369.2272585681
11569,17,2,39.13640905417217,23.28298271436389,7.0,6,9,1966,0.0,B,B,18,3374,5,620.0,1,2,B,226062.47154907518
4141,94,4,96.93312720933692,96.2829009845397,8.0,18,22,2015,0.282797669,B,B,33,8667,2,900.0,0,6,B,417520.5035724259
7614,30,1,40.35450405256268,32.772431056458856,1.0,1,1,2017,7.81528e-05,B,B,22,6398,141,1046.0,3,23,B,136368.55754392745
13805,23,2,55.03129296994047,55.03129296994047,1.0,4,12,2017,0.005767451,B,B,1,388,0,900.0,0,0,B,127755.89906498046
14680,6,2,55.60779595516436,32.772431056458856,1.0,11,17,1977,0.243204519,B,B,5,1564,0,540.0,0,0,B,160742.1925836446
13543,167,3,80.22072039829618,51.68709687016006,7.0,5,5,1959,0.050272014,B,B,21,4231,14,1020.0,0,3,B,366440.36724245816
6786,12,1,40.346744962864925,23.378128939348954,10.0,13,22,1996,0.090799103,B,B,74,19083,2,900.0,5,15,B,195114.68310998488
13529,53,1,38.122015363593725,38.122015363593725,10.0,15,17,2015,0.049637257,B,B,34,7759,0,229.0,1,3,B,146841.54229837446
9158,27,1,32.38584024360763,32.38584024360763,1.0,2,15,2015,0.211401214,B,B,9,1892,0,900.0,0,1,B,89104.39442556699
5360,60,1,32.50083548885619,21.12363367312566,5.0,9,9,1987,0.341071945,B,B,27,5664,48,2300.0,3,11,B,160743.2199833244
6098,55,2,61.68152219694233,33.22695635079559,10.0,17,17,1992,0.041365446,B,B,31,5569,0,900.0,1,4,B,254569.5428095598
11174,6,1,81.72292744471572,32.772431056458856,1.0,1,1,1977,0.243204519,B,B,5,1564,0,540.0,0,0,B,266262.46840683534
307,97,1,38.89710093888839,23.787833291632648,6.0,2,4,1962,0.486245621,B,B,13,2514,19,900.0,0,6,B,153616.96976345647
1892,79,2,42.22621889606082,29.461627655341605,5.0,5,5,1967,0.307466659,B,A,30,5048,9,325.0,2,5,B,189198.30159702583
6948,74,2,74.86889728153449,32.772431056458856,1.0,9,17,1977,0.309479124,B,B,35,7715,4,990.0,0,6,B,219420.7364094901
2227,101,1,32.192068209970934,23.395410751352628,5.0,5,5,1966,0.225824954,A,B,41,6558,7,1548.0,3,2,B,151725.71886601212
12790,13,3,66.69811308735964,46.15708956771432,6.0,9,12,1980,0.090799103,B,B,74,19083,2,900.0,5,15,B,263445.45481700834
3653,29,1,39.5781565889018,37.39354022951135,5.0,9,9,1974,0.040242764,B,B,25,3478,11,2729.0,3,1,B,146466.1904304212
2912,118,2,44.11645490821999,27.99341729018494,5.0,5,5,1963,0.341071945,B,B,27,5664,48,2300.0,3,11,B,174250.2124741737
16735,23,3,70.65062502159009,70.57278371128916,6.233004930000002,5,13,2015,0.005767451,B,B,1,388,0,900.0,0,0,B,211048.9182833357
5446,1,2,55.76885902226305,32.772431056458856,1.0,15,17,1977,0.007122317,B,B,1,264,0,900.0,0,1,B,165415.38850878843
8532,99,2,52.15652933727925,30.095966385142685,8.0,17,17,2000,0.012338886,B,B,35,5776,1,2078.0,2,4,B,250322.6169986314
10311,156,2,53.30918578594442,30.30256208074772,8.0,17,17,2002,0.007658515,B,B,35,7077,56,2301.0,3,19,B,257480.2935072202
10051,46,2,45.77706655785782,27.745855878949783,4.0,2,5,1967,0.0,B,B,47,11319,0,1145.0,3,5,B,175968.9455350088
918,1,1,51.95244724955001,32.772431056458856,1.0,15,17,1977,0.007122317,B,B,1,264,0,900.0,0,1,B,155323.39821404967
2766,27,2,48.74207704468069,33.63132059577016,7.0,12,12,1976,0.07542368,B,B,11,3097,0,900.0,0,0,B,224021.38134128228
734,62,2,75.85700608357075,41.75617178903565,11.0,8,10,1999,0.386771659,B,B,5,1135,0,900.0,0,0,A,325048.3910552508
6882,11,3,98.19600557042186,54.46078903581497,8.0,14,14,1999,0.0001696759999999,B,B,36,5992,0,900.0,1,1,B,392440.156530108
15971,126,2,44.89878448163138,29.038283723271302,5.0,5,5,1965,0.333891544,B,B,30,6564,1,900.0,0,0,B,184441.61176244923
1735,25,3,81.90602448497866,32.772431056458856,1.0,4,24,1977,0.069753361,B,B,53,13670,4,900.0,1,11,B,310479.3628139627
442,19,1,39.1893150012535,15.541983770093893,9.0,3,17,1993,0.000991363,B,B,33,6783,3,900.0,1,9,B,161231.85550369372
7228,1,3,81.29712942059656,32.772431056458856,1.0,17,17,1977,0.007122317,B,B,1,264,0,900.0,0,1,B,225150.89509784244
507,98,2,38.10134253471953,25.170594404952183,6.0,11,14,1974,0.195781053,B,B,23,5212,6,900.0,3,2,B,191288.92772623422
8461,163,2,48.04441203175735,31.767807561062853,5.0,2,5,1961,0.007658515,B,B,35,7077,56,2301.0,3,19,B,195480.28415101755
4514,126,3,77.44771975019927,54.240980019768,7.0,4,5,1961,0.333891544,B,B,30,6564,1,900.0,0,0,B,325296.230849709
4133,93,1,45.45706585325193,21.20911704358317,10.0,13,14,2013,0.01131981,B,B,2,568,1,900.0,0,0,B,166264.50037957059
14803,6,2,62.75938238886457,32.772431056458856,1.0,12,17,1977,0.243204519,B,B,5,1564,0,540.0,0,0,B,187105.477393058
14297,13,2,59.10279460822164,31.566829258193952,11.0,11,14,2003,0.090799103,B,B,74,19083,2,900.0,5,15,B,220617.9960724693
9924,0,3,58.07726557108423,39.10519794675711,5.0,4,5,1963,0.319809354,B,B,25,4756,16,2857.0,5,8,B,226013.181830348
13797,108,3,60.62606147302603,44.98950015172678,7.0,2,9,1962,0.0,B,B,25,5027,4,46.0,1,1,B,271463.5794337942
8497,62,3,108.25065654415651,32.772431056458856,1.0,1,1,2015,0.072157581,B,B,2,629,1,900.0,0,0,A,461100.7197328478
8729,27,1,46.16906456389288,32.772431056458856,1.0,7,17,2018,0.072157581,B,B,2,629,1,900.0,0,0,A,164485.28047853673
16046,41,1,32.66948756641645,19.149978956466533,6.0,4,4,1953,0.127811589,B,B,28,7287,5,320.0,1,3,B,140027.16996264484
15087,80,1,42.590582771550935,21.40195617022861,9.0,2,22,1988,0.0,B,B,39,8647,0,810.0,0,5,B,183093.60299674745
2874,99,2,46.4731215661529,30.653943617807112,5.0,4,5,1969,0.033493708,B,B,66,10573,1,1322.0,3,8,B,195482.12470497208
7415,27,3,84.42690266015627,32.772431056458856,1.0,10,10,2017,0.017647053,B,B,2,469,0,900.0,0,0,B,221232.34104755483
13893,145,1,40.09348712283876,23.972398265932785,8.0,13,17,1986,0.0,B,B,30,5562,0,900.0,0,5,A,177999.5966843696
12611,8,1,30.68783591940576,19.77401395339656,6.0,5,5,1964,0.458174486,B,A,26,4439,1,1130.0,1,5,B,146662.66019468315
7779,1,3,82.1694988997472,80.47655789337621,1.0,14,17,1977,0.007122317,B,B,1,264,0,900.0,0,1,B,231841.80442928712
8221,118,1,32.79510349292943,18.17452164617292,5.0,9,9,1966,0.341071945,B,B,27,5664,48,2300.0,3,11,B,164625.576052359
7790,39,1,34.74574985519149,19.095600342363277,6.0,3,9,1976,0.428825818,B,B,25,5011,8,730.0,0,2,B,159346.50290814377
12728,167,3,76.86868822636947,49.01506935254587,9.0,8,9,1976,0.050272014,B,B,21,4231,14,1020.0,0,3,B,382877.2375411872
3372,90,2,45.60935982932378,30.39536638158364,5.0,5,5,1966,0.265088676,B,B,37,5288,0,1937.0,3,2,B,202801.18316434967
12845,27,2,68.08176961484196,32.772431056458856,8.0,11,17,1977,0.072157581,B,B,2,629,1,900.0,0,0,A,208686.40328599856
13107,5,3,61.1866008540353,44.568950109018594,5.0,12,12,1973,0.150817539,B,B,16,3433,4,2643.0,4,5,B,255002.14540926984
2475,84,2,60.16873064759545,35.8401773342888,7.0,4,5,1957,0.149666373,B,B,22,4789,2,4087.0,4,1,B,269817.9121854026
5820,94,1,33.68038206569946,33.68038206569946,1.0,9,9,1972,0.127375905,B,B,43,8429,3,900.0,3,9,B,106572.036249338
14505,27,1,37.39198416737904,20.61769762959123,1.0,10,13,1977,0.211401214,B,B,9,1892,0,900.0,0,1,B,160142.16941079794
382,57,1,37.76580556334872,21.24226870175888,9.0,1,12,1979,0.133215333,B,B,49,11395,3,1406.0,3,4,A,165467.16515519322
1339,93,1,46.839092012949216,21.851106411570974,8.0,15,17,2010,0.041116354,B,B,53,14892,4,900.0,1,4,B,162533.06207452982
4940,67,2,51.1355123332172,35.94833229924701,9.0,11,12,1977,0.100455735,B,B,43,7227,0,900.0,1,6,A,198766.3504353065
1481,23,1,31.167933345181524,30.527056422874946,6.233004930000002,9,9,2015,0.034656082,B,B,0,168,0,900.0,0,0,B,105200.31543342482
9025,74,2,79.95089442890368,41.37454579779746,16.0,15,17,2015,0.309479124,B,B,35,7715,4,990.0,0,6,B,343713.14421268576
14636,84,1,38.80668861427284,21.770017425394126,7.0,5,14,1979,0.006076152,B,B,30,5285,0,645.0,6,6,B,175073.0287599435
10668,30,1,46.79567268263514,46.05768570927601,1.0,4,4,2016,7.81528e-05,B,B,22,6398,141,1046.0,3,23,B,127330.46895682006
2025,111,1,43.47869833252173,23.315555201489445,8.0,6,12,1986,0.093442564,B,B,23,4635,5,3300.0,2,4,B,181425.70197730724
2910,47,2,42.40185670826681,28.43755182017164,4.0,2,9,1970,0.458174486,B,A,26,4439,1,1130.0,1,5,B,194845.7244001662
5836,22,2,63.49048809593928,32.772431056458856,1.0,4,17,1977,0.118537385,B,B,30,6207,1,1183.0,1,0,B,187172.96028086747
3444,9,1,43.35503708226897,32.772431056458856,1.0,9,18,1977,0.161531741,B,B,25,5648,1,30.0,2,4,B,127615.38282748697
11165,45,1,39.52991656529448,39.52991656529448,1.0,20,25,1977,0.195781053,B,B,23,5212,6,900.0,3,2,B,189943.36811680018
16000,27,2,66.92923086029376,66.92923086029376,12.0,4,17,2018,0.072157581,B,B,2,629,1,900.0,0,0,A,213912.94084976253
5281,34,4,98.49159665953,89.91552400757601,1.0,8,9,2015,0.069753361,B,B,53,13670,4,900.0,1,11,B,307281.45278961456
15350,47,3,67.67663405686399,41.15693948167829,7.0,12,12,1980,6.99893e-05,B,B,46,10309,1,240.0,1,16,B,252354.60321924332
7321,28,2,51.5077585934805,32.265006154453125,8.0,9,14,1990,0.118537385,B,B,30,6207,1,1183.0,1,0,B,235562.55982580117
2863,118,2,48.42291242257316,32.38563495534654,1.0,3,9,1980,0.341071945,B,B,27,5664,48,2300.0,3,11,B,163710.44884195275
3563,21,1,45.92513311443962,24.487335926281126,8.0,9,12,1980,0.194489265,B,B,47,8004,3,125.0,3,5,B,177784.62507968853
5094,67,2,58.616678285179006,44.267097254102566,5.0,7,9,1975,0.0077202819999999,B,B,38,4788,2,900.0,0,4,B,230871.19281974112
1027,12,3,60.02972321907347,39.95572515773721,6.0,8,9,1983,0.090799103,B,B,74,19083,2,900.0,5,15,B,221389.77454017478
7953,58,3,73.25233253107835,49.06864166151242,9.0,5,9,2010,0.31019913,B,B,11,2748,1,900.0,0,0,B,374436.5352815228
1788,35,2,46.576816537821614,33.85211360381735,6.0,5,12,1972,0.089039719,B,B,33,7976,5,900.0,0,11,B,202912.56909092964
11061,101,2,44.14614138151646,29.205543660786184,5.0,5,5,1967,0.225824954,A,B,41,6558,7,1548.0,3,2,B,187808.11139486023
1839,13,3,74.56481549177167,43.0006479231948,9.0,11,17,2001,0.090799103,B,B,74,19083,2,900.0,5,15,B,341089.15930366516
7766,62,1,42.025773444829504,23.477270004349588,8.0,10,17,1989,0.002211665,B,B,39,7614,3,900.0,1,5,A,183155.9419105452
2250,1,2,56.86709900960975,33.75429833637623,8.0,9,14,1991,0.025609157,B,B,33,5261,0,240.0,3,1,B,263605.3773763729
14701,1,1,40.96275296690171,40.96275296690171,6.233004930000002,11,22,1977,0.007122317,B,B,1,264,0,900.0,0,1,B,144696.92224664346
13149,61,3,62.640705780720175,38.69475948375825,8.0,5,9,1974,0.300322518,B,B,52,10311,6,900.0,1,9,B,275991.69828731834
14040,6,2,72.89438990777742,32.772431056458856,1.0,25,25,1977,0.243204519,B,B,5,1564,0,540.0,0,0,B,260569.21121774294
13370,80,3,61.55613729990032,43.99439690268075,5.0,4,9,1978,0.0,B,B,39,8647,0,810.0,0,5,B,259792.45310603603
9312,34,4,104.53037751378548,65.61270481354957,9.0,22,22,1997,0.069753361,B,B,53,13670,4,900.0,1,11,B,441451.22277275496
10493,125,1,34.814377883049914,18.134060328844733,7.0,9,9,1970,0.194489265,B,B,47,8004,3,125.0,3,5,B,172738.87863645545
11985,1,2,66.56207107935955,66.4415603132246,1.0,9,20,1977,0.007122317,B,B,1,264,0,900.0,0,1,B,206560.76726452843
2698,67,2,52.440109822707406,34.07909181168427,10.0,12,12,1980,0.100455735,B,B,43,7227,0,900.0,1,6,A,210103.55462429274
4659,74,1,52.103243208960926,32.772431056458856,6.233004930000002,8,13,1977,0.075778755,B,B,6,1437,3,900.0,0,2,B,163569.79516162566
3002,11,1,33.918848846620264,21.590498472491923,6.0,4,9,1970,0.0001696759999999,B,B,36,5992,0,900.0,1,1,B,157779.3743108558
4795,82,1,39.31899629627416,22.384626936360966,9.0,11,12,1971,0.037316452,B,B,32,6748,93,562.0,4,10,B,178367.71552306376
3986,6,1,41.8605608248926,32.772431056458856,1.0,13,17,1977,0.243204519,B,B,5,1564,0,540.0,0,0,B,127317.84381722844
1753,51,3,74.56690954982821,46.00733391345835,8.0,5,14,1953,0.015016892,B,B,17,3079,59,2890.0,0,8,B,348959.519437552
6681,1,2,64.52728039374661,64.52728039374661,1.0,1,20,1977,0.007122317,B,B,1,264,0,900.0,0,1,B,190682.86675944104
14801,1,2,63.14256906975294,63.14256906975294,1.0,11,24,2014,0.007122317,B,B,1,264,0,900.0,0,1,B,229535.45112832278
14252,142,3,60.73491220876869,47.14989471541135,5.0,9,9,1968,0.051942062,B,B,17,4017,7,800.0,2,0,B,247152.05446083244
5017,27,2,57.33114767051465,57.33114767051465,6.233004930000002,4,17,2018,0.011654127,B,B,4,915,0,900.0,0,0,B,165184.3805150841
12267,101,2,60.11907253509817,33.29233519634215,11.0,10,12,2004,0.038692987,B,B,28,6533,1,1015.0,2,5,B,262639.14766999654
10681,44,1,37.23942482095293,22.94491562311553,9.0,2,12,1972,0.122190486,B,B,25,4724,2,1308.0,1,3,B,165260.24297804275
10800,8,1,42.94472724221086,20.873298388001768,8.0,14,14,1984,0.458174486,B,A,26,4439,1,1130.0,1,5,B,176560.91541757938
13910,84,1,32.40047349248031,20.35659031504704,5.0,9,9,1970,0.149666373,B,B,22,4789,2,4087.0,4,1,B,161338.42144171166
355,61,2,47.55062280411278,34.447034686760446,6.0,4,12,1976,0.300322518,B,B,52,10311,6,900.0,1,9,B,204246.36326744783
12255,99,1,38.59641962956243,22.11389193034768,9.0,1,14,1972,0.012338886,B,B,35,5776,1,2078.0,2,4,B,163634.1173268944
10435,67,2,52.1193655125217,33.24378032009347,6.0,8,12,1979,0.100455735,B,B,43,7227,0,900.0,1,6,A,194853.3136888954
13840,82,2,51.1759707285963,32.75004746241106,7.0,5,5,1954,0.037316452,B,B,32,6748,93,562.0,4,10,B,247955.01361939666
7656,63,3,73.85250677685583,46.96831933654504,10.0,9,22,1984,0.23861713,B,B,26,3889,6,705.0,3,6,B,311228.6225837147
1659,44,2,45.23856411721859,28.26893796264861,6.0,4,4,1967,0.122190486,B,B,25,4724,2,1308.0,1,3,B,199682.43423803005
2333,84,1,35.28851516084004,24.07492011230041,5.0,9,9,1965,0.006076152,B,B,30,5285,0,645.0,6,6,B,162582.97705963568
4580,126,3,81.85559315676657,52.7250014468629,8.0,6,7,1955,0.333891544,B,B,30,6564,1,900.0,0,0,B,348473.52623771556
12699,23,1,31.297256502104627,27.415963977478533,1.0,1,1,2016,0.034656082,B,B,0,168,0,900.0,0,0,B,99922.77857041899
9974,126,1,32.10759349977772,18.155673102979765,5.0,4,5,1963,0.486245621,B,B,13,2514,19,900.0,0,6,B,152194.24810710567
14083,2,3,64.02660237716789,41.23336778578632,8.0,4,14,1997,0.309479124,B,B,35,7715,4,990.0,0,6,B,264196.5399220423
15347,157,3,57.9749002841198,42.57659099426432,5.0,5,5,1958,0.0,B,B,30,7538,87,4702.0,5,5,B,215675.72892385855
1473,29,2,76.07985166226199,41.93703571621121,12.0,4,17,2010,0.069660344,B,B,31,6119,4,900.0,1,2,B,327895.3595014955
4984,47,3,63.66173377610029,46.97289306463136,6.0,8,12,1979,0.298204575,B,B,16,4048,3,900.0,1,3,B,251403.5742962596
9203,6,2,67.58035152546344,32.772431056458856,1.0,1,1,1977,0.243204519,B,B,5,1564,0,540.0,0,0,B,193449.3589776113
5806,8,1,36.56453984475184,21.16888468040269,9.0,16,16,1983,0.219006007,B,B,28,6746,3,900.0,1,4,B,178184.76201000172
5590,42,1,46.032391192711096,22.73232383248235,10.0,23,24,2008,0.158249043,B,B,21,5731,0,900.0,1,0,B,169734.85754727668
4509,111,4,65.4682925138045,46.838607477166775,5.0,8,9,1979,0.0,B,B,36,6714,2,2672.0,0,2,B,282299.7610565741
763,1,2,74.0204131610194,32.772431056458856,1.0,5,17,1977,0.007122317,B,B,1,264,0,900.0,0,1,B,193655.3932397109
3067,31,2,60.00699595005486,35.07730981815217,8.0,7,8,1961,0.0,B,B,23,3684,2,900.0,0,4,B,340384.95823320915
1143,154,2,66.10279529177947,37.9736030908449,13.0,21,25,2005,0.460556389,B,B,20,4386,14,900.0,1,5,B,235862.32969826326
15403,126,3,56.49041857433716,38.4924681556136,5.0,1,5,1965,0.333891544,B,B,30,6564,1,900.0,0,0,B,219127.28933598698
10793,23,2,110.75022569542148,32.772431056458856,6.233004930000002,2,2,2015,0.014072961,B,B,2,475,0,900.0,0,0,B,247716.47661504158
4849,23,1,33.989705343871414,28.426488226864,1.0,3,9,2016,0.034656082,B,B,0,168,0,900.0,0,0,B,123591.01810679909
10717,81,2,41.19779377387656,29.419543286520568,6.0,2,5,1967,0.319809354,B,B,25,4756,16,2857.0,5,8,B,165622.236377153
5430,101,1,38.74370289661279,22.87738591588361,6.0,4,9,1979,0.225824954,A,B,41,6558,7,1548.0,3,2,B,167408.96197882632
5874,170,3,76.93421994973544,45.57027336785189,10.0,13,22,2005,0.21843974,B,B,21,4472,6,1450.0,4,7,A,363589.66289743275
11286,1,2,62.16728312575921,32.772431056458856,6.233004930000002,11,22,1977,0.007122317,B,B,1,264,0,900.0,0,1,B,195475.27569939327
4407,52,1,44.40365233620896,32.772431056458856,1.0,10,17,1977,0.371148999,B,B,34,7065,1,750.0,2,5,B,135607.00420300584
11998,29,3,59.72347619098362,45.624554173736925,5.0,5,5,1973,0.069660344,B,B,31,6119,4,900.0,1,2,B,217915.99166937248
1131,47,2,55.860983176004495,31.909536799037472,8.0,5,12,1984,6.99893e-05,B,B,46,10309,1,240.0,1,16,B,214417.9894269701
11920,47,3,85.36351000041765,84.81758188950768,1.0,3,25,1977,0.197367951,B,B,8,2423,1,32.0,0,1,B,283674.7251068063
12404,34,3,77.90082177715084,51.02036483680659,10.0,9,9,1998,0.069753361,B,B,53,13670,4,900.0,1,11,B,345398.582366532
6552,9,2,63.128806399058426,32.772431056458856,1.0,14,18,1977,0.161531741,B,B,25,5648,1,30.0,2,4,B,184099.8645904582
8459,79,2,45.48991719824454,31.219056413742862,5.0,5,5,1968,0.307466659,B,A,30,5048,9,325.0,2,5,B,193393.06644464188
4704,160,2,52.0086918646788,30.594945724907163,10.0,4,12,1978,0.0,B,B,39,8647,0,810.0,0,5,B,247315.76819282238
13883,119,2,49.22084185872414,29.03018246931984,6.0,5,5,1961,0.000995363,B,B,42,7651,1,900.0,1,5,B,211364.01525919663
13830,84,1,38.87966049269009,21.309521212139146,9.0,8,12,1965,0.149666373,B,B,22,4789,2,4087.0,4,1,B,177029.55573131706
13273,62,3,89.36025260907614,52.702849856215686,11.0,13,13,1977,0.072157581,B,B,2,629,1,900.0,0,0,A,361135.58007121
11323,27,2,55.96043001435466,52.22549911331085,10.0,18,20,1977,0.011654127,B,B,4,915,0,900.0,0,0,B,214277.5071034119
13257,23,1,44.0456765290912,32.772431056458856,1.0,15,25,1977,0.075778755,B,B,6,1437,3,900.0,0,2,B,130978.46511367736
15846,34,1,26.71972348939218,26.71972348939218,1.0,2,2,2015,0.069753361,B,B,53,13670,4,900.0,1,11,B,98442.75919966519
9132,153,3,73.04063649601355,45.6698316231279,10.0,16,17,1992,0.033493708,B,B,66,10573,1,1322.0,3,8,B,319924.75413050054
2909,23,1,32.96951997827669,32.772431056458856,1.0,4,6,1977,0.034656082,B,B,0,168,0,900.0,0,0,B,89309.64171476035
15927,105,1,41.540167522718846,19.64646026142736,9.0,4,16,1977,0.069660344,B,B,31,6119,4,900.0,1,2,B,176395.47294289037
16500,53,2,57.34800186938747,39.40149249779908,10.0,5,24,2018,0.049637257,B,B,34,7759,0,229.0,1,3,B,277678.3791327621
15974,96,1,42.56313368646379,19.530069980686356,8.0,6,17,2008,0.041116354,B,B,53,14892,4,900.0,1,4,B,186830.3384815719
1278,47,1,41.49849752664512,22.45382652053375,8.0,14,14,2001,0.298204575,B,B,16,4048,3,900.0,1,3,B,174819.54802487235
2893,140,2,42.289102329267074,27.265355432115825,6.0,5,5,1960,0.0,B,B,33,7425,1,900.0,2,5,B,205324.2957990399
16128,6,2,66.10673299369402,32.772431056458856,6.233004930000002,10,17,1977,0.243204519,B,B,5,1564,0,540.0,0,0,B,183649.4961861738
12794,99,3,62.7407434463837,47.52697767762346,6.0,9,9,1972,0.012338886,B,B,35,5776,1,2078.0,2,4,B,231584.6809890526
1341,163,3,65.59259727460221,45.34938347936525,7.0,5,12,1973,0.007658515,B,B,35,7077,56,2301.0,3,19,B,287658.38390325906
9219,62,3,127.39423249510794,32.772431056458856,1.0,5,12,1977,0.072157581,B,B,2,629,1,900.0,0,0,A,301003.35854883067
2982,6,2,63.46068440528138,32.772431056458856,6.233004930000002,13,13,1977,0.243204519,B,B,5,1564,0,540.0,0,0,B,239819.46057917684
3113,80,1,36.452012579147,20.662026559113084,6.0,8,12,1975,0.0077202819999999,B,B,38,4788,2,900.0,0,4,B,168112.69285637338
14358,67,1,43.85707863238357,43.85707863238357,1.0,20,22,1977,0.0077202819999999,B,B,38,4788,2,900.0,0,4,B,200732.0867146651
295,7,1,35.4248181357566,22.127867691120443,9.0,4,12,1968,0.130617806,B,B,39,10418,9,900.0,1,9,B,172981.05079996944
732,27,3,77.66164111852916,47.437166277474965,6.0,6,6,1927,0.041116354,B,B,53,14892,4,900.0,1,4,B,306353.3942825985
14926,23,2,64.9370542179923,32.772431056458856,1.0,8,17,1977,0.075778755,B,B,6,1437,3,900.0,0,2,B,187427.19720365183
9155,204,3,88.55933680292391,62.854221057812,8.0,7,7,1918,0.037316452,B,B,32,6748,93,562.0,4,10,B,349610.434901928
2045,11,2,41.64375505408059,23.42782809702064,6.0,4,12,1975,0.0001696759999999,B,B,36,5992,0,900.0,1,1,B,196924.35462726254
3879,143,2,52.733950312148544,34.71890116429108,8.0,13,16,1984,0.049863387,B,B,18,3746,9,75.0,3,1,B,230502.8526004101
5361,53,3,80.10210310555553,32.772431056458856,1.0,13,22,1977,0.049637257,B,B,34,7759,0,229.0,1,3,B,291730.1456733742
9750,134,2,77.03057926969667,42.66732232335127,12.0,5,7,1961,0.015016892,B,B,17,3079,59,2890.0,0,8,B,370822.4126543042
1711,1,2,65.93223417201695,65.93223417201695,1.0,14,22,1977,0.007122317,B,B,1,264,0,900.0,0,1,B,206644.2240577171
13269,1,2,37.56438363008776,26.046062901117235,5.0,9,12,1974,0.036270089,B,B,6,1318,1,200.0,1,1,B,195418.0653138024
7020,28,2,43.46727673764455,30.92462242944984,5.0,5,9,1968,0.118537385,B,B,30,6207,1,1183.0,1,0,B,204097.7109176148
832,33,1,32.39474053457854,19.2303580846972,4.0,4,5,1961,0.051942062,B,B,17,4017,7,800.0,2,0,B,155802.17909327956
4009,88,2,46.07802588907847,28.020709909138727,6.0,12,12,1974,0.127375905,B,B,43,8429,3,900.0,3,9,B,208075.54382999204
5184,46,3,69.40003997227386,69.40003997227386,1.0,2,2,1977,0.188783766,B,B,31,6137,4,900.0,0,1,B,152353.22761113543
13844,19,1,42.31373979541415,23.4541619083005,10.0,10,16,1978,0.309479124,B,B,35,7715,4,990.0,0,6,B,176350.57214796025
12471,116,2,51.30792299464552,28.189614891461225,6.0,4,10,1959,0.341071945,B,B,27,5664,48,2300.0,3,11,B,206335.93543955573
1294,32,2,48.63256692753375,30.857634300973963,5.0,5,5,1970,0.135649789,B,B,46,7960,6,350.0,3,11,B,191544.42797494493
6058,61,3,60.20372849445286,43.622660553574,6.0,9,9,1977,0.300322518,B,B,52,10311,6,900.0,1,9,B,228994.7560425046
15614,62,1,46.120870682810605,32.772431056458856,1.0,5,17,1977,0.072157581,B,B,2,629,1,900.0,0,0,A,176969.16281440118
7214,128,2,57.427824456097625,30.258026672563943,8.0,11,14,1992,0.0,B,B,27,4798,0,30.0,2,8,B,245987.36417676645
9841,21,3,62.39438226560701,44.063216241349295,5.0,8,9,1970,0.194489265,B,B,47,8004,3,125.0,3,5,B,244272.38551048815
4639,144,1,42.519325701253024,22.445487671918357,8.0,16,17,1991,0.306977489,B,B,27,5148,14,1575.0,5,7,B,173886.30440533964
5018,27,2,65.81218754096736,33.852297606893195,11.0,5,18,2016,0.072157581,B,B,2,629,1,900.0,0,0,A,240221.8867156874
1139,6,2,63.5173347059491,32.772431056458856,1.0,25,25,2017,0.243204519,B,B,5,1564,0,540.0,0,0,B,180425.82340596255
2896,23,2,53.23632360129342,32.772431056458856,8.0,6,17,1977,0.034656082,B,B,0,168,0,900.0,0,0,B,216225.99875473595
7987,20,1,34.912888500536106,24.65334381632083,5.0,7,9,1964,0.019508796,B,B,37,7687,11,176.0,5,5,B,164106.9751641343
13272,22,3,77.21435258319225,32.772431056458856,1.0,14,17,1977,0.118537385,B,B,30,6207,1,1183.0,1,0,B,233311.1688534414
13454,11,2,44.48795120333836,31.2494790843348,5.0,3,5,1964,0.038692987,B,B,28,6533,1,1015.0,2,5,B,195096.49629035633
14287,39,1,33.91288312618613,19.44577585644332,6.0,4,9,1971,0.428825818,B,B,25,5011,8,730.0,0,2,B,155922.50850210647
414,76,2,67.60980813005817,41.17594768866497,5.0,46,48,2002,0.0,B,B,7,1660,39,1786.0,1,5,B,241522.13426439092
1524,23,2,51.50615043164563,32.772431056458856,1.0,12,17,1977,0.034656082,B,B,0,168,0,900.0,0,0,B,154519.1343126711
5818,6,1,39.47110714676914,32.772431056458856,6.233004930000002,6,17,2016,0.243204519,B,B,5,1564,0,540.0,0,0,B,131912.13686081354
973,18,1,41.92833188819943,21.385775607732533,8.0,5,14,1989,0.0,B,B,30,5562,0,900.0,0,5,A,177008.82340499022
2888,83,3,59.68276073178182,42.18847212634758,8.0,8,9,1978,0.0077202819999999,B,B,38,4788,2,900.0,0,4,B,305871.20700889896
6269,145,3,77.73784627391966,47.446026222326566,12.0,17,17,2005,0.246031548,B,A,22,3151,4,2715.0,3,3,B,341154.11237028515
7343,27,2,68.17862676284905,32.772431056458856,10.0,19,22,1977,0.211401214,B,B,9,1892,0,900.0,0,1,B,270902.29984417005
14834,27,3,56.310351326127424,32.772431056458856,6.233004930000002,13,13,1977,0.072157581,B,B,2,629,1,900.0,0,0,A,184195.10310620826
10672,42,3,81.42875762001425,48.61103342868251,8.0,7,9,2006,0.158249043,B,B,21,5731,0,900.0,1,0,B,371609.8630894657
2595,27,2,60.03655047905661,30.91288175847271,12.0,6,6,2000,0.041116354,B,B,53,14892,4,900.0,1,4,B,233745.99933495448
12843,55,1,42.651051670378926,22.910976092769136,8.0,17,17,1987,0.041365446,B,B,31,5569,0,900.0,1,4,B,173988.06615182885
8973,58,1,53.715807460945214,32.772431056458856,1.0,1,1,1977,0.43788524,B,B,23,5735,3,1084.0,0,5,B,148707.21231641396
13539,130,3,81.65701759753394,53.62600835809171,10.0,6,8,1958,0.341071945,B,B,27,5664,48,2300.0,3,11,B,417698.32641915756
12351,62,1,45.221268155330726,32.772431056458856,1.0,3,9,1977,0.072157581,B,B,2,629,1,900.0,0,0,A,133207.07021384023
12322,8,2,44.38723647202,31.71895906716257,5.0,7,9,1970,0.458174486,B,A,26,4439,1,1130.0,1,5,B,207423.578238746
13659,109,4,100.16436432188688,66.52340540548944,10.0,8,18,1983,0.0,B,B,25,5027,4,46.0,1,1,B,431951.71959191933
14758,1,1,41.435648249008686,39.19279499664541,1.0,3,17,1977,0.007122317,B,B,1,264,0,900.0,0,1,B,133007.34650341602
14157,1,2,65.22599906915603,32.772431056458856,6.233004930000002,15,17,1977,0.007122317,B,B,1,264,0,900.0,0,1,B,178916.47829427815
9874,27,1,31.667379113115143,31.667379113115143,1.0,1,14,2015,0.017647053,B,B,2,469,0,900.0,0,0,B,75859.486766105
11513,1,1,37.48405677665481,37.48405677665481,6.233004930000002,4,17,1977,0.007122317,B,B,1,264,0,900.0,0,1,B,113335.97686914117
5034,27,3,76.05188945288387,74.61495977757595,1.0,10,12,2017,0.011654127,B,B,4,915,0,900.0,0,0,B,321768.88239480206
6779,98,2,54.971508534788846,30.93432712537425,11.0,13,16,1978,0.195781053,B,B,23,5212,6,900.0,3,2,B,258248.56864944237
8009,151,3,58.07737891003951,48.30384409949928,6.0,9,9,1975,0.236108458,B,B,16,3893,27,900.0,3,10,B,236389.04842445703
891,85,2,65.55069031351593,61.68927974726668,10.0,13,22,1988,0.037177818,B,B,52,11217,1,2300.0,1,7,B,228101.49295602343
6663,0,2,46.80127174819893,30.871297430911287,5.0,5,5,1962,0.319809354,B,B,25,4756,16,2857.0,5,8,B,188773.4794660568
11506,80,2,53.82074329199249,34.25965764732129,8.0,6,12,1977,0.0,B,B,39,8647,0,810.0,0,5,B,234408.72323634394
4740,51,2,48.647732645236005,28.1666883647494,5.0,9,9,1967,0.015016892,B,B,17,3079,59,2890.0,0,8,B,203246.33354382697
9254,84,3,72.36201644229297,50.76045524718481,7.0,5,5,1958,0.006076152,B,B,30,5285,0,645.0,6,6,B,344798.580299032
2609,53,1,42.17941896111,20.07535852856152,8.0,5,12,1986,0.313924552,B,B,22,4625,11,3855.0,2,10,B,178755.45457403603
13601,6,1,42.098529972577865,32.772431056458856,1.0,17,17,1977,0.243204519,B,B,5,1564,0,540.0,0,0,B,127181.78800828001
3862,1,2,64.9669857639587,64.9669857639587,6.233004930000002,8,17,1977,0.007122317,B,B,1,264,0,900.0,0,1,B,188100.62064641423
16490,30,3,79.43143469050823,32.772431056458856,1.0,1,1,1977,7.81528e-05,B,B,22,6398,141,1046.0,3,23,B,223171.85913163912
8819,27,3,81.60607368160294,46.13444943790271,10.0,3,17,2015,0.011654127,B,B,4,915,0,900.0,0,0,B,343211.0827832791
6836,39,2,45.131281528169744,30.780550607450408,6.0,2,5,1965,0.428825818,B,B,25,5011,8,730.0,0,2,B,192146.5143035209
16232,46,2,41.318013997747045,30.94292589042472,5.0,5,5,1967,0.188783766,B,B,31,6137,4,900.0,0,1,B,184553.24769759708
15988,1,1,36.07386562951889,32.772431056458856,1.0,15,24,1977,0.007122317,B,B,1,264,0,900.0,0,1,B,120485.48800739241
6009,140,2,41.58899019555932,23.89134737491356,7.0,9,9,1969,0.0,B,B,33,7425,1,900.0,2,5,B,180057.42696780286
15339,17,1,34.69151718422478,20.53195523859061,6.0,9,9,1968,0.000991363,B,B,33,6783,3,900.0,1,9,B,167832.52545526615
2953,62,1,43.118536927628746,32.772431056458856,1.0,11,17,1977,0.072157581,B,B,2,629,1,900.0,0,0,A,128119.28602353577
8340,9,2,64.61634731644105,32.23437898894518,8.0,9,9,2014,0.161531741,B,B,25,5648,1,30.0,2,4,B,263733.30943954503
8723,53,2,46.66081742626152,25.582383774828266,7.0,4,9,1984,0.049637257,B,B,34,7759,0,229.0,1,3,B,186127.30883945947
6760,38,1,46.12544858899494,32.772431056458856,1.0,4,17,1977,0.060753049,B,B,15,2787,2,520.0,0,7,B,173266.092878551
7960,9,1,42.07951454056146,32.772431056458856,1.0,15,18,1977,0.161531741,B,B,25,5648,1,30.0,2,4,B,122500.9725916229
13358,67,3,77.70572790087279,44.60335906039185,10.0,13,16,1979,0.0077202819999999,B,B,38,4788,2,900.0,0,4,B,324538.1060437567
2009,23,1,28.025001004529344,28.025001004529344,1.0,13,17,2017,0.034656082,B,B,0,168,0,900.0,0,0,B,108460.3149076123
9977,27,3,81.62027632808538,32.772431056458856,6.233004930000002,16,22,1977,0.211401214,B,B,9,1892,0,900.0,0,1,B,318220.60933141253
12445,68,2,55.56344397485308,34.530216364657555,9.0,3,8,1962,0.081943463,B,B,20,2738,20,900.0,1,4,B,273729.17998240096
11130,17,3,57.934759696675606,41.3787356888664,5.0,5,5,1963,0.0,B,B,18,3374,5,620.0,1,2,B,231214.7012226904
9205,120,2,85.91182654959276,32.772431056458856,1.0,1,1,2016,0.341071945,B,B,27,5664,48,2300.0,3,11,B,257244.7692466899
9078,9,3,84.87543586495795,32.772431056458856,1.0,1,1,1977,0.161531741,B,B,25,5648,1,30.0,2,4,B,251055.20221594424
8317,15,1,41.94496466545661,22.95875726295707,7.0,4,12,2007,0.158249043,B,B,21,5731,0,900.0,1,0,B,179503.23065241257
13108,24,2,54.59057671317649,32.09688185614966,8.0,11,17,1990,0.111627393,B,B,50,12238,8,1970.0,2,3,B,230850.6665319981
15196,11,2,48.47850022922388,31.74401390492204,6.0,7,9,1973,0.0001696759999999,B,B,36,5992,0,900.0,1,1,B,207360.08776764886
12406,3,1,35.962335240565274,21.69321265923093,7.0,8,12,1975,0.050900058,B,B,43,10621,1,30.0,2,3,B,171889.50137783907
5946,27,1,45.69758930049447,32.772431056458856,6.233004930000002,3,13,1977,0.072157581,B,B,2,629,1,900.0,0,0,A,146899.76719931286
5538,14,2,39.14895729902383,27.74650147980364,6.0,12,12,1970,0.042031587,B,B,37,6856,84,1940.0,2,5,B,193442.71316276703
16264,53,2,49.59188094692384,32.60713920423945,5.0,9,9,1973,0.313924552,B,B,22,4625,11,3855.0,2,10,B,211029.3820768059
3752,80,3,50.54025460588542,38.2542914678561,5.0,8,9,1979,0.0,B,B,39,8647,0,810.0,0,5,B,236631.19306998252
13995,6,2,65.03311051536751,32.772431056458856,1.0,7,17,1977,0.243204519,B,B,5,1564,0,540.0,0,0,B,187256.45073914577
181,9,3,83.58913279390535,45.586057284711295,9.0,4,11,2016,0.161531741,B,B,25,5648,1,30.0,2,4,B,343046.1291557596
13304,67,2,45.716755083887385,31.28124383122997,6.0,8,9,1976,0.100455735,B,B,43,7227,0,900.0,1,6,A,205324.98497117727
4262,91,3,61.39017234256177,37.835732295000525,7.0,5,5,1961,0.333891544,B,B,30,6564,1,900.0,0,0,B,276441.229005765
11552,6,3,81.90929334045485,52.376238070260726,10.0,10,25,2015,0.243204519,B,B,5,1564,0,540.0,0,0,B,310564.9169358601
817,34,4,104.08303140734616,97.14557534780148,15.0,7,22,2017,0.069753361,B,B,53,13670,4,900.0,1,11,B,389826.14755281573
1198,155,1,37.91878819274525,23.26558950391001,9.0,9,12,1965,0.042307271,B,B,17,2810,9,4849.0,3,6,B,176122.3763469509
16535,23,1,31.12125935552932,31.12125935552932,1.0,5,12,1977,0.034656082,B,B,0,168,0,900.0,0,0,B,70081.35215619106
450,27,2,66.23566238810594,32.772431056458856,6.233004930000002,2,13,1977,0.072157581,B,B,2,629,1,900.0,0,0,A,171773.28354849375
13207,6,2,64.74590187293714,62.37826086251769,1.0,9,17,2017,0.243204519,B,B,5,1564,0,540.0,0,0,B,186861.55324724666
1551,1,2,62.54237329334708,32.772431056458856,1.0,15,17,1977,0.007122317,B,B,1,264,0,900.0,0,1,B,186515.641149561
250,21,3,60.324468681106005,41.72171217722632,5.0,3,5,1965,0.194489265,B,B,47,8004,3,125.0,3,5,B,232310.90535634157
11528,21,2,44.75758049015514,32.83752383028055,6.0,5,5,1961,0.034331497,B,B,25,5487,3,900.0,0,4,B,188125.9562363011
16350,22,1,39.788944251902215,23.106439319360167,7.0,13,14,1978,0.118537385,B,B,30,6207,1,1183.0,1,0,B,179716.03512315665
4573,21,1,32.69567503897922,19.706859075918008,6.0,2,4,1963,0.194489265,B,B,47,8004,3,125.0,3,5,B,135527.60702271035
7990,161,3,78.68451988651363,47.87612552609425,10.0,17,17,1995,0.0006991189999999,B,B,14,3369,24,4129.0,0,3,B,346674.43169752223
2372,94,2,49.33256475106596,29.09364337441785,9.0,2,9,1973,0.127375905,B,B,43,8429,3,900.0,3,9,B,235338.59698441077
193,31,1,37.672993658950574,20.50293596531191,9.0,8,14,1975,0.0,B,B,23,3684,2,900.0,0,4,B,178927.93979936294
8713,1,2,55.73790447572605,33.538598989494425,9.0,11,17,2009,0.025609157,B,B,33,5261,0,240.0,3,1,B,252988.42813610527
7617,85,3,76.358007358408,47.49542170308635,10.0,4,16,1979,0.037177818,B,B,52,11217,1,2300.0,1,7,B,316124.3846433448
1215,62,1,47.06363502158803,46.19118680176756,1.0,5,17,1977,0.072157581,B,B,2,629,1,900.0,0,0,A,158024.31920501267
3107,11,2,46.342950599711706,28.86379978594401,5.0,12,12,1975,0.225824954,A,B,41,6558,7,1548.0,3,2,B,208908.62607106552
8756,58,1,52.02266012831064,32.772431056458856,6.233004930000002,8,9,1977,0.43788524,B,B,23,5735,3,1084.0,0,5,B,119059.37387253722
15942,6,1,49.94318882824493,32.772431056458856,1.0,9,17,1977,0.243204519,B,B,5,1564,0,540.0,0,0,B,169226.48543507827
7540,187,2,69.88848507116914,39.34692300184189,11.0,7,10,2003,0.041116354,B,B,53,14892,4,900.0,1,4,B,286832.7553435352
14629,22,1,41.10851083432255,32.772431056458856,1.0,4,17,1977,0.118537385,B,B,30,6207,1,1183.0,1,0,B,127647.97786289427
8109,37,1,42.15717488534747,22.39467832516861,7.0,17,17,2005,0.178916796,B,B,18,3594,4,192.0,1,5,B,166593.23542779274
10816,51,3,97.88933216939984,58.64056425285965,12.0,4,5,1929,0.015016892,B,B,17,3079,59,2890.0,0,8,B,322320.8274433781
10205,44,3,80.89178661685754,44.8916860542416,12.0,14,14,2007,0.232205084,B,B,24,4860,1,80.0,0,3,B,317827.2593235578
4462,34,1,49.095249269794095,46.740322011253454,8.0,6,25,2019,0.069753361,B,B,53,13670,4,900.0,1,11,B,201273.55681824606
9908,105,1,39.954127323786174,24.993155416266355,6.0,9,9,1974,0.069660344,B,B,31,6119,4,900.0,1,2,B,177831.438333355
11376,75,1,41.42450603526496,19.919534270664226,8.0,13,17,2000,0.122090347,B,B,29,6566,7,1894.0,4,0,B,180872.8553885087
16108,78,3,52.862596007846975,34.27298272048118,5.0,4,9,1973,0.092290642,B,B,21,4346,2,165.0,1,2,B,180876.06048147575
13832,30,1,48.57702848219884,46.141048124626856,6.233004930000002,13,13,2015,7.81528e-05,B,B,22,6398,141,1046.0,3,23,B,168384.75213595122
3744,62,3,83.3345401554866,32.772431056458856,6.233004930000002,6,13,1977,0.072157581,B,B,2,629,1,900.0,0,0,A,255127.19381826796
15265,30,1,46.183582947307,46.183582947307,6.233004930000002,4,17,1977,7.81528e-05,B,B,22,6398,141,1046.0,3,23,B,177109.72054423246
5422,33,3,83.70019005035911,57.71296839098354,10.0,6,8,1960,0.050272014,B,B,21,4231,14,1020.0,0,3,B,398109.773723188
2941,145,1,40.39869828413808,19.55940995445457,7.0,14,17,2003,0.246031548,B,A,22,3151,4,2715.0,3,3,B,180643.37158189798
15866,46,1,34.7432296557302,20.29109188084279,6.0,4,9,1971,0.188783766,B,B,31,6137,4,900.0,0,1,B,156458.5156019911
15172,38,3,86.20474059964937,50.67584681137279,10.0,7,20,2016,0.060753049,B,B,15,2787,2,520.0,0,7,B,320164.5143971718
15904,31,1,37.90117750360396,20.90980392189821,9.0,14,14,2011,0.151346216,B,A,32,5889,10,830.0,4,1,B,177165.3524960603
5679,80,2,55.60530398195714,31.445239357852333,9.0,7,12,1976,0.0,B,B,39,8647,0,810.0,0,5,B,236691.8403827669
5825,25,2,58.474168194174936,32.772431056458856,1.0,1,1,1977,0.069753361,B,B,53,13670,4,900.0,1,11,B,214060.402568396
3958,38,2,76.72522422455049,42.963186917821744,1.0,15,15,2016,0.060753049,B,B,15,2787,2,520.0,0,7,B,247786.354873313
8591,145,2,54.07228727725583,32.343650686103224,9.0,13,17,2005,0.246031548,B,A,22,3151,4,2715.0,3,3,B,248388.09952809985
1475,25,2,78.93097025484747,39.09411987338049,11.0,6,17,2008,0.069753361,B,B,53,13670,4,900.0,1,11,B,325747.11223043146
2397,55,2,62.95489944645739,36.11638615677065,10.0,15,17,1989,0.041365446,B,B,31,5569,0,900.0,1,4,B,270312.50591848337
12419,78,3,58.92317493366527,37.7722846132536,6.0,5,9,1972,0.092290642,B,B,21,4346,2,165.0,1,2,B,237207.61956643822
7533,66,1,16.319014801237355,11.118981039716108,1.0,4,5,1965,0.111627393,B,B,50,12238,8,1970.0,2,3,B,114109.16761246909
10339,1,3,78.03560084335301,32.772431056458856,1.0,14,17,1977,0.007122317,B,B,1,264,0,900.0,0,1,B,260622.63196797625
8760,109,1,31.50234199937792,20.01247105423149,5.0,3,5,1963,0.1363303,B,B,30,6141,10,262.0,3,6,B,142173.42925329856
13040,90,1,25.32956717760796,16.186487513699433,3.0,5,5,1966,0.265088676,B,B,37,5288,0,1937.0,3,2,B,120874.5311918914
5620,29,2,44.719718351992185,31.833919700518297,5.0,5,5,1962,0.086885265,B,B,10,2277,2,1547.0,0,0,B,188652.28394806306
4840,91,1,38.467265691700405,24.462012240625352,9.0,8,12,1968,0.033493708,B,B,66,10573,1,1322.0,3,8,B,174974.51176780683
10464,22,2,41.81740187372816,24.50311264467215,5.0,6,9,1972,0.118537385,B,B,30,6207,1,1183.0,1,0,B,203540.7577445888
7543,13,1,42.05271999246155,21.99831791312561,8.0,14,14,1997,0.090799103,B,B,74,19083,2,900.0,5,15,B,175560.6440983558
1320,23,2,54.350504892039226,54.350504892039226,1.0,3,3,1977,0.005767451,B,B,1,388,0,900.0,0,0,B,94773.43170358626
2272,58,1,50.97547353847676,43.04682641413224,12.0,7,9,2015,0.43788524,B,B,23,5735,3,1084.0,0,5,B,121201.02616167902
6550,23,1,43.35967779919624,32.772431056458856,1.0,16,17,1977,0.075778755,B,B,6,1437,3,900.0,0,2,B,129428.42669519753
4518,48,2,53.99899058847917,34.593313464224714,9.0,15,16,1984,0.041124634,B,B,46,9515,5,900.0,1,10,B,248811.52882953238
2340,58,3,66.6812516064256,38.34569917998227,11.0,4,12,1996,0.1489038909999999,B,B,9,1952,1,1430.0,3,2,B,280940.3717822364
1484,30,2,62.2069611405944,32.772431056458856,1.0,14,17,1977,7.81528e-05,B,B,22,6398,141,1046.0,3,23,B,186591.2201825556
1233,21,1,47.24328058323152,24.035784870435005,8.0,5,14,1992,0.194489265,B,B,47,8004,3,125.0,3,5,B,177769.50119536853
12897,78,2,63.08640772002165,36.814193762066544,10.0,22,22,1997,0.092290642,B,B,21,4346,2,165.0,1,2,B,295174.66709824314
15344,10,2,44.10875803924271,29.6100160852583,5.0,8,9,1972,0.282797669,B,B,33,8667,2,900.0,0,6,B,205440.66791892014
7061,1,2,64.09894328879163,32.772431056458856,1.0,15,17,1977,0.007122317,B,B,1,264,0,900.0,0,1,B,183770.5006706967
13807,58,3,79.49492725706641,32.772431056458856,1.0,8,17,1977,0.43788524,B,B,23,5735,3,1084.0,0,5,B,217386.0936700204
487,52,2,55.35756440221504,32.772431056458856,1.0,17,17,1977,0.371148999,B,B,34,7065,1,750.0,2,5,B,166178.03713258973
12297,105,1,31.171671600055657,17.160854754298065,5.0,4,9,1970,0.040242764,B,B,25,3478,11,2729.0,3,1,B,165526.900076173
13452,84,2,46.01779955512664,27.66229520323308,5.0,8,9,1973,0.006076152,B,B,30,5285,0,645.0,6,6,B,205494.47423837043
5624,14,1,32.59585757619683,21.08726036844277,6.0,4,5,1960,0.042031587,B,B,37,6856,84,1940.0,2,5,B,142010.96704651866
4483,62,1,41.951461691916414,41.951461691916414,41.0,13,17,2018,0.072157581,B,B,2,629,1,900.0,0,0,A,147616.8045486667
265,23,4,74.81722589043343,32.772431056458856,6.233004930000002,2,13,1977,0.014072961,B,B,2,475,0,900.0,0,0,B,337797.08443175704
503,26,3,46.82428631251123,35.39142480995873,4.0,5,5,1963,0.0,B,B,36,6714,2,2672.0,0,2,B,265286.58001747594
8919,25,2,59.4260703131239,32.772431056458856,1.0,22,24,1977,0.069753361,B,B,53,13670,4,900.0,1,11,B,237488.00775617445
3102,30,1,42.0768609016484,32.772431056458856,1.0,1,1,1977,7.81528e-05,B,B,22,6398,141,1046.0,3,23,B,119151.98201333119
5190,41,3,80.16041871753984,45.090666359851504,12.0,7,17,2004,0.175054867,B,B,36,10055,3,900.0,1,0,B,326779.10890062404
7699,61,1,39.68962407969543,20.98902999866805,7.0,4,14,1998,0.300322518,B,B,52,10311,6,900.0,1,9,B,176000.52405173398
15080,66,2,49.31607362699826,32.0128912202699,6.0,6,9,1973,0.111627393,B,B,50,12238,8,1970.0,2,3,B,205030.32245603652
2439,48,2,55.08851834153509,33.64224381566751,8.0,4,16,1981,0.041124634,B,B,46,9515,5,900.0,1,10,B,234542.1233428306
4387,28,3,66.70398317110406,43.3425002492662,7.0,4,4,1974,0.118537385,B,B,30,6207,1,1183.0,1,0,B,280305.97191760386
7427,27,2,64.4195479570112,32.772431056458856,6.233004930000002,11,19,1977,0.211401214,B,B,9,1892,0,900.0,0,1,B,178046.0777421044
16056,128,1,41.8806432836533,23.66222035766692,8.0,8,17,1991,0.0,B,B,27,4798,0,30.0,2,8,B,182088.66410007793
14546,51,3,65.74269079029129,45.58428279052336,6.0,7,9,1972,0.015016892,B,B,17,3079,59,2890.0,0,8,B,260148.49161762223
12353,8,2,47.99857054753706,28.224887490834277,5.0,9,9,1969,0.43788524,B,B,23,5735,3,1084.0,0,5,B,203855.4970836306
6991,58,1,107.36470060481405,32.772431056458856,1.0,2,2,1977,0.43788524,B,B,23,5735,3,1084.0,0,5,B,244655.65737037227
18,15,3,64.2386714673314,39.263152217715714,8.0,12,12,1983,0.158249043,B,B,21,5731,0,900.0,1,0,B,263248.8569005782
459,115,2,49.22590275044492,28.227374643681745,5.0,7,14,1973,1.8e-09,B,B,16,3681,73,1815.0,2,5,B,207048.70849737563
433,25,2,57.72712080605069,35.01463045172999,9.0,8,12,1994,0.069753361,B,B,53,13670,4,900.0,1,11,B,250282.1638375156
12001,2,3,80.85583154900019,50.10515129310386,10.0,4,5,1960,0.130617806,B,B,39,10418,9,900.0,1,9,B,358948.880686911
4428,23,1,44.15105896699918,32.772431056458856,6.233004930000002,14,25,1977,0.075778755,B,B,6,1437,3,900.0,0,2,B,130012.1379601439
2650,3,1,40.56920149635955,23.129704969926426,8.0,4,12,1984,0.050900058,B,B,43,10621,1,30.0,2,3,B,179505.52794943913
5652,23,2,63.98020159074468,32.772431056458856,1.0,2,2,1977,0.005767451,B,B,1,388,0,900.0,0,0,B,175182.8683780251
9455,120,3,93.513052697782,32.772431056458856,1.0,1,1,1977,0.341071945,B,B,27,5664,48,2300.0,3,11,B,357851.80867066
469,85,2,60.610414794448936,38.56357854164639,10.0,16,22,1989,0.037177818,B,B,52,11217,1,2300.0,1,7,B,271255.8507797533
14997,30,2,63.31807494256496,32.772431056458856,1.0,17,17,1977,7.81528e-05,B,B,22,6398,141,1046.0,3,23,B,182322.84723874409
624,27,2,59.94996365942135,32.772431056458856,6.233004930000002,13,13,1977,0.011654127,B,B,4,915,0,900.0,0,0,B,214199.8237186225
798,63,1,48.285948376167056,32.772431056458856,1.0,1,1,2016,0.23861713,B,B,26,3889,6,705.0,3,6,B,153026.25113457188
12317,23,3,74.45333116814619,50.25648518322311,9.0,1,3,2017,0.005767451,B,B,1,388,0,900.0,0,0,B,229249.36465213684
9011,53,1,52.51330992401352,32.772431056458856,1.0,1,1,1977,0.049637257,B,B,34,7759,0,229.0,1,3,B,150553.88365659458
2923,66,3,98.95134588342312,57.34024922752951,13.0,24,27,2012,0.111627393,B,B,50,12238,8,1970.0,2,3,B,358749.18204064807
7130,30,1,46.26311727912618,32.772431056458856,1.0,20,22,2014,7.81528e-05,B,B,22,6398,141,1046.0,3,23,B,170460.38459374194
1616,30,1,42.89863448132304,42.89863448132304,1.0,4,17,1977,7.81528e-05,B,B,22,6398,141,1046.0,3,23,B,135911.98703523833
134,12,2,55.40477695488126,30.48129671169313,8.0,14,14,1991,0.090799103,B,B,74,19083,2,900.0,5,15,B,241030.8802453069
7463,48,2,82.29277266902147,42.383381597768434,10.0,2,22,2013,0.041124634,B,B,46,9515,5,900.0,1,10,B,343394.0060796351
15732,56,2,61.61873822558833,34.4767496026782,10.0,13,17,1986,0.0,B,B,23,5067,4,900.0,2,6,B,259629.47449985493
3275,37,1,61.64644399390726,20.153498685780303,16.0,9,10,2011,0.127811589,B,B,28,7287,5,320.0,1,3,B,206964.00048193216
6621,70,2,46.814579160441134,30.380735232537,5.0,5,9,1977,0.002211665,B,B,39,7614,3,900.0,1,5,A,199065.28359022678
10570,86,2,42.62076509990456,30.571926542978076,5.0,5,5,1962,0.161975568,B,A,31,7010,5,4508.0,3,7,B,191524.64070923458
6105,23,2,64.57525633018204,32.772431056458856,10.0,10,17,2018,0.075778755,B,B,6,1437,3,900.0,0,2,B,198287.6618812069
6858,52,3,85.34616905710234,32.772431056458856,6.233004930000002,12,17,1977,0.371148999,B,B,34,7065,1,750.0,2,5,B,228597.03002900112
1929,62,3,148.78349161593997,32.772431056458856,6.233004930000002,5,5,1977,0.072157581,B,B,2,629,1,900.0,0,0,A,258715.8151586285
14583,6,1,39.81527387331845,21.51900604708097,1.0,14,17,1977,0.243204519,B,B,5,1564,0,540.0,0,0,B,161813.02480360185
354,67,2,48.1427648317307,31.074777652673625,6.0,6,9,1974,0.0077202819999999,B,B,38,4788,2,900.0,0,4,B,207913.5747905274
6378,40,1,34.98324467468941,18.521909849821512,5.0,3,5,1966,0.210473241,B,B,11,2398,2,1994.0,3,0,B,158175.32858353623
13192,23,1,33.40824622414949,29.819814877702537,1.0,8,20,1977,0.034656082,B,B,0,168,0,900.0,0,0,B,124645.16883605486
3602,29,3,92.55162723466968,59.69832501470804,7.0,4,5,1958,0.040242764,B,B,25,3478,11,2729.0,3,1,B,349822.6322192191
9148,19,3,64.62547510336574,47.87141718001333,7.0,10,16,1978,0.309479124,B,B,35,7715,4,990.0,0,6,B,297594.46396432887
5459,57,3,66.06909879254765,49.78674499708658,8.0,5,5,1977,0.133215333,B,B,49,11395,3,1406.0,3,4,A,299061.99745601206
12800,27,2,54.80488330709369,32.30647626697637,9.0,8,17,2003,0.041116354,B,B,53,14892,4,900.0,1,4,B,231571.68500339743
11077,21,3,62.715838043704174,41.52214281955178,5.0,3,5,1967,0.194489265,B,B,47,8004,3,125.0,3,5,B,255811.88768671133
7301,98,3,76.77257602719587,46.18940022690734,8.0,10,22,1991,0.195781053,B,B,23,5212,6,900.0,3,2,B,336339.5883717756
10775,13,3,82.97032049027008,51.67526892798937,8.0,10,14,1990,0.090799103,B,B,74,19083,2,900.0,5,15,B,338076.4508826278
15009,62,1,35.2650435064044,19.993805615751807,7.0,12,12,1974,0.002211665,B,B,39,7614,3,900.0,1,5,A,174492.63664313473
8770,60,2,52.33592488103741,31.799608520806647,6.0,9,14,1978,0.007658515,B,B,35,7077,56,2301.0,3,19,B,212584.94271773778
9996,113,2,76.94903095713292,36.339712068099374,16.0,3,27,2019,0.050755569,B,B,24,5469,1,145.0,0,1,B,305450.26683892414
6810,27,2,59.408283656948825,59.408283656948825,10.0,11,17,2018,0.017647053,B,B,2,469,0,900.0,0,0,B,213816.63904781372
11364,26,3,62.51607675225986,45.63379520135754,5.0,5,5,1965,0.0,B,B,36,6714,2,2672.0,0,2,B,236212.5690663727
7252,27,1,45.88763391189167,18.07249683732121,1.0,3,3,2014,0.07542368,B,B,11,3097,0,900.0,0,0,B,149880.19605217694
5910,96,2,57.56167805688374,35.827256480440056,9.0,5,9,2003,0.041116354,B,B,53,14892,4,900.0,1,4,B,283417.85362888884
13187,30,1,96.14639392203196,81.32980827830714,5.0,12,39,2012,7.81528e-05,B,B,22,6398,141,1046.0,3,23,B,332014.70566262864
14678,61,1,41.10816008984509,23.445581023685644,9.0,6,16,1979,0.300322518,B,B,52,10311,6,900.0,1,9,B,179757.45388470267
426,12,1,42.78396336636784,21.66824614248856,8.0,12,17,1988,0.090799103,B,B,74,19083,2,900.0,5,15,B,177097.0221059603
4099,170,2,43.29862717832911,28.6259013855934,4.0,9,9,1968,0.21843974,B,B,21,4472,6,1450.0,4,7,A,203312.36753747435
13496,30,2,62.188907476397134,35.398249554659884,12.0,4,9,2019,7.81528e-05,B,B,22,6398,141,1046.0,3,23,B,235657.47011524602
8005,8,3,55.184067304702815,40.24913543155645,5.0,3,5,1966,0.43788524,B,B,23,5735,3,1084.0,0,5,B,223671.52800122986
9467,48,3,63.05467411099111,47.257495433598,6.0,12,12,1982,0.041124634,B,B,46,9515,5,900.0,1,10,B,249901.85316217243
6732,6,2,55.99736902967084,32.772431056458856,1.0,14,17,1977,0.243204519,B,B,5,1564,0,540.0,0,0,B,170205.3399618009
11617,21,1,35.608592343405526,17.88220120148721,10.0,5,12,1966,0.034331497,B,B,25,5487,3,900.0,0,4,B,172381.16970010477
5439,48,1,42.4495816064278,21.79743365383394,8.0,7,14,1985,0.041124634,B,B,46,9515,5,900.0,1,10,B,177310.34745257665
14195,27,2,45.59101090353629,31.588933359546694,6.0,2,5,1969,0.07542368,B,B,11,3097,0,900.0,0,0,B,188155.21264529895
10131,141,3,53.36886531810878,28.35633494562121,6.0,11,16,1970,0.0,B,B,23,3684,2,900.0,0,4,B,201325.41372113719
12788,26,1,32.30064182816375,32.17945656294755,5.0,5,5,1962,0.0,B,B,36,6714,2,2672.0,0,2,B,132826.51793536168
13988,45,3,81.13013424258592,79.57760546906576,6.233004930000002,17,17,2015,0.195781053,B,B,23,5212,6,900.0,3,2,B,231181.53270004623
12153,119,2,64.24633266598383,37.70865306519389,8.0,2,9,1962,0.000995363,B,B,42,7651,1,900.0,1,5,B,253575.20631253708
6270,12,2,63.85426025109717,38.91967690165871,10.0,5,14,1999,0.090799103,B,B,74,19083,2,900.0,5,15,B,279989.5872339564
10988,67,1,32.90998121937015,18.307198788505318,7.0,10,12,1978,0.100455735,B,B,43,7227,0,900.0,1,6,A,165552.0079468308
8,8,3,83.93034219763074,50.04931455301463,8.0,4,12,2007,0.092290642,B,B,21,4346,2,165.0,1,2,B,316820.48416492733
146,1,3,87.81332195236082,87.81332195236082,1.0,5,22,1977,0.007122317,B,B,1,264,0,900.0,0,1,B,275857.82220299175
3764,193,4,97.93164197523646,72.38690456571206,8.0,5,5,1957,0.319809354,B,B,25,4756,16,2857.0,5,8,B,430779.26266481617
5118,155,3,73.25979700240131,53.26537045321884,10.0,3,5,1926,0.042307271,B,B,17,2810,9,4849.0,3,6,B,306851.83181390574
11023,138,1,42.88464871409303,19.60640219842965,7.0,17,17,2012,0.0,B,B,36,6714,2,2672.0,0,2,B,167854.9164820094
2951,62,1,38.48070213924726,19.79774794711466,9.0,2,12,1975,0.002211665,B,B,39,7614,3,900.0,1,5,A,173204.96236882065
10101,34,1,31.57856743778345,31.304526283010382,5.0,8,9,2000,0.069753361,B,B,53,13670,4,900.0,1,11,B,114234.67152091341
4729,141,2,43.70337950452935,29.13539352830421,6.0,5,5,1962,0.0,B,B,23,3684,2,900.0,0,4,B,196671.06445862647
8148,53,1,41.26960611294832,22.627979290356464,8.0,11,24,2017,0.049637257,B,B,34,7759,0,229.0,1,3,B,191786.3105248474
15305,151,3,85.97853506847434,56.76216677872492,10.0,5,8,1959,0.236108458,B,B,16,3893,27,900.0,3,10,B,396025.6817006136
8325,18,1,41.174564925181066,21.425854187016668,8.0,10,17,1998,0.0,B,B,30,5562,0,900.0,0,5,A,179452.0694974161
1935,151,3,78.98555734907036,48.46441573740492,10.0,7,17,1992,0.236108458,B,B,16,3893,27,900.0,3,10,B,335563.5256291279
2839,106,1,34.66579307763766,24.67803111569925,5.0,1,5,1966,0.246031548,B,A,22,3151,4,2715.0,3,3,B,147053.98196049486
1845,46,1,33.72159411912663,17.694860976983485,5.0,4,5,1966,0.0,B,B,47,11319,0,1145.0,3,5,B,157155.9906654469
2842,7,2,42.194931273575,22.595178778977854,7.0,11,12,1967,0.130617806,B,B,39,10418,9,900.0,1,9,B,169357.60193672255
14019,27,2,78.71874479987338,32.772431056458856,1.0,1,1,1977,0.072157581,B,B,2,629,1,900.0,0,0,A,233567.37262322917
11188,1,2,85.00056774819689,32.772431056458856,1.0,4,17,1977,0.007122317,B,B,1,264,0,900.0,0,1,B,228226.0098900285
15199,119,1,33.05345305875188,20.1091822914892,5.0,4,5,1962,0.000995363,B,B,42,7651,1,900.0,1,5,B,142066.19813655893
12563,58,2,45.08015861569906,28.419338114624345,7.0,4,9,1967,0.1489038909999999,B,B,9,1952,1,1430.0,3,2,B,177881.06409822847
5231,188,2,57.5941562055831,36.82551633874185,9.0,14,16,1980,0.0,B,B,7,1660,39,1786.0,1,5,B,258313.17983327937
7555,1,2,64.09070772861901,64.09070772861901,12.0,2,9,2018,0.007122317,B,B,1,264,0,900.0,0,1,B,206003.33305927354
10436,80,2,46.92797246772996,27.85895593593848,6.0,3,9,1976,0.0,B,B,39,8647,0,810.0,0,5,B,205000.2756056988
14610,26,2,77.82818763612575,41.30025075658016,14.0,15,17,2015,0.0,B,B,36,6714,2,2672.0,0,2,B,338949.9940839126
5912,1,3,78.19602387957771,32.772431056458856,1.0,12,24,1977,0.007122317,B,B,1,264,0,900.0,0,1,B,286733.45381666906
12443,9,3,71.27490232906904,43.44001082750268,9.0,8,15,2011,0.161531741,B,B,25,5648,1,30.0,2,4,B,306669.1305759655
15918,30,1,32.066234838333685,32.066234838333685,1.0,5,17,2016,7.81528e-05,B,B,22,6398,141,1046.0,3,23,B,87113.42244668066
11051,21,3,84.16554795996831,48.98022269362568,10.0,8,16,1981,0.194489265,B,B,47,8004,3,125.0,3,5,B,340436.8652721377
2714,155,3,58.49212370874321,41.44643278329964,5.0,3,5,1964,0.042307271,B,B,17,2810,9,4849.0,3,6,B,238487.0535808391
10766,67,2,65.38602446089847,47.03850870934475,14.0,11,12,1977,0.0077202819999999,B,B,38,4788,2,900.0,0,4,B,232349.83845493413
15508,138,1,39.98742886668686,23.84088680378872,6.0,11,17,2012,0.0,B,B,36,6714,2,2672.0,0,2,B,181893.2862949905
12118,96,3,74.79712374947283,42.74900000116581,10.0,15,17,1996,0.041116354,B,B,53,14892,4,900.0,1,4,B,351237.5251422857
9160,46,2,42.16997915808528,27.15774743241378,5.0,3,5,1966,0.188783766,B,B,31,6137,4,900.0,0,1,B,162287.57496728358
12019,18,1,39.08465664501272,20.939621691496345,8.0,12,17,1998,0.0,B,B,30,5562,0,900.0,0,5,A,178649.97648929458
12062,63,3,59.4572038709089,39.46591414711535,5.0,5,5,1965,0.23861713,B,B,26,3889,6,705.0,3,6,B,207546.04705750357
9176,96,4,90.9505332873762,64.4558113572266,10.0,3,16,2002,0.041116354,B,B,53,14892,4,900.0,1,4,B,336267.98973050294
6135,146,2,56.46646768299596,32.42309802233248,8.0,15,17,1989,0.236108458,B,B,16,3893,27,900.0,3,10,B,246556.59554428823
6563,99,1,33.77005603577961,19.04419400418856,6.0,9,9,1972,0.012338886,B,B,35,5776,1,2078.0,2,4,B,158724.82880344606
5962,62,2,45.94496610488071,31.70647758127355,5.0,3,5,1965,0.072157581,B,B,2,629,1,900.0,0,0,A,194547.18503511683
5783,12,3,77.8421779301553,48.28262509371958,9.0,22,22,1989,0.090799103,B,B,74,19083,2,900.0,5,15,B,406533.0300257616
2580,22,2,52.61955926718892,32.772431056458856,1.0,4,17,1977,0.118537385,B,B,30,6207,1,1183.0,1,0,B,157906.24933196927
802,1,3,84.35817699433218,32.772431056458856,1.0,17,17,1977,0.007122317,B,B,1,264,0,900.0,0,1,B,231293.54565246095
956,146,2,54.71791927672556,34.4818164997188,9.0,14,37,2010,0.236108458,B,B,16,3893,27,900.0,3,10,B,261712.96715901478
8690,33,1,38.057705767379495,21.864748957103146,9.0,10,14,1974,0.050272014,B,B,21,4231,14,1020.0,0,3,B,175894.7656139427
1228,6,2,70.5774392965824,32.772431056458856,1.0,7,17,1977,0.243204519,B,B,5,1564,0,540.0,0,0,B,217446.30347323284
15046,129,2,58.1988100583595,29.06373897309013,12.0,13,16,1980,0.051942062,B,B,17,4017,7,800.0,2,0,B,243884.99879826128
5603,169,2,55.21415066512044,29.36257853758638,8.0,9,12,1988,0.178916796,B,B,18,3594,4,192.0,1,5,B,223666.9665745513
5199,27,2,59.054989852429294,59.054989852429294,57.0,12,12,2016,0.211401214,B,B,9,1892,0,900.0,0,1,B,196810.14491593177
3842,69,1,36.203173514157136,16.577751564669278,7.0,3,9,1973,0.000991363,B,B,33,6783,3,900.0,1,9,B,166153.2443557358
7671,7,3,78.69352057693797,47.47112491154103,10.0,9,17,2004,0.130617806,B,B,39,10418,9,900.0,1,9,B,336142.4583578043
5214,27,1,37.55519665650439,32.772431056458856,1.0,1,1,1977,0.211401214,B,B,9,1892,0,900.0,0,1,B,119782.54317650554
4381,146,3,102.48155450074675,62.84357933328415,12.0,3,22,2012,0.236108458,B,B,16,3893,27,900.0,3,10,B,431373.25840570405
4620,121,2,44.1058591687604,28.474609055991596,5.0,4,5,1962,0.049863387,B,B,18,3746,9,75.0,3,1,B,188640.5331989984
6289,48,3,64.01177550436539,44.22465244974058,8.0,11,14,1972,0.035145267,B,B,42,9292,3,2620.0,0,3,B,280159.03462988284
2692,57,3,83.23406252303208,52.21669183813178,10.0,10,14,2005,0.133215333,B,B,49,11395,3,1406.0,3,4,A,341845.8937258632
9671,45,2,75.62161610122911,62.88656908678546,1.0,14,14,2015,0.195781053,B,B,23,5212,6,900.0,3,2,B,300007.7393721134
10115,122,1,40.466023109918005,23.045089149852213,8.0,9,10,1997,0.033493708,B,B,66,10573,1,1322.0,3,8,B,173088.52363397487
3164,48,3,61.45009129290267,38.93004492410186,8.0,8,12,1982,0.041124634,B,B,46,9515,5,900.0,1,10,B,281257.70050107874
10277,28,1,36.7167279301558,18.97619572645613,9.0,3,17,2008,0.333891544,B,B,30,6564,1,900.0,0,0,B,162007.8145498218
2836,15,1,41.06520282600413,19.361277252438665,7.0,12,12,2005,0.158249043,B,B,21,5731,0,900.0,1,0,B,176420.86555837392
10486,6,1,42.5163353717777,32.772431056458856,7.0,13,17,1977,0.243204519,B,B,5,1564,0,540.0,0,0,B,133390.54721920547
13313,47,3,74.82877011499964,43.68032501359493,10.0,17,17,2009,0.197367951,B,B,8,2423,1,32.0,0,1,B,308045.89757873496
928,61,2,45.54518102738886,30.041336571121988,6.0,6,9,1977,0.300322518,B,B,52,10311,6,900.0,1,9,B,198728.99265896284
12266,46,2,53.280375221664144,32.98316346851883,12.0,4,16,1991,0.188783766,B,B,31,6137,4,900.0,0,1,B,233249.51786524965
16085,44,1,38.862075559132094,23.45930942486473,6.0,9,9,1981,0.036122292,B,B,24,4378,0,1036.0,1,1,B,171808.43817686674
2260,105,1,37.91085152474015,22.81594345129993,6.0,9,9,1974,0.069660344,B,B,31,6119,4,900.0,1,2,B,173190.8776571713
751,98,4,109.43579548944528,69.20268120843551,11.0,12,24,2000,0.089039719,B,B,33,7976,5,900.0,0,11,B,449121.2484615061
5943,47,3,74.25789367407775,47.78415280777221,10.0,15,16,1976,6.99893e-05,B,B,46,10309,1,240.0,1,16,B,330910.7806638689
10141,1,1,38.143303824357815,32.772431056458856,1.0,3,17,1977,0.007122317,B,B,1,264,0,900.0,0,1,B,124955.27988175357
337,91,2,41.18611513794392,26.56110881663637,7.0,5,9,1967,0.333891544,B,B,30,6564,1,900.0,0,0,B,168947.83311151434
12212,27,2,69.23909060261579,32.772431056458856,10.0,16,16,1977,0.072157581,B,B,2,629,1,900.0,0,0,A,216661.73716780645
1910,41,2,46.607468340513286,28.5903093269278,5.0,6,9,1972,0.036122292,B,B,24,4378,0,1036.0,1,1,B,204871.82855299927
13403,29,3,75.16640100804352,46.15495131259904,9.0,14,14,2000,0.086885265,B,B,10,2277,2,1547.0,0,0,B,334301.95688548416
3061,30,2,66.20329032176707,32.772431056458856,1.0,22,22,1977,7.81528e-05,B,B,22,6398,141,1046.0,3,23,B,203154.36216602716
2733,9,1,46.4853683347085,32.772431056458856,1.0,3,18,1977,0.161531741,B,B,25,5648,1,30.0,2,4,B,144365.661892541
14115,28,2,46.706172915930175,30.99601396174773,5.0,5,5,1960,0.118537385,B,B,30,6207,1,1183.0,1,0,B,189031.3821853684
2446,8,2,57.72252684149739,34.97059696902939,8.0,3,12,1979,0.219006007,B,B,28,6746,3,900.0,1,4,B,242703.89674515053
2183,3,3,64.8988180904975,47.99286241005129,6.0,8,12,1972,0.050900058,B,B,43,10621,1,30.0,2,3,B,252436.40597060233
1926,139,2,51.8557813289129,32.22882768250732,8.0,9,12,1971,0.122090347,B,B,29,6566,7,1894.0,4,0,B,232726.4409895808
6044,88,3,86.65714338850424,32.772431056458856,1.0,17,17,1977,0.127375905,B,B,43,8429,3,900.0,3,9,B,285485.167883327
6783,138,2,44.9293404253124,26.38547127611189,5.0,5,5,1961,0.195781053,B,B,23,5212,6,900.0,3,2,B,184880.1302147437
11437,52,2,38.640295100488615,22.59008949096153,6.0,3,12,1971,0.371148999,B,B,34,7065,1,750.0,2,5,B,180781.3056801657
10625,86,2,69.01813237923352,39.72563173300711,10.0,4,4,1950,0.161975568,B,A,31,7010,5,4508.0,3,7,B,231105.14208870675
11817,1,3,75.76293424985748,32.772431056458856,1.0,17,17,1977,0.007122317,B,B,1,264,0,900.0,0,1,B,250907.35633978897
10545,1,3,82.12912507041436,45.99751348543428,10.0,20,22,2009,0.025609157,B,B,33,5261,0,240.0,3,1,B,387399.21449462906
3133,3,2,44.96503505259403,28.22362060723411,5.0,2,5,1966,0.265088676,B,B,37,5288,0,1937.0,3,2,B,183034.49015258794
2690,9,2,46.9060602839888,32.200356005356504,7.0,5,5,1979,0.161531741,B,B,25,5648,1,30.0,2,4,B,179758.21973453343
12705,7,2,47.67830888001247,29.57709458559742,5.0,5,5,1968,0.130617806,B,B,39,10418,9,900.0,1,9,B,185562.41928467804
4707,27,2,61.8228896557216,36.251709286843656,10.0,5,7,1997,0.017647053,B,B,2,469,0,900.0,0,0,B,300431.77900420094
8509,138,2,79.47574604073868,42.96099293989322,13.0,7,16,2002,0.0,B,B,36,6714,2,2672.0,0,2,B,339448.97762349487
8065,9,1,46.99659303712546,25.320497206595466,8.0,12,12,1978,0.13012277,B,B,8,1986,0,900.0,0,0,B,184824.54757189972
14342,21,2,45.63771691655914,29.594628723108183,5.0,6,12,1968,0.194489265,B,B,47,8004,3,125.0,3,5,B,203977.73867378067
7809,23,2,55.76238299788938,32.772431056458856,1.0,2,3,1977,0.005767451,B,B,1,388,0,900.0,0,0,B,102795.62097057847
9403,78,1,37.47990798928021,22.92666716114237,7.0,3,14,1999,0.092290642,B,B,21,4346,2,165.0,1,2,B,172681.04989873752
1874,48,1,34.32364824495153,22.744367925898253,6.0,4,4,1964,0.035145267,B,B,42,9292,3,2620.0,0,3,B,145514.6514308568
14313,8,1,35.95865414882536,22.73512181831648,7.0,7,9,1977,0.43788524,B,B,23,5735,3,1084.0,0,5,B,165938.8768373643
16466,1,2,56.486065189589006,52.83710922200508,1.0,17,17,2017,0.007122317,B,B,1,264,0,900.0,0,1,B,182826.852486078
10740,41,1,40.41394209370814,22.6348536713666,7.0,4,17,1977,0.175054867,B,B,36,10055,3,900.0,1,0,B,177337.30614669048
336,80,3,60.912545233119495,42.76733585188625,6.0,6,9,1975,0.0077202819999999,B,B,38,4788,2,900.0,0,4,B,239728.67519635006
14024,198,2,47.47728056946219,31.06946596163971,5.0,2,5,1970,0.006076152,B,B,30,5285,0,645.0,6,6,B,192715.40031770748
11170,34,3,73.86507374207464,46.5087820998496,9.0,7,17,1997,0.069753361,B,B,53,13670,4,900.0,1,11,B,304864.4688844124
4606,19,1,46.72675746606642,19.456422834464387,9.0,25,25,2002,0.000991363,B,B,33,6783,3,900.0,1,9,B,176130.50086691958
12470,75,2,54.72555991372335,31.499280217935425,8.0,7,12,1982,0.122090347,B,B,29,6566,7,1894.0,4,0,B,226064.9299524183
11636,6,3,81.84480941170231,50.46024852292936,9.0,9,17,2013,0.243204519,B,B,5,1564,0,540.0,0,0,B,328028.7360281486
11761,6,3,81.70956719688513,32.772431056458856,1.0,9,17,1977,0.243204519,B,B,5,1564,0,540.0,0,0,B,225068.17545735132
4609,55,1,41.67860356433982,21.887756798656483,8.0,7,17,1991,0.041365446,B,B,31,5569,0,900.0,1,4,B,177969.3040926701
2330,74,2,81.5008530277793,32.772431056458856,6.233004930000002,3,13,1977,0.309479124,B,B,35,7715,4,990.0,0,6,B,239788.77302352156
14557,148,2,61.91799412891511,32.772431056458856,10.0,10,17,1977,0.313924552,B,B,22,4625,11,3855.0,2,10,B,206207.15217555425
1409,62,1,38.62292227707783,23.390206158565675,9.0,8,16,1979,0.002211665,B,B,39,7614,3,900.0,1,5,A,182003.5911013326
11189,23,1,45.56747985151123,32.772431056458856,6.233004930000002,22,25,1977,0.075778755,B,B,6,1437,3,900.0,0,2,B,137386.96604543133
9899,62,2,49.0110253989217,31.22859444434388,5.0,5,5,1964,0.072157581,B,B,2,629,1,900.0,0,0,A,189069.7683322858
5032,30,1,50.738045404446055,32.772431056458856,6.233004930000002,5,13,1977,7.81528e-05,B,B,22,6398,141,1046.0,3,23,B,189210.54127840063
13387,39,3,63.34118073071559,44.735961828570176,5.0,9,9,1974,0.428825818,B,B,25,5011,8,730.0,0,2,B,249028.80173183428
7565,74,1,55.80268452937536,32.772431056458856,1.0,1,22,1977,0.075778755,B,B,6,1437,3,900.0,0,2,B,151719.5543459324
3409,1,2,55.50813986682834,32.772431056458856,1.0,12,17,1977,0.007122317,B,B,1,264,0,900.0,0,1,B,162406.8605552406
2898,58,3,66.88933340644138,46.73323803404258,6.0,12,12,1982,0.43788524,B,B,23,5735,3,1084.0,0,5,B,268492.66973474604
6632,24,2,44.3719968133181,35.5152363268637,5.0,4,5,1964,0.111627393,B,B,50,12238,8,1970.0,2,3,B,230573.83152073759
2029,52,1,82.42117503483017,32.772431056458856,6.233004930000002,4,17,1977,0.371148999,B,B,34,7065,1,750.0,2,5,B,223740.9477978405
13254,27,1,36.47376588787663,32.772431056458856,1.0,9,16,2014,0.011654127,B,B,4,915,0,900.0,0,0,B,107664.15898084773
1663,3,2,45.9820510836825,32.67416475468988,6.0,2,5,1963,0.265088676,B,B,37,5288,0,1937.0,3,2,B,182404.4515478801
16706,157,3,75.60085827318093,55.32921297039702,8.0,5,6,1928,0.0,B,B,30,7538,87,4702.0,5,5,B,377157.5378751257
1723,30,2,56.4924554674657,32.772431056458856,1.0,1,4,1977,7.81528e-05,B,B,22,6398,141,1046.0,3,23,B,111206.23498483721
10023,113,2,35.6343219615387,24.58179289277188,6.0,9,9,1967,0.307466659,B,A,30,5048,9,325.0,2,5,B,189625.90166657866
11903,80,1,34.9197230700468,20.70327758695679,6.0,5,9,1976,0.0,B,B,39,8647,0,810.0,0,5,B,167269.57100744874
12450,53,1,39.47560391694656,38.80918097732466,1.0,9,9,2017,0.049637257,B,B,34,7759,0,229.0,1,3,B,153745.81141631992
15580,27,1,38.081584456984906,32.772431056458856,6.233004930000002,13,17,1977,0.011654127,B,B,4,915,0,900.0,0,0,B,122182.41677343924
11011,62,1,53.7700685404666,32.772431056458856,1.0,1,1,1977,0.072157581,B,B,2,629,1,900.0,0,0,A,148707.21231641396
16756,27,1,44.344949122451474,32.772431056458856,1.0,1,1,1977,0.072157581,B,B,2,629,1,900.0,0,0,A,142479.71674821086
13366,109,4,68.60089565856464,48.307688724554126,6.0,6,9,1979,0.1363303,B,B,30,6141,10,262.0,3,6,B,274180.4821629145
10440,62,1,29.10709140728332,16.434995351995738,5.0,7,9,1974,0.002211665,B,B,39,7614,3,900.0,1,5,A,147769.60017453769
13961,6,1,41.2614815992919,37.22608037106515,1.0,7,17,2016,0.243204519,B,B,5,1564,0,540.0,0,0,B,131845.80339453893
3015,5,2,47.89169898624935,33.152094037464664,5.0,5,5,1960,0.150817539,B,B,16,3433,4,2643.0,4,5,B,183585.088247507
5648,61,2,47.563848008878814,34.15159171310503,6.0,8,12,1980,0.300322518,B,B,52,10311,6,900.0,1,9,B,205842.1694205031
11547,5,1,51.32202337464551,32.772431056458856,1.0,20,25,1977,0.150817539,B,B,16,3433,4,2643.0,4,5,B,161280.10708760476
12886,6,1,37.57881096670422,32.772431056458856,6.233004930000002,13,17,1977,0.243204519,B,B,5,1564,0,540.0,0,0,B,124422.66166479788
9198,6,1,38.274862637296295,38.274862637296295,1.0,3,17,2015,0.243204519,B,B,5,1564,0,540.0,0,0,B,149070.8998840601
12434,35,2,62.28974716718402,32.772431056458856,1.0,17,17,2016,0.089039719,B,B,33,7976,5,900.0,0,11,B,186977.27871991298
10605,68,2,51.73471564830852,33.732871867194966,6.0,11,12,1969,0.0,B,B,33,7425,1,900.0,2,5,B,197895.99726680163
11593,6,1,41.4685227245276,39.270827749538,1.0,5,17,2016,0.243204519,B,B,5,1564,0,540.0,0,0,B,132539.95682635542
866,27,1,40.98311358959072,37.88232985846608,7.0,2,12,1977,0.011654127,B,B,4,915,0,900.0,0,0,B,134852.92424938764
14734,27,1,35.77139226246007,32.772431056458856,6.233004930000002,7,13,1977,0.011654127,B,B,4,915,0,900.0,0,0,B,112727.52073040477
5038,58,2,53.19004149713789,10.816032672663471,9.0,14,14,2005,0.050755569,B,B,24,5469,1,145.0,0,1,B,248485.2155805519
5702,138,3,68.28804894092107,45.47876744778205,7.0,9,16,1977,0.0,B,B,36,6714,2,2672.0,0,2,B,324963.2036951779
4937,77,4,82.28700074551902,54.03737422339668,8.0,4,12,1976,6.99893e-05,B,B,46,10309,1,240.0,1,16,B,328788.79007198755
11820,93,2,58.1321180567761,32.579407094224365,11.0,12,16,1984,0.521867054,B,B,25,6149,0,900.0,0,0,B,227236.99284732333
106,56,2,44.40369269298983,27.63035867806814,5.0,5,5,1969,0.035145267,B,B,42,9292,3,2620.0,0,3,B,192394.5035191504
7736,46,2,47.61137877649061,30.673704527953443,6.0,4,12,1981,0.0,B,B,47,11319,0,1145.0,3,5,B,210161.79220642158
591,27,3,49.54382619861568,32.772431056458856,6.233004930000002,20,25,1977,0.072157581,B,B,2,629,1,900.0,0,0,A,161677.85781122567
11462,25,1,31.139960321989133,31.139960321989133,1.0,23,24,1977,0.069753361,B,B,53,13670,4,900.0,1,11,B,130502.70849950846
15858,9,5,97.53781458586472,63.57199680170848,8.0,5,14,1995,0.136244425,B,B,11,2370,0,900.0,0,1,B,407806.0041695782
15205,87,3,76.61200497268392,49.79287545793397,10.0,10,17,1989,0.100455735,B,B,43,7227,0,900.0,1,6,A,334160.55031676317
7607,1,3,78.42852373149417,32.772431056458856,10.0,13,17,2016,0.007122317,B,B,1,264,0,900.0,0,1,B,270255.5898733877
3457,67,1,38.8060165398644,26.259672226430705,7.0,5,5,2012,0.100455735,B,B,43,7227,0,900.0,1,6,A,176364.66090566266
9129,109,1,32.36197651724863,20.59312290583476,5.0,5,5,1962,0.1363303,B,B,30,6141,10,262.0,3,6,B,150331.49019014207
4161,148,1,33.61470547882279,19.08933868366617,5.0,9,9,1965,0.313924552,B,B,22,4625,11,3855.0,2,10,B,159782.45169826926
13565,93,1,36.2036766927091,22.852565503579747,6.0,3,9,1975,0.521867054,B,B,25,6149,0,900.0,0,0,B,164435.56074441998
13575,74,1,35.34450083565937,32.772431056458856,1.0,7,17,1977,0.075778755,B,B,6,1437,3,900.0,0,2,B,103149.45053106845
7522,113,3,73.52515505729261,48.54916868062188,10.0,17,17,1977,0.050755569,B,B,24,5469,1,145.0,0,1,B,312735.57723681454
1419,47,2,57.89975330965655,32.862276684422824,8.0,11,16,1980,0.101872465,B,B,23,4583,3,900.0,3,3,B,244307.44914570663
13109,77,3,67.06293157585868,47.78939393341813,6.0,6,12,1981,0.298204575,B,B,16,4048,3,900.0,1,3,B,285733.4739817991
11539,26,2,49.52896355463472,30.51241100466033,6.0,12,12,1977,0.0,B,B,36,6714,2,2672.0,0,2,B,215930.60015702085
15627,6,1,42.72042222473061,32.772431056458856,1.0,8,17,1977,0.243204519,B,B,5,1564,0,540.0,0,0,B,131756.71363645597
16080,48,2,48.07502713980104,33.95137720284376,6.0,11,12,1980,0.041124634,B,B,46,9515,5,900.0,1,10,B,206905.169735118
8818,119,1,34.56475668536033,22.93553136551791,5.0,6,9,1967,0.000995363,B,B,42,7651,1,900.0,1,5,B,166629.16256682467
15655,211,2,46.501557852828576,32.276986682794714,5.0,5,5,1965,1.8e-09,B,B,16,3681,73,1815.0,2,5,B,186372.31896314622
1649,23,1,29.74437314438764,29.74437314438764,1.0,4,12,1977,0.034656082,B,B,0,168,0,900.0,0,0,B,76913.80421621882
7741,94,1,42.65741952156207,22.5057685643746,10.0,17,22,1995,0.282797669,B,B,33,8667,2,900.0,0,6,B,173990.9040533449
15168,8,2,51.09712842194072,32.637458134522845,8.0,13,17,2004,0.43788524,B,B,23,5735,3,1084.0,0,5,B,247558.35444653663
12810,108,3,69.42369113709172,45.351179200021456,7.0,2,8,1963,0.0,B,B,23,3684,2,900.0,0,4,B,308629.4761531691
16689,101,1,38.69628292673402,21.149374353693304,9.0,12,12,1970,0.038692987,B,B,28,6533,1,1015.0,2,5,B,177059.64626084745
9976,1,2,70.83097247207438,31.13499870969849,19.0,7,16,2009,0.014580716,B,B,3,760,1,900.0,0,0,B,214084.8885863474
907,100,1,30.89982461322368,22.445856001885748,5.0,5,8,1963,0.049863387,B,B,18,3746,9,75.0,3,1,B,175096.89990249914
13986,85,3,77.41707773657888,46.74468278948154,9.0,4,22,1991,0.037177818,B,B,52,11217,1,2300.0,1,7,B,343922.785925163
2710,11,2,81.64508828676794,41.03987869369376,12.0,4,16,2004,0.038692987,B,B,28,6533,1,1015.0,2,5,B,327535.1374118009
12889,119,2,48.76420642868803,29.119185659944787,5.0,5,5,1964,0.000995363,B,B,42,7651,1,900.0,1,5,B,183640.97331692756
3214,1,1,42.00672251324847,41.11711742689751,10.0,3,9,2017,0.007122317,B,B,1,264,0,900.0,0,1,B,113003.77042940639
10022,146,3,77.17718850384773,47.38859856304919,10.0,16,16,1982,0.236108458,B,B,16,3893,27,900.0,3,10,B,339114.17266404524
15217,1,2,53.98617671573603,32.772431056458856,1.0,3,17,1977,0.007122317,B,B,1,264,0,900.0,0,1,B,137959.94927729905
15719,22,1,49.9851066115202,32.772431056458856,1.0,14,25,1977,0.118537385,B,B,30,6207,1,1183.0,1,0,B,152262.5779849869
4515,93,1,38.23602809345085,23.410468097576388,8.0,4,12,1985,0.050900058,B,B,43,10621,1,30.0,2,3,B,178966.6259369205
16716,6,1,38.51580428140892,37.22548122463133,7.0,2,17,2018,0.243204519,B,B,5,1564,0,540.0,0,0,B,135410.12316215673
14523,1,2,65.4833576768554,32.772431056458856,1.0,17,20,1977,0.007122317,B,B,1,264,0,900.0,0,1,B,197421.57899854728
9989,2,3,78.58267256552348,48.0793751658759,10.0,10,12,2007,0.035145267,B,B,42,9292,3,2620.0,0,3,B,327846.66925186594
13618,23,2,53.1267397766088,32.772431056458856,1.0,3,3,1977,0.005767451,B,B,1,388,0,900.0,0,0,B,92560.24738474068
1158,1,2,61.9684869983514,32.772431056458856,1.0,11,24,1977,0.007122317,B,B,1,264,0,900.0,0,1,B,198532.44830960085
15397,7,4,90.87987851545547,56.65565568725043,11.0,4,14,1999,0.035145267,B,B,42,9292,3,2620.0,0,3,B,333736.84721247473
11680,129,1,35.24725088055907,18.87553262085369,6.0,3,9,1971,0.020741326,B,B,24,5613,5,1340.0,2,5,B,158892.8201957354
11329,1,3,80.06660005122991,32.772431056458856,1.0,17,17,1977,0.007122317,B,B,1,264,0,900.0,0,1,B,231125.3547739711
7431,1,3,85.62825766524797,85.62825766524797,1.0,13,20,1977,0.007122317,B,B,1,264,0,900.0,0,1,B,270686.7191621031
4539,145,1,38.00717563385674,20.636444224450376,8.0,15,17,1977,0.0,B,B,30,5562,0,900.0,0,5,A,177500.33254792172
8543,77,1,33.72845668772694,22.33333505109046,6.0,7,9,1974,6.99893e-05,B,B,46,10309,1,240.0,1,16,B,161116.58575819037
13784,3,2,65.49135985518095,33.939059048168346,11.0,15,16,2005,0.050900058,B,B,43,10621,1,30.0,2,3,B,229085.46375094724
1073,111,2,58.341808696565096,35.301332599403246,10.0,10,22,2006,0.093442564,B,B,23,4635,5,3300.0,2,4,B,271946.23696988204
5334,27,3,84.34925715406627,82.01253351851524,10.0,12,13,2019,0.211401214,B,B,9,1892,0,900.0,0,1,B,273127.701321382
14316,0,1,63.1956371657265,23.246574567320657,12.0,18,19,2012,0.006076152,B,B,30,5285,0,645.0,6,6,B,316145.49761717033
8350,93,2,49.43858303593925,33.12365430845393,9.0,5,12,1977,0.050900058,B,B,43,10621,1,30.0,2,3,B,243386.2479857784
2838,7,1,21.588919172842587,14.604818404375203,3.0,9,9,1975,0.130617806,B,B,39,10418,9,900.0,1,9,B,126967.38605768251
15543,3,1,33.0855116137428,22.161536466656138,6.0,4,9,1976,0.265088676,B,B,37,5288,0,1937.0,3,2,B,158234.10245359916
11933,14,3,58.82557207619247,42.16185198595446,5.0,8,9,1975,0.042031587,B,B,37,6856,84,1940.0,2,5,B,234738.8978866862
2932,8,3,77.28883816109399,46.86865030792946,10.0,13,16,1984,0.458174486,B,A,26,4439,1,1130.0,1,5,B,345648.5347869662
5859,46,1,33.00404344745182,19.34169240685324,6.0,8,12,1972,0.0,B,B,47,11319,0,1145.0,3,5,B,159109.00617312276
8102,3,1,40.0257239874583,19.90966675650783,7.0,10,17,2004,0.050900058,B,B,43,10621,1,30.0,2,3,B,180648.21845212727
14265,29,1,33.7344385379959,17.472584575794908,5.0,3,5,1968,0.069660344,B,B,31,6119,4,900.0,1,2,B,160905.86953819517
11906,196,2,66.28446815336552,32.772431056458856,1.0,22,24,1977,0.0,B,B,30,7538,87,4702.0,5,5,B,204836.00466007867
11418,1,2,65.33681067382979,65.33681067382979,1.0,6,17,1977,0.007122317,B,B,1,264,0,900.0,0,1,B,186472.76101861932
15990,69,2,49.677334354453535,31.52547580016906,6.0,4,9,1973,0.000991363,B,B,33,6783,3,900.0,1,9,B,190700.94082166118
14498,23,1,163.32590099988374,32.772431056458856,1.0,1,1,1977,0.014072961,B,B,2,475,0,900.0,0,0,B,328508.8131475358
2076,23,1,37.8313719656202,32.772431056458856,1.0,3,3,1977,0.005767451,B,B,1,388,0,900.0,0,0,B,110026.87294781831
14742,29,2,40.40697003850069,26.62291587216397,5.0,1,5,1963,0.069660344,B,B,31,6119,4,900.0,1,2,B,170833.98588920318
14578,9,1,39.566938901267726,39.566938901267726,8.0,6,15,2009,0.161531741,B,B,25,5648,1,30.0,2,4,B,151561.1013144478
16733,27,1,47.47240231079502,45.95456746352922,10.0,11,15,2013,0.017647053,B,B,2,469,0,900.0,0,0,B,185998.85881125898
10126,189,1,39.28401287419808,23.292089381594803,8.0,15,16,1980,0.212515361,B,B,19,3293,16,628.0,3,7,B,183411.25403757315
8331,104,3,79.04609735976344,53.14398957456271,9.0,2,8,1962,0.327018035,B,B,12,2270,23,2500.0,1,0,B,430127.9587191439
12233,27,2,62.71430665431565,32.772431056458856,12.0,8,17,1977,0.017647053,B,B,2,469,0,900.0,0,0,B,200959.46612960304
2695,67,2,64.8412506844797,32.772431056458856,10.0,10,17,1977,0.0077202819999999,B,B,38,4788,2,900.0,0,4,B,196086.5563301254
11610,34,2,60.94282511137352,32.772431056458856,1.0,1,1,1977,0.069753361,B,B,53,13670,4,900.0,1,11,B,207381.65177347203
6902,1,2,42.36147936796998,24.63877281228925,6.0,9,12,1974,0.036270089,B,B,6,1318,1,200.0,1,1,B,196910.6695512147
4109,52,2,66.86134297046617,65.8346422822604,6.233004930000002,4,17,1977,0.371148999,B,B,34,7065,1,750.0,2,5,B,188261.23816751648
13330,132,1,38.73943612000643,23.09263468645771,9.0,6,16,1981,0.306977489,B,B,27,5148,14,1575.0,5,7,B,179633.99860925996
3320,170,1,33.69316965721442,18.859937814842027,5.0,1,8,1962,0.21843974,B,B,21,4472,6,1450.0,4,7,A,180242.8366941897
9,6,1,38.800420103089024,38.800420103089024,1.0,3,17,2017,0.243204519,B,B,5,1564,0,540.0,0,0,B,138716.94842362197
16231,6,1,48.659432278157865,32.772431056458856,1.0,14,25,1977,0.243204519,B,B,5,1564,0,540.0,0,0,B,151265.99778319543
13771,27,2,57.79582814583778,32.772431056458856,1.0,9,15,2015,0.011654127,B,B,4,915,0,900.0,0,0,B,172134.1497879127
1778,105,2,38.87296589265351,25.509412247393627,5.0,9,9,1968,0.069660344,B,B,31,6119,4,900.0,1,2,B,189567.11940887765
11730,94,2,44.19135812711829,28.031865875778585,6.0,5,9,1972,0.282797669,B,B,33,8667,2,900.0,0,6,B,201905.92499206204
3543,120,1,42.54209203640937,20.162828488856547,8.0,17,17,1997,0.0006991189999999,B,B,14,3369,24,4129.0,0,3,B,170109.73961583083
423,41,3,66.30862704655637,42.05069835873637,7.0,12,12,1985,6.99893e-05,B,B,46,10309,1,240.0,1,16,B,259103.9608061771
6957,27,2,69.26110488097932,32.772431056458856,1.0,10,16,2016,0.211401214,B,B,9,1892,0,900.0,0,1,B,221706.1000054691
12076,44,3,61.01635522243024,43.52417808487825,6.0,4,9,1972,0.036122292,B,B,24,4378,0,1036.0,1,1,B,240659.70681149155
4974,35,1,44.48147638192804,35.85557669810768,10.0,6,17,2015,0.089039719,B,B,33,7976,5,900.0,0,11,B,118204.03351769422
5546,59,1,45.86530616747593,32.772431056458856,1.0,1,1,1977,0.019508796,B,B,37,7687,11,176.0,5,5,B,167784.85817773067
4064,52,2,65.98011266483246,65.98011266483246,10.0,9,17,2017,0.371148999,B,B,34,7065,1,750.0,2,5,B,204500.93270016526
7924,79,2,59.10899824460973,31.05475299284512,13.0,2,25,2014,0.307466659,B,A,30,5048,9,325.0,2,5,B,234284.21907846705
6776,94,2,48.149016963105545,34.54394589805004,6.0,9,12,1972,0.521867054,B,B,25,6149,0,900.0,0,0,B,208512.04908779392
7410,91,1,37.57626664416647,22.281774016029036,5.0,9,9,1968,0.000995363,B,B,42,7651,1,900.0,1,5,B,177069.88603185667
8956,28,2,41.52703436743553,27.006878919666296,5.0,3,12,1976,0.118537385,B,B,30,6207,1,1183.0,1,0,B,180750.77867744796
4709,52,2,51.57555517622665,32.772431056458856,1.0,10,17,1977,0.371148999,B,B,34,7065,1,750.0,2,5,B,152573.63984354126
11148,52,1,38.55695812287279,32.772431056458856,1.0,4,17,1977,0.371148999,B,B,34,7065,1,750.0,2,5,B,133346.75277895006
14788,6,1,38.26917330379148,32.772431056458856,1.0,6,17,2017,0.243204519,B,B,5,1564,0,540.0,0,0,B,130281.73942046905
12876,27,2,54.49107181674717,33.587619525656585,9.0,5,17,2012,0.011654127,B,B,4,915,0,900.0,0,0,B,238579.73719205067
1596,96,2,59.715350536352815,36.33636386560799,8.0,7,14,2008,0.041116354,B,B,53,14892,4,900.0,1,4,B,273657.34192828415
16214,73,3,72.59403827893635,50.02883402498647,7.0,5,5,1931,0.042031587,B,B,37,6856,84,1940.0,2,5,B,341820.33509559336
8752,1,1,43.04298928215899,32.772431056458856,1.0,15,22,1977,0.007122317,B,B,1,264,0,900.0,0,1,B,146322.52049809173
12644,1,2,62.13862235787858,51.31374571980454,10.0,17,17,2018,0.007122317,B,B,1,264,0,900.0,0,1,B,240930.30622013996
4198,23,2,53.09235955387693,32.772431056458856,10.0,3,3,2016,0.005767451,B,B,1,388,0,900.0,0,0,B,135860.6552619536
15592,72,1,35.761861206804646,21.36600511042856,7.0,7,9,1978,0.210473241,B,B,11,2398,2,1994.0,3,0,B,166530.21645768374
10685,1,2,54.51040907368143,32.772431056458856,1.0,4,17,1977,0.007122317,B,B,1,264,0,900.0,0,1,B,158626.2047673373
14466,84,3,78.53758483988389,50.51252981264494,7.0,2,5,1956,0.006076152,B,B,30,5285,0,645.0,6,6,B,319578.4905677864
16434,96,2,55.851580982106114,33.61002871054829,9.0,11,14,2005,0.041116354,B,B,53,14892,4,900.0,1,4,B,252007.18245526834
14341,27,2,115.5531294404458,115.5531294404458,12.0,5,6,1977,0.07542368,B,B,11,3097,0,900.0,0,0,B,281933.8306135066
12708,3,1,36.027518157274315,22.967618225187287,7.0,11,12,1975,0.050900058,B,B,43,10621,1,30.0,2,3,B,171603.94959057006
13262,106,3,91.1818752729304,60.176106731140365,9.0,7,9,1954,0.313924552,B,B,22,4625,11,3855.0,2,10,B,436449.98073083756
11318,6,3,77.24815476069054,32.772431056458856,1.0,6,17,1977,0.243204519,B,B,5,1564,0,540.0,0,0,B,211071.93107013294
2033,129,2,42.184795138009655,24.82081322609951,7.0,3,12,1967,0.460556389,B,B,20,4386,14,900.0,1,5,B,158655.56656560194
15857,1,3,85.30647924931667,32.772431056458856,6.233004930000002,13,13,1977,0.007122317,B,B,1,264,0,900.0,0,1,B,273953.41622779367
16554,53,3,67.22446970389089,39.74117244010528,8.0,9,9,1972,0.313924552,B,B,22,4625,11,3855.0,2,10,B,322574.33564366767
10771,48,2,52.38889980641444,32.24716227707531,8.0,6,12,1981,0.041124634,B,B,46,9515,5,900.0,1,10,B,233671.97721474682
15708,47,1,39.47856243090988,24.46123324638335,6.0,4,9,1979,0.101872465,B,B,23,4583,3,900.0,3,3,B,167942.78903666695
11637,1,1,40.37823445194755,32.772431056458856,1.0,4,17,1977,0.007122317,B,B,1,264,0,900.0,0,1,B,129272.19133692568
2870,48,1,37.404287442720616,32.772431056458856,1.0,1,1,2014,0.041124634,B,B,46,9515,5,900.0,1,10,B,119063.34116096172
7582,1,2,65.22488168425522,32.772431056458856,1.0,9,24,1977,0.007122317,B,B,1,264,0,900.0,0,1,B,201265.12240353823
9739,30,3,70.91812529248524,40.06286202791193,7.0,8,8,1920,7.81528e-05,B,B,22,6398,141,1046.0,3,23,B,366779.1560505184
9342,98,2,55.77208345602239,31.76740865778942,9.0,11,17,2005,0.195781053,B,B,23,5212,6,900.0,3,2,B,238608.68550193176
6338,105,3,59.80181775808106,44.102802924751714,5.0,4,5,1971,0.069660344,B,B,31,6119,4,900.0,1,2,B,220364.25104322608
13046,44,1,35.478539364200266,19.57865334063222,7.0,14,14,1971,0.232205084,B,B,24,4860,1,80.0,0,3,B,176049.62432525997
12579,6,1,41.404389537060936,32.772431056458856,6.233004930000002,13,13,1977,0.243204519,B,B,5,1564,0,540.0,0,0,B,141561.96163285375
6342,38,3,104.46398314956708,52.55810562257431,10.0,11,17,2016,0.060753049,B,B,15,2787,2,520.0,0,7,B,386841.8259830328
7160,67,1,42.74786783686952,32.772431056458856,1.0,22,22,1977,0.0077202819999999,B,B,38,4788,2,900.0,0,4,B,162934.45600619976
1324,27,3,79.74509231883306,32.772431056458856,1.0,4,17,1977,0.011654127,B,B,4,915,0,900.0,0,0,B,220324.58009091794
12991,66,1,37.95145107382545,21.826794975998144,9.0,2,14,1973,0.111627393,B,B,50,12238,8,1970.0,2,3,B,169178.83537093565
13756,27,1,47.63100013193549,32.772431056458856,1.0,16,16,2014,0.072157581,B,B,2,629,1,900.0,0,0,A,157740.23126571375
6019,52,2,62.1067241272611,32.772431056458856,1.0,9,17,1977,0.371148999,B,B,34,7065,1,750.0,2,5,B,181892.14089708004
10078,11,2,59.71256890196066,34.3358959038748,9.0,16,16,1982,0.0001696759999999,B,B,36,5992,0,900.0,1,1,B,256373.78415183537
2343,119,1,35.64458288090695,22.99131673208244,5.0,7,9,1964,0.000995363,B,B,42,7651,1,900.0,1,5,B,166008.22892846118
16275,8,1,59.099839556412896,27.7416122552308,16.0,7,17,2007,0.092290642,B,B,21,4346,2,165.0,1,2,B,248926.63595798647
5696,69,3,79.080201425295,47.3213028586996,8.0,14,14,2002,0.093442564,B,B,23,4635,5,3300.0,2,4,B,335886.2970187349
1,1,2,83.06109776635755,83.06109776635755,6.233004930000002,10,22,1977,0.007122317,B,B,1,264,0,900.0,0,1,B,300116.57580400625
2248,176,2,55.43949158213666,33.913863104540404,8.0,5,16,1986,0.08761909,B,B,8,1497,5,900.0,1,0,B,235515.21436744905
15628,3,1,36.91072424867664,19.40559485377884,7.0,3,12,1976,0.050900058,B,B,43,10621,1,30.0,2,3,B,176236.55499125915
682,77,1,38.04802776087352,20.22639295445145,8.0,10,16,1980,6.99893e-05,B,B,46,10309,1,240.0,1,16,B,179831.31430794063
14884,105,2,39.32173694575816,23.74546415005744,6.0,5,12,1971,0.040242764,B,B,25,3478,11,2729.0,3,1,B,196546.04721105882
11031,122,3,72.40171822425404,46.63353213706645,10.0,5,14,1995,0.033493708,B,B,66,10573,1,1322.0,3,8,B,306665.03546841105
4001,62,2,64.03077365016406,32.772431056458856,1.0,1,1,1977,0.072157581,B,B,2,629,1,900.0,0,0,A,185874.13575158734
8533,27,1,42.76952139483762,42.72103866514149,10.0,8,20,2017,0.011654127,B,B,4,915,0,900.0,0,0,B,167005.8322943615
15147,6,2,63.367317200458295,40.99588011533297,10.0,4,17,2018,0.243204519,B,B,5,1564,0,540.0,0,0,B,257283.18593547944
12747,1,1,39.413779667972,32.772431056458856,1.0,15,17,1977,0.007122317,B,B,1,264,0,900.0,0,1,B,130293.8732906342
13168,52,3,79.73484179091106,79.73484179091106,1.0,2,17,1977,0.371148999,B,B,34,7065,1,750.0,2,5,B,234324.45734054304
12829,6,3,79.92780634059116,79.92780634059116,1.0,4,17,2015,0.243204519,B,B,5,1564,0,540.0,0,0,B,230610.768559965
2675,126,2,65.27590375613042,35.75661551651639,12.0,17,17,2004,0.486245621,B,B,13,2514,19,900.0,0,6,B,231532.93748180286
882,27,1,51.21545715258194,32.772431056458856,1.0,1,1,1977,0.072157581,B,B,2,629,1,900.0,0,0,A,144569.833605339
14577,45,2,36.667516601780335,23.52717864248795,6.0,4,9,1971,0.195781053,B,B,23,5212,6,900.0,3,2,B,171991.13593140387
7264,27,3,47.6455506446457,32.772431056458856,6.233004930000002,25,25,1977,0.072157581,B,B,2,629,1,900.0,0,0,A,156976.95198367865
13799,27,3,81.5221905305015,41.77589818802783,1.0,1,1,2016,0.017647053,B,B,2,469,0,900.0,0,0,B,251018.92120863203
2219,34,3,77.09723449664506,46.64015035488195,10.0,8,14,1994,0.069753361,B,B,53,13670,4,900.0,1,11,B,349550.7863529957
15208,184,3,125.53817797753705,125.53817797753705,1.0,6,6,2014,0.246623602,B,B,14,2940,45,900.0,3,6,B,292847.2382896864
9178,8,1,43.83424787328347,20.470115793808343,8.0,8,12,1981,0.219006007,B,B,28,6746,3,900.0,1,4,B,180717.81987461142
9876,86,2,54.89562568989743,36.118266547908384,7.0,3,5,1959,0.161975568,B,A,31,7010,5,4508.0,3,7,B,267521.7808433669
14506,58,2,65.66502548393277,64.30984311018354,1.0,3,3,1977,0.43788524,B,B,23,5735,3,1084.0,0,5,B,177289.03833978612
1695,7,1,31.560171797247285,31.560171797247285,7.0,2,12,1975,0.130617806,B,B,39,10418,9,900.0,1,9,B,93226.32215439716
6661,0,1,42.70413139035436,21.69422130792266,9.0,17,17,2014,0.006076152,B,B,30,5285,0,645.0,6,6,B,168610.85035160335
12200,53,2,39.97447788268036,24.628913133608823,6.0,5,12,1973,0.049637257,B,B,34,7759,0,229.0,1,3,B,201467.89571000703
7963,92,2,43.92684380099568,22.93781345635486,7.0,6,12,1967,0.460556389,B,B,20,4386,14,900.0,1,5,B,202518.34554526792
3209,79,2,37.86094701396132,27.495101166054425,6.0,3,12,1970,0.307466659,B,A,30,5048,9,325.0,2,5,B,179934.50724974985
8164,53,2,64.94662099874508,44.86540278945657,10.0,15,24,2018,0.049637257,B,B,34,7759,0,229.0,1,3,B,260319.17120271135
7584,61,3,67.18873608686631,39.40470599788247,8.0,4,9,1982,0.300322518,B,B,52,10311,6,900.0,1,9,B,295598.96768566023
7873,17,3,58.059879496226,38.13618840489788,5.0,2,5,1961,0.0,B,B,18,3374,5,620.0,1,2,B,224078.1711359116
11212,98,2,61.46688444084874,30.58954107366669,8.0,9,17,1988,0.089039719,B,B,33,7976,5,900.0,0,11,B,223940.21881016888
13736,27,1,141.5402154863168,91.70480619941944,42.0,3,3,2013,0.014072961,B,B,2,475,0,900.0,0,0,B,242903.72654981277
626,11,2,53.72282669118084,35.66254221087418,6.0,3,9,1973,0.0001696759999999,B,B,36,5992,0,900.0,1,1,B,213958.0885419309
6284,37,2,52.20821244052614,34.33935596488866,8.0,17,17,1998,0.178916796,B,B,18,3594,4,192.0,1,5,B,219069.02061926897
13728,53,1,33.395065983568514,20.304712187662137,7.0,6,9,1971,0.049637257,B,B,34,7759,0,229.0,1,3,B,167368.62176402204
7099,169,2,58.92992089047305,55.040334406173656,10.0,16,17,2018,0.178916796,B,B,18,3594,4,192.0,1,5,B,204072.66359379265
1618,17,2,55.06549839260015,32.13048248328167,8.0,16,16,1977,0.0,B,B,18,3374,5,620.0,1,2,B,256414.69892187856
7201,75,1,38.23667716648407,23.37185404177729,9.0,15,16,1978,0.307466659,B,A,30,5048,9,325.0,2,5,B,183323.2504061595
5902,55,1,39.662177596058,14.512235501052508,10.0,11,12,1996,0.041365446,B,B,31,5569,0,900.0,1,4,B,166438.98246322546
15739,52,2,82.39286268616324,42.16329910771633,15.0,14,25,2012,0.371148999,B,B,34,7065,1,750.0,2,5,B,325236.2749843076
9546,23,2,55.74682233751493,32.772431056458856,1.0,1,1,1977,0.034656082,B,B,0,168,0,900.0,0,0,B,148821.50977678547
9505,113,1,41.34227110414053,17.039971943099214,8.0,10,18,1974,0.050755569,B,B,24,5469,1,145.0,0,1,B,166084.84739554577
7818,64,2,62.35435304869736,34.27655543777236,10.0,22,22,1990,0.135649789,B,B,46,7960,6,350.0,3,11,B,283443.72573454195
15324,79,2,59.26812335257112,36.73806642438844,10.0,10,22,2002,0.050755569,B,B,24,5469,1,145.0,0,1,B,278460.04704872327
7289,23,2,57.14586526010635,32.772431056458856,1.0,10,17,1977,0.075778755,B,B,6,1437,3,900.0,0,2,B,192237.22684004714
4548,26,1,45.121576162958114,20.576724710244697,10.0,21,22,2012,0.1363303,B,B,30,6141,10,262.0,3,6,B,206113.6047773691
13058,6,2,52.52369529627976,34.675748344973755,9.0,6,17,2016,0.243204519,B,B,5,1564,0,540.0,0,0,B,166910.15928338587
13623,144,1,37.03361252815829,21.122723987607728,5.0,3,5,1959,0.306977489,B,B,27,5148,14,1575.0,5,7,B,151557.38699092757
2668,57,2,47.56963346531043,33.73629356102349,5.0,5,5,1964,0.133215333,B,B,49,11395,3,1406.0,3,4,A,188150.9283944013
2799,62,2,73.64945413467937,32.772431056458856,1.0,3,9,2013,0.072157581,B,B,2,629,1,900.0,0,0,A,185068.7509358415
3867,85,3,77.10883836636452,50.44428316562747,10.0,3,16,1980,0.037177818,B,B,52,11217,1,2300.0,1,7,B,334570.35741417075
8658,62,2,44.46095339377197,30.5542739945902,5.0,4,5,1974,0.072157581,B,B,2,629,1,900.0,0,0,A,200010.33158483214
9543,75,1,40.26886515229069,23.63611553531461,8.0,10,15,1999,0.122090347,B,B,29,6566,7,1894.0,4,0,B,180772.16998918366
987,45,3,82.06737828974852,32.772431056458856,1.0,8,17,2015,0.195781053,B,B,23,5212,6,900.0,3,2,B,225999.18864643676
6209,9,2,43.86079994680626,29.22862523799203,5.0,3,5,1971,0.161531741,B,B,25,5648,1,30.0,2,4,B,173718.30091205603
7939,30,1,47.54280638871768,32.772431056458856,1.0,9,20,2015,7.81528e-05,B,B,22,6398,141,1046.0,3,23,B,165104.7342966512
16478,25,3,82.94840128649076,32.772431056458856,1.0,1,1,1977,0.069753361,B,B,53,13670,4,900.0,1,11,B,275257.9214812527
4258,27,2,68.32156346070416,32.772431056458856,10.0,1,1,1977,0.211401214,B,B,9,1892,0,900.0,0,1,B,167829.4209983152
12738,188,2,59.416987283868586,35.579565584365895,8.0,25,25,1994,0.0,B,B,7,1660,39,1786.0,1,5,B,279683.9039655664
11027,30,1,41.69286233253686,32.772431056458856,1.0,1,1,1977,7.81528e-05,B,B,22,6398,141,1046.0,3,23,B,112225.98068094
1741,27,1,38.56053711490645,18.79017342154096,9.0,3,12,2006,0.041116354,B,B,53,14892,4,900.0,1,4,B,168153.6783370483
16198,41,2,45.618615869648856,33.12720980052853,8.0,10,12,1968,0.175054867,B,B,36,10055,3,900.0,1,0,B,179313.6448534131
15975,61,3,64.54365752157776,42.65154108152244,7.0,9,9,1981,0.300322518,B,B,52,10311,6,900.0,1,9,B,283700.60779032303
9224,27,2,54.23672994035762,32.772431056458856,1.0,13,17,1977,0.011654127,B,B,4,915,0,900.0,0,0,B,165856.02033083717
16792,26,1,36.80277883742891,22.48188452545498,5.0,4,9,1966,0.0,B,B,36,6714,2,2672.0,0,2,B,157044.173222768
11729,93,2,55.010822330875904,33.6735732923985,8.0,7,16,1985,0.050900058,B,B,43,10621,1,30.0,2,3,B,246277.95251245316
13121,1,3,62.92999435890491,38.909846333966186,8.0,4,14,1993,0.025609157,B,B,33,5261,0,240.0,3,1,B,269889.5637524525
16528,62,1,37.69452460380709,21.387218622239228,8.0,7,9,1976,0.002211665,B,B,39,7614,3,900.0,1,5,A,165385.02727855704
15677,92,3,69.69843358695215,46.42812022386171,8.0,9,14,1983,0.460556389,B,B,20,4386,14,900.0,1,5,B,326645.77019528305
15433,35,3,64.73138750189658,47.40167894258556,6.0,5,12,1972,0.089039719,B,B,33,7976,5,900.0,0,11,B,250053.22952252033
4,4,1,37.29466861528707,17.165597339001152,8.0,9,9,1970,0.327018035,B,B,12,2270,23,2500.0,1,0,B,178274.54671966023
12408,30,2,72.27005721455815,32.772431056458856,1.0,1,1,1977,7.81528e-05,B,B,22,6398,141,1046.0,3,23,B,211907.48288203444
8441,90,2,49.23517791064016,32.86714121134105,5.0,5,5,1966,0.265088676,B,B,37,5288,0,1937.0,3,2,B,190523.9151924934
1624,48,1,40.56213506677054,39.91187466398589,1.0,1,1,2016,0.041124634,B,B,46,9515,5,900.0,1,10,B,183456.73069784197
16449,94,1,41.44729547397949,23.919446956212237,8.0,14,14,1993,0.521867054,B,B,25,6149,0,900.0,0,0,B,176659.32181802264
6872,2,3,61.54427721804095,42.10887981755992,6.0,8,9,1970,0.309479124,B,B,35,7715,4,990.0,0,6,B,246764.34927602377
12271,6,2,62.06888463798274,32.772431056458856,1.0,6,17,1977,0.243204519,B,B,5,1564,0,540.0,0,0,B,179280.45021403796
13396,21,2,46.379524275002616,27.487954517603917,6.0,7,9,1974,0.194489265,B,B,47,8004,3,125.0,3,5,B,203564.02717532226
15833,4,3,71.60730439307244,52.38414906994439,7.0,5,6,1918,0.327018035,B,B,12,2270,23,2500.0,1,0,B,339419.3582448049
1105,9,3,105.35105075828406,32.772431056458856,1.0,1,1,1977,0.161531741,B,B,25,5648,1,30.0,2,4,B,423631.9615354307
4106,57,1,31.782864972996755,20.357876844305864,5.0,5,5,1961,0.133215333,B,B,49,11395,3,1406.0,3,4,A,152710.51593457433
3031,48,3,84.79070574020889,82.87359689521945,1.0,1,1,2013,0.041124634,B,B,46,9515,5,900.0,1,10,B,281202.7620216474
4546,27,1,45.97526244943844,17.926904473905758,10.0,9,13,2002,0.041116354,B,B,53,14892,4,900.0,1,4,B,171683.58225515715
8258,23,1,30.97890459393039,30.97890459393039,1.0,7,12,1977,0.034656082,B,B,0,168,0,900.0,0,0,B,70362.19944051119
9946,85,2,56.38532396302772,35.52689645077102,9.0,3,16,1979,0.037177818,B,B,52,11217,1,2300.0,1,7,B,244553.55072060955
8027,161,2,48.93798691188408,33.08257725916332,5.0,9,9,1965,0.014423114,B,B,19,3806,4,900.0,0,3,B,204716.92284596415
6337,29,1,36.15324126614645,18.79143820437505,5.0,5,5,1964,0.086885265,B,B,10,2277,2,1547.0,0,0,B,153025.18621599342
10342,21,2,48.08121418918256,30.70346445153124,5.0,9,12,1971,0.194489265,B,B,47,8004,3,125.0,3,5,B,207940.67513091912
1885,111,2,45.731584705228826,32.03710980434508,6.0,9,9,1970,0.135649789,B,B,46,7960,6,350.0,3,11,B,209833.81858531822
619,129,4,101.1336285782482,76.98039690309638,8.0,4,5,1960,0.051942062,B,B,17,4017,7,800.0,2,0,B,412504.9744717098
3531,3,1,38.052598703234246,22.84464460709457,9.0,5,14,1975,0.050900058,B,B,43,10621,1,30.0,2,3,B,173076.93690368437
11357,9,2,62.45652078824277,32.772431056458856,1.0,10,10,2017,0.161531741,B,B,25,5648,1,30.0,2,4,B,233886.0048791692
1380,53,1,38.00762421672708,19.42118259536973,9.0,10,12,1971,0.049637257,B,B,34,7759,0,229.0,1,3,B,193782.66948317585
5691,28,2,45.5023293731774,30.8852471682987,5.0,5,5,1968,0.118537385,B,B,30,6207,1,1183.0,1,0,B,193824.6629335017
14780,144,2,68.07955919996544,35.14832232351565,11.0,4,17,2004,0.306977489,B,B,27,5148,14,1575.0,5,7,B,251400.71142514623
3930,121,2,56.47652340828937,34.04155195419153,8.0,6,12,1984,0.212515361,B,B,19,3293,16,628.0,3,7,B,255855.75263913078
3148,31,2,86.4033153606915,53.353463313847065,16.0,5,40,2015,0.151346216,B,A,32,5889,10,830.0,4,1,B,295274.9385594931
3830,30,1,38.157393617587424,38.157393617587424,1.0,1,1,2018,7.81528e-05,B,B,22,6398,141,1046.0,3,23,B,190973.91108563344
12670,23,1,40.10993181543213,32.772431056458856,1.0,7,17,1977,0.075778755,B,B,6,1437,3,900.0,0,2,B,130890.02733346354
14274,47,4,101.55065354892908,60.17443519975215,9.0,5,24,2011,0.197367951,B,B,8,2423,1,32.0,0,1,B,457688.7229764483
3438,79,1,59.510718943915215,27.13282537744945,12.0,19,25,2012,0.307466659,B,A,30,5048,9,325.0,2,5,B,300358.52431910095
3242,6,1,40.28678712067378,32.772431056458856,1.0,1,1,2015,0.243204519,B,B,5,1564,0,540.0,0,0,B,133816.5755711276
5470,1,3,83.55558586910166,32.772431056458856,1.0,10,17,1977,0.007122317,B,B,1,264,0,900.0,0,1,B,231362.53419550625
14237,129,1,38.06910707477864,19.60063905299836,9.0,10,12,1967,0.020741326,B,B,24,5613,5,1340.0,2,5,B,180988.987272353
2431,31,3,59.26165171403849,46.071290037491366,5.0,3,9,1973,0.151346216,B,A,32,5889,10,830.0,4,1,B,244445.30371757492
1425,23,2,74.25258827355731,32.772431056458856,6.233004930000002,3,13,1977,0.014072961,B,B,2,475,0,900.0,0,0,B,185397.3654254148
14227,129,3,82.57931237790855,50.49894172769309,8.0,10,10,1963,0.020741326,B,B,24,5613,5,1340.0,2,5,B,374597.93297526316
7009,46,2,49.2739815503591,29.52187617932179,6.0,9,9,1974,0.0,B,B,47,11319,0,1145.0,3,5,B,200122.02090437754
16024,103,1,40.672515430635,21.02590516939354,8.0,9,17,1999,0.0006991189999999,B,B,14,3369,24,4129.0,0,3,B,179307.03135649423
7330,27,3,80.88644153468981,32.772431056458856,1.0,3,17,1977,0.017647053,B,B,2,469,0,900.0,0,0,B,219585.7147144301
12378,41,3,63.11523847764774,42.198836796909845,7.0,11,12,1983,6.99893e-05,B,B,46,10309,1,240.0,1,16,B,272142.058641786
10378,18,3,80.42077614386,43.39224618255557,11.0,10,16,1997,0.0,B,B,30,5562,0,900.0,0,5,A,327513.13115719066
6926,129,3,66.07887919950788,49.987887231377954,7.0,12,12,1985,0.460556389,B,B,20,4386,14,900.0,1,5,B,280540.1902744952
4027,135,1,40.06188907244746,27.89556376621859,6.0,9,9,1973,0.007658515,B,B,35,7077,56,2301.0,3,19,B,178773.44318822492
7435,91,2,48.3412217503949,31.381614356323148,6.0,7,9,1974,0.333891544,B,B,30,6564,1,900.0,0,0,B,206964.62319514318
11299,88,1,44.8081598823835,32.772431056458856,6.233004930000002,8,13,1977,0.127375905,B,B,43,8429,3,900.0,3,9,B,132735.12851355656
12112,27,3,83.4746666936134,32.772431056458856,1.0,2,17,2017,0.072157581,B,B,2,629,1,900.0,0,0,A,220663.65346628483
4723,95,1,45.542939964666616,32.772431056458856,6.233004930000002,6,13,1977,0.0006991189999999,B,B,14,3369,24,4129.0,0,3,B,142123.46262459212
14224,6,2,68.36808781471474,32.772431056458856,1.0,6,17,1977,0.243204519,B,B,5,1564,0,540.0,0,0,B,210247.94437274113
11300,30,3,78.78533452941231,32.772431056458856,1.0,8,17,1977,7.81528e-05,B,B,22,6398,141,1046.0,3,23,B,222029.10261272345
16124,41,2,42.4741959682026,26.23509206647281,6.0,10,12,1967,0.175054867,B,B,36,10055,3,900.0,1,0,B,199910.70146847586
4988,21,1,40.16609939738738,39.437358289374046,8.0,5,14,1992,0.194489265,B,B,47,8004,3,125.0,3,5,B,155174.46109081793
8019,88,1,42.54096848465255,42.084804164441984,1.0,22,24,2016,0.127375905,B,B,43,8429,3,900.0,3,9,B,211514.54715638186
4036,99,1,33.84322257311361,18.317826840947497,6.0,3,9,1971,0.012338886,B,B,35,5776,1,2078.0,2,4,B,157457.59721949507
2075,11,1,38.29649910490821,21.137445989349924,9.0,4,14,1972,0.012338886,B,B,35,5776,1,2078.0,2,4,B,176113.86163491206
14593,27,2,62.25699264533561,32.772431056458856,6.233004930000002,2,17,1977,0.011654127,B,B,4,915,0,900.0,0,0,B,186427.12932439777
4499,99,2,56.39647501836508,29.173768485531543,11.0,1,16,1997,0.012338886,B,B,35,5776,1,2078.0,2,4,B,240554.452126561
3685,48,2,81.9599702666736,81.9599702666736,11.0,21,25,2015,0.041124634,B,B,46,9515,5,900.0,1,10,B,338262.6872616771
2168,23,3,104.99227440760984,32.772431056458856,1.0,23,25,1977,0.075778755,B,B,6,1437,3,900.0,0,2,B,257079.16761978672
8263,6,2,67.35585729848364,32.772431056458856,1.0,4,17,1977,0.243204519,B,B,5,1564,0,540.0,0,0,B,192535.7852350487
9242,22,2,58.266099039085645,32.772431056458856,1.0,12,17,1977,0.118537385,B,B,30,6207,1,1183.0,1,0,B,185509.6935162375
14855,69,2,63.19631189269697,36.92689074828765,7.0,5,16,1973,0.000991363,B,B,33,6783,3,900.0,1,9,B,271569.89520079014
2800,94,1,95.54018220411037,32.772431056458856,1.0,16,17,1977,0.282797669,B,B,33,8667,2,900.0,0,6,B,399515.757071547
14715,71,3,84.42306715375352,53.18829804902927,11.0,9,25,2008,0.033493708,B,B,66,10573,1,1322.0,3,8,B,283734.01529025636
12729,25,2,52.825522926486606,34.158729359199,8.0,15,17,1997,0.069753361,B,B,53,13670,4,900.0,1,11,B,223224.81234294665
14683,10,2,52.70677397950531,34.38709122845507,8.0,6,17,1989,0.089039719,B,B,33,7976,5,900.0,0,11,B,199869.69067595855
429,92,4,107.7475537978527,60.37735125352511,13.0,10,17,2008,0.460556389,B,B,20,4386,14,900.0,1,5,B,475286.30469403573
723,100,1,38.86982104868467,21.59814257129316,7.0,8,8,1965,0.200146802,B,B,23,3975,8,770.0,2,0,B,180518.3374502838
8170,9,3,81.79514757676189,32.772431056458856,1.0,1,1,1977,0.161531741,B,B,25,5648,1,30.0,2,4,B,265452.9576079797
2770,6,1,47.5880005756431,32.772431056458856,1.0,9,25,1977,0.243204519,B,B,5,1564,0,540.0,0,0,B,147995.475317552
14395,1,2,53.01685245822996,52.34048980513396,6.233004930000002,6,17,1977,0.007122317,B,B,1,264,0,900.0,0,1,B,179874.01313145517
12326,11,2,50.78064055447042,30.62948717068501,5.0,8,12,1970,0.0001696759999999,B,B,36,5992,0,900.0,1,1,B,212399.66995808683
221,81,2,65.61558193602018,41.399893042496174,9.0,10,24,2015,0.319809354,B,B,25,4756,16,2857.0,5,8,B,257478.580013802
9448,74,1,51.220307798433225,32.772431056458856,1.0,5,17,1977,0.075778755,B,B,6,1437,3,900.0,0,2,B,173338.92561624607
1593,93,3,135.75344600308597,32.772431056458856,6.233004930000002,1,2,1977,0.004949358,B,B,0,186,0,900.0,0,0,B,213146.28028405525
8962,6,1,42.47427319421176,32.772431056458856,6.233004930000002,8,17,1977,0.243204519,B,B,5,1564,0,540.0,0,0,B,128182.29866530541
11068,11,3,84.73759016013099,46.36080258728897,10.0,14,14,2000,0.0001696759999999,B,B,36,5992,0,900.0,1,1,B,341548.47983111325
7896,83,1,41.79904799574665,22.234122980074314,8.0,7,14,1985,0.0077202819999999,B,B,38,4788,2,900.0,0,4,B,178102.17861075437
758,27,1,52.9806866426808,51.51383709885996,12.0,11,17,2017,0.072157581,B,B,2,629,1,900.0,0,0,A,175917.5795041413
9252,60,1,39.89978215258242,21.20862967248341,8.0,4,12,1975,0.21843974,B,B,21,4472,6,1450.0,4,7,A,176316.60004656305
6077,1,1,47.569245727689925,32.772431056458856,1.0,8,17,1977,0.007122317,B,B,1,264,0,900.0,0,1,B,152064.82199646288
4186,31,2,64.18396444683056,43.19848385728016,8.0,12,14,1977,0.0,B,B,23,3684,2,900.0,0,4,B,263233.68013688776
8220,61,2,63.090472056641815,33.5269344594619,12.0,7,17,2013,0.300322518,B,B,52,10311,6,900.0,1,9,B,254065.97930602526
753,39,1,36.84836331125939,23.560192007306465,9.0,5,12,1970,0.428825818,B,B,25,5011,8,730.0,0,2,B,170750.4367460968
13063,3,2,55.505711064734456,34.59533024050578,8.0,9,12,1985,0.050900058,B,B,43,10621,1,30.0,2,3,B,235141.11385532163
5728,62,2,65.51522414921793,32.772431056458856,6.233004930000002,5,13,1977,0.072157581,B,B,2,629,1,900.0,0,0,A,191663.89289283034
10817,111,2,47.62290795330025,31.79754960766603,5.0,5,5,1969,0.135649789,B,B,46,7960,6,350.0,3,11,B,192074.06658153806
7868,59,3,110.91980931701757,108.083700277284,6.233004930000002,10,10,2016,0.019508796,B,B,37,7687,11,176.0,5,5,B,312934.531877035
8580,46,1,39.223011700685824,19.18230756728512,10.0,11,12,1974,0.0,B,B,47,11319,0,1145.0,3,5,B,169957.5241200755
11100,18,1,51.73750759592284,30.524222511095232,1.0,1,1,1977,0.0,B,B,30,5562,0,900.0,0,5,A,172067.98046886266
1003,30,1,40.4047165965526,32.772431056458856,1.0,17,17,1977,7.81528e-05,B,B,22,6398,141,1046.0,3,23,B,127561.50298117926
4779,27,1,42.76442750256053,32.772431056458856,1.0,1,1,1977,0.017647053,B,B,2,469,0,900.0,0,0,B,169134.32064103123
7121,47,1,43.57518435677597,20.50939374295272,8.0,6,12,1977,0.101872465,B,B,23,4583,3,900.0,3,3,B,177407.1779778831
3946,1,2,68.71477345686311,67.62791460886876,1.0,22,24,1977,0.007122317,B,B,1,264,0,900.0,0,1,B,218633.30779330048
4426,21,2,41.5240252679048,24.69959506803997,5.0,4,14,1969,0.034331497,B,B,25,5487,3,900.0,0,4,B,197656.8784829703
11309,27,2,41.73942673088659,28.12773783303343,6.0,5,5,1966,0.211401214,B,B,9,1892,0,900.0,0,1,B,196277.16322531068
11285,41,3,82.45766525753791,47.59359200242936,10.0,13,22,2012,0.175054867,B,B,36,10055,3,900.0,1,0,B,348137.53667671466
8222,6,1,44.90071539736364,32.772431056458856,6.233004930000002,15,17,1977,0.243204519,B,B,5,1564,0,540.0,0,0,B,128376.60793377251
1189,6,1,37.54571738511353,36.81338000652693,1.0,2,17,2017,0.243204519,B,B,5,1564,0,540.0,0,0,B,117891.9281357948
16356,57,2,49.09996463612848,29.57872725472065,6.0,2,9,1974,0.133215333,B,B,49,11395,3,1406.0,3,4,A,196742.24123518413
446,113,2,48.87462410861485,28.3513856321213,5.0,5,5,1966,0.060753049,B,B,15,2787,2,520.0,0,7,B,182701.80691807345
8530,95,2,42.734866206487176,29.21856790479269,5.0,5,5,1963,0.0,B,B,7,1660,39,1786.0,1,5,B,195537.10752986668
14289,26,2,48.64270027367563,30.79597599339624,5.0,2,5,1968,0.0,B,B,36,6714,2,2672.0,0,2,B,194318.36762441625
16009,11,3,59.07266271838122,40.28073462898802,6.0,8,9,1973,0.0001696759999999,B,B,36,5992,0,900.0,1,1,B,223134.81394208595
9692,9,3,88.86883493907246,51.86528207496705,9.0,10,13,2014,0.161531741,B,B,25,5648,1,30.0,2,4,B,345532.76370896713
13489,8,2,55.994646279670846,30.43115579386288,10.0,3,20,2008,0.458174486,B,A,26,4439,1,1130.0,1,5,B,259664.89579458005
13010,47,1,36.99710421494543,20.39821726072008,8.0,16,16,1980,0.101872465,B,B,23,4583,3,900.0,3,3,B,177838.75173116618
6083,27,1,40.48330256568136,37.38286553859556,10.0,6,15,2017,0.211401214,B,B,9,1892,0,900.0,0,1,B,121750.55579121542
2707,90,1,32.17950823610673,23.20995134466448,5.0,4,5,1969,0.265088676,B,B,37,5288,0,1937.0,3,2,B,151080.22262214936
5898,57,3,62.30081952089093,48.60292273532716,5.0,2,9,1975,0.133215333,B,B,49,11395,3,1406.0,3,4,A,248681.77841547912
12994,113,2,47.73561210782361,30.655237789026103,5.0,5,5,1967,0.307466659,B,A,30,5048,9,325.0,2,5,B,191401.2774106106
8796,27,1,46.26376003365632,32.772431056458856,1.0,1,1,1977,0.072157581,B,B,2,629,1,900.0,0,0,A,156292.12312086715
3009,9,1,44.79205767296403,32.772431056458856,6.233004930000002,2,2,1977,0.161531741,B,B,25,5648,1,30.0,2,4,B,130648.75209048677
7033,103,2,52.13689643082376,32.08375008000414,8.0,14,17,1985,0.014423114,B,B,19,3806,4,900.0,0,3,B,232972.99346609562
6615,6,1,44.79122298257181,42.17176923603591,1.0,6,17,2015,0.243204519,B,B,5,1564,0,540.0,0,0,B,138803.27876407266
2235,27,2,62.83634993460206,32.772431056458856,1.0,7,22,2018,0.211401214,B,B,9,1892,0,900.0,0,1,B,202738.00608817698
5565,57,2,40.56883735530013,23.71455563798528,6.0,8,14,1972,0.133215333,B,B,49,11395,3,1406.0,3,4,A,185551.34488644695
5869,58,1,46.68800347913572,45.67031028232661,6.233004930000002,10,17,2014,0.43788524,B,B,23,5735,3,1084.0,0,5,B,156393.6559465149
6384,39,2,46.241789158604966,29.22425497429645,6.0,9,9,1969,0.428825818,B,B,25,5011,8,730.0,0,2,B,198606.32708289791
1001,95,1,42.53436120449696,18.47783009644361,10.0,5,16,1975,0.341071945,B,B,27,5664,48,2300.0,3,11,B,169502.691104991
11540,6,3,82.7109475676141,46.981171811890384,9.0,13,17,2010,0.243204519,B,B,5,1564,0,540.0,0,0,B,342092.5813055341
13967,1,2,53.12751757171616,53.12751757171616,1.0,8,17,1977,0.007122317,B,B,1,264,0,900.0,0,1,B,172277.95246770125
4097,134,1,34.79956645506512,20.231580743695947,8.0,1,1,2019,0.212515361,B,B,19,3293,16,628.0,3,7,B,158919.59316895867
9993,12,3,64.12578704883467,44.08650734525504,6.0,7,9,1979,0.090799103,B,B,74,19083,2,900.0,5,15,B,250082.13671324134
10166,113,3,62.57614043242781,42.065226163558286,6.0,3,5,1970,0.307466659,B,A,30,5048,9,325.0,2,5,B,243930.27697681473
15928,68,3,74.83381147146947,51.1692246915044,6.0,4,19,1970,0.0,B,B,33,7425,1,900.0,2,5,B,237924.5053728147
14584,1,1,39.4425598121186,32.772431056458856,10.0,9,17,2016,0.007122317,B,B,1,264,0,900.0,0,1,B,120110.6821358521
1962,20,2,61.58773292082883,38.819500183625394,10.0,16,17,1991,0.019508796,B,B,37,7687,11,176.0,5,5,B,290421.10889266396
10363,55,1,40.545484353832585,23.2474337522083,8.0,5,14,1998,0.041365446,B,B,31,5569,0,900.0,1,4,B,179712.33018031565
1097,23,1,37.917888985277045,37.917888985277045,1.0,10,12,2013,0.034656082,B,B,0,168,0,900.0,0,0,B,133338.20947478
3430,22,2,46.87481903608061,34.54062555836462,5.0,3,5,1965,0.000995363,B,B,42,7651,1,900.0,1,5,B,198331.72032485344
1672,36,1,39.57932235978628,19.524423198222816,7.0,14,17,2009,0.08761909,B,B,8,1497,5,900.0,1,0,B,182140.37379649532
9195,27,1,41.69678068615082,40.14343527261708,1.0,6,12,1977,0.011654127,B,B,4,915,0,900.0,0,0,B,127161.11017407809
16193,3,2,46.907623090520495,27.88147859889289,5.0,8,12,1973,0.050900058,B,B,43,10621,1,30.0,2,3,B,207920.01312935448
9076,60,3,61.40046418293478,38.59181330266875,8.0,5,5,1910,0.341071945,B,B,27,5664,48,2300.0,3,11,B,267064.15453387576
13030,6,2,62.17926864536744,32.772431056458856,1.0,2,17,1977,0.243204519,B,B,5,1564,0,540.0,0,0,B,175801.26206195584
14459,27,1,47.80943210174076,47.777381898563135,1.0,1,1,1977,0.072157581,B,B,2,629,1,900.0,0,0,A,173605.26444161456
8470,62,2,58.76751016094296,30.20568846786984,11.0,5,17,2015,0.072157581,B,B,2,629,1,900.0,0,0,A,259199.8037609129
7810,25,2,61.05637131013992,32.772431056458856,6.233004930000002,1,1,1977,0.069753361,B,B,53,13670,4,900.0,1,11,B,200889.3494954957
4342,9,1,46.72341961184285,32.772431056458856,1.0,1,1,1977,0.161531741,B,B,25,5648,1,30.0,2,4,B,155887.8695911983
8551,58,2,52.50532186033959,34.94386521596441,6.0,3,12,1973,0.31019913,B,B,11,2748,1,900.0,0,0,B,211833.2847352081
5555,31,3,81.1830002856563,48.77032088385182,10.0,13,16,1977,0.151346216,B,A,32,5889,10,830.0,4,1,B,338270.86603922286
12190,62,3,65.28732835066815,43.39947294551418,6.0,4,12,1975,0.002211665,B,B,39,7614,3,900.0,1,5,A,252003.9753531682
8875,58,2,60.465141320320406,32.772431056458856,6.233004930000002,3,3,1977,0.43788524,B,B,23,5735,3,1084.0,0,5,B,161366.6372462873
3179,54,3,60.98348615218821,36.67615963353372,6.0,2,5,1965,0.006076152,B,B,30,5285,0,645.0,6,6,B,233249.78141025803
291,28,3,57.81973649752261,42.15438148196627,5.0,5,5,1963,0.118537385,B,B,30,6207,1,1183.0,1,0,B,220696.85410530624
4549,31,2,80.54264033432669,35.54959398594974,14.0,5,40,2013,0.151346216,B,A,32,5889,10,830.0,4,1,B,324693.1176023568
11486,9,2,65.39794011931,65.39794011931,1.0,1,1,1977,0.161531741,B,B,25,5648,1,30.0,2,4,B,207342.35991023507
9349,107,3,57.69460065955224,43.12315673383096,5.0,2,5,1964,0.050272014,B,B,21,4231,14,1020.0,0,3,B,223657.6410805693
5305,12,1,41.08890133635983,22.54960939997627,8.0,10,12,1983,0.090799103,B,B,74,19083,2,900.0,5,15,B,178511.89649411556
3379,45,2,60.21149184211923,32.772431056458856,6.233004930000002,13,13,1977,0.195781053,B,B,23,5212,6,900.0,3,2,B,214866.69808362902
12593,31,2,84.16730274568235,44.962520340221815,16.0,17,40,2014,0.151346216,B,A,32,5889,10,830.0,4,1,B,372523.2991072122
13712,75,2,43.7775387801816,27.119771373230787,5.0,3,5,1961,0.122090347,B,B,29,6566,7,1894.0,4,0,B,163357.79633889618
12847,12,1,41.468786096390005,20.77192063030818,7.0,12,17,1986,0.090799103,B,B,74,19083,2,900.0,5,15,B,177191.88903629567
3964,37,1,38.48854856674393,21.975677830992574,8.0,17,17,1989,0.178916796,B,B,18,3594,4,192.0,1,5,B,176591.09625786755
13981,113,3,61.0954336727151,47.28611989716439,6.0,7,9,1971,0.050755569,B,B,24,5469,1,145.0,0,1,B,240352.18603635725
2538,1,2,53.11303717344777,32.772431056458856,1.0,6,17,1977,0.007122317,B,B,1,264,0,900.0,0,1,B,158454.7809166424
14764,6,1,50.15021727360921,32.772431056458856,1.0,21,25,1977,0.243204519,B,B,5,1564,0,540.0,0,0,B,148448.48697572513
6147,27,1,55.7393240997248,32.772431056458856,6.233004930000002,4,13,1977,0.072157581,B,B,2,629,1,900.0,0,0,A,148015.14784047168
16693,23,2,59.14807324932578,32.772431056458856,1.0,15,17,1977,0.075778755,B,B,6,1437,3,900.0,0,2,B,198413.02532801856
9398,58,2,70.99900775429991,32.772431056458856,17.0,13,15,2020,0.43788524,B,B,23,5735,3,1084.0,0,5,B,276041.4265676957
13554,62,1,40.965125768742254,32.772431056458856,1.0,19,25,1977,0.072157581,B,B,2,629,1,900.0,0,0,A,145734.39642279784
11054,19,3,76.95085454817605,46.00028331822436,10.0,7,17,1993,0.000991363,B,B,33,6783,3,900.0,1,9,B,352682.1616959611
9462,30,1,40.414996137045335,39.01334079739734,1.0,10,17,2015,7.81528e-05,B,B,22,6398,141,1046.0,3,23,B,129496.20696559368
1528,86,2,41.88413154527772,23.132604398785485,6.0,2,12,1965,0.161975568,B,A,31,7010,5,4508.0,3,7,B,175267.896493284
7096,66,3,65.31380317542362,45.90746069981846,9.0,4,12,1955,0.161975568,B,A,31,7010,5,4508.0,3,7,B,292096.1422727536
8993,6,2,66.88541292977659,59.60894188781763,1.0,16,25,2018,0.243204519,B,B,5,1564,0,540.0,0,0,B,202918.590294809
3738,45,2,61.80478095954894,32.772431056458856,6.233004930000002,13,13,1977,0.195781053,B,B,23,5212,6,900.0,3,2,B,233790.4414171348
15096,30,1,132.67051292780675,122.57893175773675,3.0,10,39,2010,7.81528e-05,B,B,22,6398,141,1046.0,3,23,B,327277.44066136517
97,53,3,84.37219968566154,57.18518046695963,12.0,16,24,2017,0.049637257,B,B,34,7759,0,229.0,1,3,B,334527.80700169667
5701,45,2,60.15191650192974,59.98277669169961,11.0,13,17,2016,0.195781053,B,B,23,5212,6,900.0,3,2,B,204914.44201681003
12401,6,3,79.50640578376672,44.54247189104824,12.0,17,17,2013,0.243204519,B,B,5,1564,0,540.0,0,0,B,311719.2664056762
2113,27,3,90.30335475410564,53.74245930104111,10.0,22,22,2007,0.041116354,B,B,53,14892,4,900.0,1,4,B,340532.1324283143
15724,78,3,74.08463916462037,46.70340758687666,8.0,4,25,2012,0.092290642,B,B,21,4346,2,165.0,1,2,B,327686.9337838453
15692,27,2,63.83154155984054,62.857676050096046,1.0,11,17,1977,0.051815435,B,B,5,1227,0,900.0,0,0,B,196421.34107086278
12791,44,2,59.80746627877216,36.61645017821512,8.0,7,14,1971,0.122190486,B,B,25,4724,2,1308.0,1,3,B,267850.38834042946
10747,6,3,81.45243835606556,32.772431056458856,1.0,1,1,1977,0.243204519,B,B,5,1564,0,540.0,0,0,B,258231.47350280813
1730,9,1,43.52120305928807,43.52120305928807,1.0,5,18,1977,0.161531741,B,B,25,5648,1,30.0,2,4,B,143788.43273876575
5010,10,2,47.45235201609606,29.68278602704281,6.0,6,9,1970,0.089039719,B,B,33,7976,5,900.0,0,11,B,201142.08814163928
10173,27,2,63.88811902786585,32.772431056458856,1.0,3,3,1977,0.072157581,B,B,2,629,1,900.0,0,0,A,166505.60842902548
6771,23,2,61.49792485804694,32.772431056458856,1.0,13,17,1977,0.075778755,B,B,6,1437,3,900.0,0,2,B,201591.3103295288
6524,30,2,67.6926820649881,67.67809797936907,1.0,10,17,1977,7.81528e-05,B,B,22,6398,141,1046.0,3,23,B,200787.15456033856
6995,2,3,78.03654971878008,47.78048972243412,10.0,8,17,1990,0.0,B,B,33,7425,1,900.0,2,5,B,335035.8440849588
14303,33,1,41.4385422224581,23.9424938812742,9.0,8,14,1971,0.050272014,B,B,21,4231,14,1020.0,0,3,B,179903.81206038815
1274,23,2,53.43766474278686,32.772431056458856,1.0,2,2,1977,0.005767451,B,B,1,388,0,900.0,0,0,B,114498.41418378675
9095,27,2,64.99957793764446,32.772431056458856,6.233004930000002,12,17,1977,0.011654127,B,B,4,915,0,900.0,0,0,B,180902.08996594537
15435,21,1,13.30553146594922,9.495367198939064,6.233004930000002,5,5,1965,0.194489265,B,B,47,8004,3,125.0,3,5,B,99759.6491340047
9363,61,1,40.94088711691853,19.835166358956435,9.0,14,16,1977,0.300322518,B,B,52,10311,6,900.0,1,9,B,180020.90066698208
7913,45,3,83.57891990838368,32.772431056458856,6.233004930000002,1,1,2013,0.195781053,B,B,23,5212,6,900.0,3,2,B,290930.5833230193
14286,86,2,43.63529617150069,28.599909995209693,5.0,6,9,1971,0.161975568,B,A,31,7010,5,4508.0,3,7,B,208906.73855461806
4759,21,3,52.16840368255748,37.072079109267776,6.0,2,9,1970,0.194489265,B,B,47,8004,3,125.0,3,5,B,202567.9281437354
8674,135,1,33.35779588583981,20.00432832839266,5.0,9,9,1972,0.007658515,B,B,35,7077,56,2301.0,3,19,B,160042.5727996115
12459,96,2,56.33742135110491,36.416342492387344,9.0,7,12,2002,0.041116354,B,B,53,14892,4,900.0,1,4,B,258633.76570593606
436,96,1,39.82889019656105,24.11813461581805,8.0,6,12,2000,0.041116354,B,B,53,14892,4,900.0,1,4,B,176612.1802205616
13586,2,2,48.42090641333084,32.23997843000989,6.0,8,9,1970,0.309479124,B,B,35,7715,4,990.0,0,6,B,207008.9033429549
3231,44,3,82.55028968513001,46.23423048585144,12.0,17,17,2009,0.232205084,B,B,24,4860,1,80.0,0,3,B,353170.75153348665
8124,46,1,30.636289133877696,22.424752827580853,5.0,7,9,1973,0.188783766,B,B,31,6137,4,900.0,0,1,B,154865.2886095918
1226,53,2,57.32888966738285,32.772431056458856,1.0,19,19,2016,0.049637257,B,B,34,7759,0,229.0,1,3,B,231497.9787331245
6887,58,2,67.25686692921654,32.772431056458856,6.233004930000002,10,17,1977,0.43788524,B,B,23,5735,3,1084.0,0,5,B,192516.30904741268
8855,124,2,54.667151770093874,34.507345493031174,7.0,2,9,1956,0.16909109,B,B,19,3856,10,900.0,2,5,B,237202.0936180876
1768,6,1,41.68179051880485,32.772431056458856,1.0,17,17,1977,0.243204519,B,B,5,1564,0,540.0,0,0,B,127449.16859345854
1630,62,2,77.78996065431599,77.78996065431599,10.0,12,17,2015,0.072157581,B,B,2,629,1,900.0,0,0,A,300969.9959036329
13293,62,1,41.17183759742954,32.772431056458856,6.233004930000002,8,13,1977,0.072157581,B,B,2,629,1,900.0,0,0,A,123317.83289093003
5705,1,2,62.11415522552082,32.772431056458856,1.0,15,20,1977,0.007122317,B,B,1,264,0,900.0,0,1,B,199295.31280745676
9067,23,3,71.04914642106938,68.23737052538196,1.0,3,4,1977,0.034656082,B,B,0,168,0,900.0,0,0,B,150899.59416883063
2790,3,2,79.51024617457831,41.19045541037004,13.0,5,15,2013,0.050900058,B,B,43,10621,1,30.0,2,3,B,331633.18515771197
15012,27,1,30.77137336047184,16.20188531570068,5.0,4,9,2003,0.041116354,B,B,53,14892,4,900.0,1,4,B,147842.40634285196
2411,34,2,58.65224217276212,32.772431056458856,10.0,3,25,2019,0.069753361,B,B,53,13670,4,900.0,1,11,B,251543.12774342994
12054,27,3,79.14676873255533,76.71012708220606,10.0,3,4,2018,0.011654127,B,B,4,915,0,900.0,0,0,B,241083.31457151446
15653,11,1,34.709104561285336,18.6907558630974,5.0,1,5,1977,0.0001696759999999,B,B,36,5992,0,900.0,1,1,B,145252.99383466004
278,93,2,52.39041785880824,30.487995746470137,8.0,12,12,1985,0.050900058,B,B,43,10621,1,30.0,2,3,B,232477.7373201377
1828,71,1,41.38197657689248,22.72549199401561,8.0,11,12,1983,0.407276235,A,B,9,1768,0,370.0,0,0,A,182027.0882061664
7031,6,1,37.23972150562901,37.23972150562901,6.233004930000002,13,13,1977,0.243204519,B,B,5,1564,0,540.0,0,0,B,138309.8877238304
3906,30,1,43.901344559400655,32.772431056458856,1.0,12,12,1977,7.81528e-05,B,B,22,6398,141,1046.0,3,23,B,127324.98978346
13027,23,3,70.39040848929697,32.772431056458856,1.0,3,3,2017,0.005767451,B,B,1,388,0,900.0,0,0,B,140618.09912430804
4505,46,3,63.39608601138168,47.90280488596497,5.0,4,9,1970,0.0,B,B,47,11319,0,1145.0,3,5,B,251762.01186935537
3927,103,1,37.70311822947968,23.780611724029704,9.0,15,16,1984,0.0006991189999999,B,B,14,3369,24,4129.0,0,3,B,177614.69595853693
12396,8,2,45.98079102044342,29.68037449062745,5.0,5,9,1970,0.43788524,B,B,23,5735,3,1084.0,0,5,B,198902.8101438788
6394,48,2,58.70769554803349,32.729632536018194,9.0,16,16,1984,0.041124634,B,B,46,9515,5,900.0,1,10,B,225024.65899879072
8922,48,2,46.344407714575176,45.79569484795024,6.0,7,9,1981,0.041124634,B,B,46,9515,5,900.0,1,10,B,208454.83645260904
11446,18,2,54.32078589716353,34.321088127668496,8.0,3,17,1997,0.0,B,B,30,5562,0,900.0,0,5,A,238953.79650773192
7546,47,3,72.32531824519553,44.51246751549015,8.0,16,16,1982,0.101872465,B,B,23,4583,3,900.0,3,3,B,324634.72611742537
15150,27,2,61.81463314864892,58.88343993254789,10.0,4,15,2016,0.017647053,B,B,2,469,0,900.0,0,0,B,220198.50333407486
2988,63,1,47.85458714614494,47.85458714614494,1.0,8,25,2017,0.23861713,B,B,26,3889,6,705.0,3,6,B,192594.86869622217
3077,27,1,37.53558298559148,32.772431056458856,1.0,2,19,2014,0.211401214,B,B,9,1892,0,900.0,0,1,B,106375.81851463512
2111,12,1,38.7406118909708,23.71968946938748,8.0,8,12,1996,0.090799103,B,B,74,19083,2,900.0,5,15,B,179205.03166381567
10235,9,2,43.9860164981986,28.69525999048813,6.0,9,16,1969,0.31019913,B,B,11,2748,1,900.0,0,0,B,206472.90223173372
15784,58,2,55.55627421066079,34.02225097985449,9.0,15,16,1980,0.060753049,B,B,15,2787,2,520.0,0,7,B,252728.68092586476
12113,160,2,47.99410631463466,29.109380075284054,5.0,8,9,1978,0.0,B,B,39,8647,0,810.0,0,5,B,205987.10794429414
5645,3,2,51.30904065998019,30.60199742733741,8.0,4,17,1999,0.050900058,B,B,43,10621,1,30.0,2,3,B,238761.14527634447
9326,2,3,67.48336609957838,50.00576503120798,7.0,16,16,1993,0.309479124,B,B,35,7715,4,990.0,0,6,B,297298.4457140188
12895,168,3,82.89317618876647,46.55486038121615,8.0,6,14,1982,0.341071945,B,B,27,5664,48,2300.0,3,11,B,331953.7671115509
11733,39,3,75.51646591244769,46.54491142166501,8.0,20,21,1993,0.428825818,B,B,25,5011,8,730.0,0,2,B,345313.2225666933
1201,23,2,76.35195431004767,42.55222333526846,14.0,5,12,2014,0.014072961,B,B,2,475,0,900.0,0,0,B,333588.0277756221
5253,46,2,55.52008341488619,35.328234383113646,9.0,14,17,2005,0.0,B,B,47,11319,0,1145.0,3,5,B,241893.16424824295
16547,90,2,47.9393208305059,32.704815098981946,6.0,4,9,1970,0.265088676,B,B,37,5288,0,1937.0,3,2,B,202329.89320023273
2378,44,2,45.926194572334445,27.75995971753005,5.0,8,9,1967,0.232205084,B,B,24,4860,1,80.0,0,3,B,205338.05242137593
11477,30,1,42.40820003516843,32.772431056458856,1.0,9,17,1977,7.81528e-05,B,B,22,6398,141,1046.0,3,23,B,130509.01733649171
1984,99,2,46.75801072084518,28.5449634212956,5.0,4,9,1971,0.012338886,B,B,35,5776,1,2078.0,2,4,B,203289.37298785953
8806,20,2,56.76990249211013,30.929494438097947,9.0,6,23,2006,0.019508796,B,B,37,7687,11,176.0,5,5,B,263537.81110075454
16722,9,1,68.79423077699067,32.772431056458856,1.0,1,1,1977,0.161531741,B,B,25,5648,1,30.0,2,4,B,182883.6184639203
7893,53,3,51.58552002740611,33.72516586191027,6.0,3,9,1991,0.313924552,B,B,22,4625,11,3855.0,2,10,B,192843.13064225554
8821,34,2,52.149908115463546,33.968092454427264,8.0,6,17,1995,0.069753361,B,B,53,13670,4,900.0,1,11,B,208420.42309775113
9816,58,2,56.9361064855605,33.61704897738605,8.0,4,14,1996,0.1489038909999999,B,B,9,1952,1,1430.0,3,2,B,264051.2996846283
5133,61,2,53.583178988151424,33.64767109879137,8.0,7,12,1977,0.300322518,B,B,52,10311,6,900.0,1,9,B,245943.32836577532
8377,163,2,49.38371045457262,32.942613319451254,9.0,10,12,1977,0.007658515,B,B,35,7077,56,2301.0,3,19,B,246328.14024158078
7319,0,1,33.49508731889661,17.328233407574597,5.0,4,5,1961,0.319809354,B,B,25,4756,16,2857.0,5,8,B,161280.99869680242
2326,9,2,58.98054297823158,32.94051745357633,8.0,14,14,1991,0.161531741,B,B,25,5648,1,30.0,2,4,B,235345.18609233722
3492,61,3,62.32344636758523,43.67721569759272,6.0,8,9,1977,0.300322518,B,B,52,10311,6,900.0,1,9,B,236858.88895192093
14868,85,3,54.26435549381642,34.64728551991505,6.0,4,9,1980,0.037177818,B,B,52,11217,1,2300.0,1,7,B,227287.31224876433
13464,161,2,35.90870976308535,21.62731584711248,6.0,5,9,1972,0.014423114,B,B,19,3806,4,900.0,0,3,B,184407.51562136124
1137,59,1,40.44674275711029,18.90466077231221,7.0,13,14,2012,0.309479124,B,B,35,7715,4,990.0,0,6,B,166295.37776738312
15733,2,2,44.64969522412724,31.33894222692618,5.0,7,9,1970,0.130617806,B,B,39,10418,9,900.0,1,9,B,204906.38193326292
12108,9,2,54.19054268770044,32.89283131275337,9.0,6,17,1992,0.069753361,B,B,53,13670,4,900.0,1,11,B,218157.5974130728
2564,30,2,66.88187217218349,32.772431056458856,1.0,11,17,1977,7.81528e-05,B,B,22,6398,141,1046.0,3,23,B,189874.9021573554
11080,1,3,79.35960333453174,32.772431056458856,1.0,10,17,1977,0.007122317,B,B,1,264,0,900.0,0,1,B,216799.8327145417
9084,84,1,35.20997935317285,23.12531813372808,9.0,11,16,1986,0.149666373,B,B,22,4789,2,4087.0,4,1,B,176016.3731402289
8744,85,2,73.7312323992788,32.772431056458856,1.0,3,3,1977,0.072157581,B,B,2,629,1,900.0,0,0,A,175627.15320679185
5915,57,2,45.16810890183958,29.11165496192746,5.0,5,5,1966,0.133215333,B,B,49,11395,3,1406.0,3,4,A,192288.5711181333
14622,1,2,55.946377134333794,55.946377134333794,1.0,10,17,1977,0.007122317,B,B,1,264,0,900.0,0,1,B,174948.78624045633
9818,53,3,81.5544794171576,52.30931760461256,10.0,8,25,2016,0.049637257,B,B,34,7759,0,229.0,1,3,B,310814.21425176726
2376,42,2,67.72413470103203,34.545854379992235,11.0,9,24,2010,0.158249043,B,B,21,5731,0,900.0,1,0,B,262121.84742786473
16788,74,1,48.76315544266704,47.20973768307008,1.0,7,10,2015,0.075778755,B,B,6,1437,3,900.0,0,2,B,189293.2101276749
11363,7,2,45.87140622621109,29.96592600359201,6.0,4,5,1960,0.035145267,B,B,42,9292,3,2620.0,0,3,B,203959.16715553708
14256,62,2,77.46045574896198,76.5461176479253,12.0,9,16,2016,0.072157581,B,B,2,629,1,900.0,0,0,A,254855.8800375822
3701,22,2,38.79112453925109,25.262406722539748,7.0,5,9,1966,0.000995363,B,B,42,7651,1,900.0,1,5,B,227590.29791441432
12627,23,1,45.58213735200336,43.16361670969816,11.0,4,4,1977,0.014072961,B,B,2,475,0,900.0,0,0,B,138179.21319943602
9235,119,1,32.69167587220231,22.3217732614464,5.0,5,5,1963,0.000995363,B,B,42,7651,1,900.0,1,5,B,149473.69059906685
6012,58,2,43.493412982403605,26.838465456980487,6.0,11,12,1968,0.050755569,B,B,24,5469,1,145.0,0,1,B,208744.5464050198
2189,105,3,82.97647798045172,53.73694762608903,9.0,5,5,1960,0.069660344,B,B,31,6119,4,900.0,1,2,B,374197.2625472742
14736,49,1,41.554643261544506,18.860671234380245,8.0,5,15,2011,0.020741326,B,B,24,5613,5,1340.0,2,5,B,165503.89849932303
5252,23,1,36.31437454222571,32.772431056458856,6.0,12,12,2015,0.034656082,B,B,0,168,0,900.0,0,0,B,127003.00615348382
16708,74,1,54.56075678928648,32.772431056458856,1.0,5,16,2018,0.075778755,B,B,6,1437,3,900.0,0,2,B,168239.40102853146
320,100,2,50.35158693988082,31.39375003766573,8.0,7,12,1967,0.049863387,B,B,18,3746,9,75.0,3,1,B,237387.702034291
6943,90,1,32.97227789948072,24.733550853122683,5.0,3,5,1967,0.265088676,B,B,37,5288,0,1937.0,3,2,B,154266.7187337231
10548,62,3,61.68038223265578,47.78786382063127,6.0,7,9,1980,0.037177818,B,B,52,11217,1,2300.0,1,7,B,247105.7496968595
11356,108,2,57.2707492600246,33.08715317672768,9.0,12,16,1979,0.019508796,B,B,37,7687,11,176.0,5,5,B,252616.89986788266
5855,13,3,63.29018685123396,47.49428440286018,6.0,8,12,1973,0.090799103,B,B,74,19083,2,900.0,5,15,B,249499.86990298054
10265,37,2,55.72176925937757,30.24600092908813,8.0,3,14,1999,0.178916796,B,B,18,3594,4,192.0,1,5,B,217584.6068056984
3325,27,2,63.30607472090525,32.772431056458856,1.0,1,1,1977,0.011654127,B,B,4,915,0,900.0,0,0,B,185101.7351498586
10243,6,3,82.58591466662376,32.772431056458856,1.0,9,17,1977,0.243204519,B,B,5,1564,0,540.0,0,0,B,223590.9158948891
5549,27,2,78.15355270632129,32.772431056458856,1.0,12,12,1977,0.072157581,B,B,2,629,1,900.0,0,0,A,238478.17721978147
1284,55,1,43.31195243880666,21.27512751035401,8.0,14,14,1994,0.041365446,B,B,31,5569,0,900.0,1,4,B,173168.30587485366
14510,30,2,58.93937457846889,56.46571895127956,1.0,2,2,1977,7.81528e-05,B,B,22,6398,141,1046.0,3,23,B,200543.8804769632
12488,52,1,40.0020810679057,39.99327988695151,1.0,2,17,2016,0.371148999,B,B,34,7065,1,750.0,2,5,B,132144.48502286142
12089,59,2,76.96561389960654,32.772431056458856,1.0,19,22,1977,0.019508796,B,B,37,7687,11,176.0,5,5,B,331028.7162306669
11715,121,2,53.62915240245624,31.75439800850781,10.0,10,16,1977,0.212515361,B,B,19,3293,16,628.0,3,7,B,245790.97905553173
312,1,1,34.56256530415638,22.74662917284521,6.0,2,5,1975,0.036270089,B,B,6,1318,1,200.0,1,1,B,150197.2725556535
3700,24,2,43.56846408535732,28.841088406304355,6.0,4,5,1959,0.111627393,B,B,50,12238,8,1970.0,2,3,B,197801.9739606343
10028,69,3,75.9558882819494,48.91518203180487,10.0,8,16,1984,0.000991363,B,B,33,6783,3,900.0,1,9,B,335482.5113967344
12374,84,3,80.51089886877011,53.2111902870676,8.0,1,5,1953,0.149666373,B,B,22,4789,2,4087.0,4,1,B,319867.0166232319
9624,90,3,78.79777454648983,47.62963860950652,10.0,17,17,1992,0.246031548,B,A,22,3151,4,2715.0,3,3,B,349308.5156807352
5232,20,3,79.82224174724,47.23879671125329,10.0,13,17,2003,0.019508796,B,B,37,7687,11,176.0,5,5,B,336619.2459090948
13763,47,2,55.17677708019214,31.317301337016048,8.0,4,17,2006,0.101872465,B,B,23,4583,3,900.0,3,3,B,204309.06625667764
2774,13,2,51.96431632975421,34.094809150129976,8.0,14,14,1977,0.090799103,B,B,74,19083,2,900.0,5,15,B,215724.62250810827
12312,75,1,31.351814626237275,20.075221729220942,5.0,5,5,1966,0.307466659,B,A,30,5048,9,325.0,2,5,B,143836.4651667733
3288,34,2,57.21075802605213,57.21075802605213,10.0,22,25,2017,0.069753361,B,B,53,13670,4,900.0,1,11,B,251283.60855223806
5404,10,2,46.76401376168032,27.30249259380489,6.0,6,12,1972,0.089039719,B,B,33,7976,5,900.0,0,11,B,209710.79769783362
3555,93,2,58.24019529818271,33.757580221080296,9.0,13,24,2014,0.050900058,B,B,43,10621,1,30.0,2,3,B,260927.62104463775
3070,120,2,47.572468440636776,31.10919395422356,5.0,4,5,1963,0.341071945,B,B,27,5664,48,2300.0,3,11,B,195603.41190756307
12879,23,2,64.05254615915153,32.772431056458856,1.0,12,17,1977,0.075778755,B,B,6,1437,3,900.0,0,2,B,185300.9924623483
11402,57,1,33.755512483623235,21.753506251987616,5.0,4,5,1960,0.133215333,B,B,49,11395,3,1406.0,3,4,A,152249.78625200837
9345,106,1,35.91944606873797,20.91934783434651,5.0,5,5,1966,0.246031548,B,A,22,3151,4,2715.0,3,3,B,146582.5664868302
1045,94,3,60.44449177775665,47.36361819560298,6.0,6,9,1975,0.282797669,B,B,33,8667,2,900.0,0,6,B,241031.25490410923
16544,44,1,33.34672865200149,21.5608510288672,5.0,9,9,1968,0.036122292,B,B,24,4378,0,1036.0,1,1,B,161824.04087537472
5409,19,1,45.78757940178234,21.411374160830555,9.0,6,25,2014,0.309479124,B,B,35,7715,4,990.0,0,6,B,186351.23354766273
2787,34,2,59.34910641462,57.385055452405005,8.0,15,20,2015,0.069753361,B,B,53,13670,4,900.0,1,11,B,225349.92201402545
7055,1,2,63.19174818451684,32.772431056458856,1.0,6,20,1977,0.007122317,B,B,1,264,0,900.0,0,1,B,199726.08479583293
2853,100,3,54.36480078436078,39.79244310252296,5.0,4,5,1961,0.049863387,B,B,18,3746,9,75.0,3,1,B,244069.75842641428
861,13,1,44.58259639059568,21.083278800759945,8.0,8,12,1998,0.090799103,B,B,74,19083,2,900.0,5,15,B,176868.91912287904
5480,190,1,13.597818501304126,13.597818501304126,12.0,2,5,1909,0.0,B,B,30,7538,87,4702.0,5,5,B,128611.30239278443
15178,23,1,31.00884445980472,31.00884445980472,1.0,4,4,1977,0.034656082,B,B,0,168,0,900.0,0,0,B,75095.85312029844
13428,56,3,81.96056204217646,45.46706507205031,10.0,15,17,1986,0.0,B,B,23,5067,4,900.0,2,6,B,378049.92557016225
7564,38,3,93.09931619745156,53.85179900128985,1.0,26,26,2016,0.060753049,B,B,15,2787,2,520.0,0,7,B,299552.45392882114
5974,124,3,72.26502604053701,44.4778111597738,9.0,9,14,1988,0.122090347,B,B,29,6566,7,1894.0,4,0,B,330484.3108871381
16292,47,1,46.07429443193083,21.12862194632736,8.0,7,14,2007,0.101872465,B,B,23,4583,3,900.0,3,3,B,172304.84925353184
11066,1,3,89.61313913073826,60.4033648325584,10.0,11,22,2018,0.007122317,B,B,1,264,0,900.0,0,1,B,345608.7235206845
5265,49,3,56.60793912183414,35.71362801420688,6.0,5,5,1963,0.020741326,B,B,24,5613,5,1340.0,2,5,B,235213.7610967053
1966,27,2,59.13955781956816,32.772431056458856,6.233004930000002,18,19,1977,0.211401214,B,B,9,1892,0,900.0,0,1,B,202830.76232745074
1142,1,1,47.26747943729304,32.772431056458856,1.0,7,22,1977,0.007122317,B,B,1,264,0,900.0,0,1,B,150474.6752336691
1721,1,2,64.24332318344045,32.772431056458856,1.0,14,17,1977,0.007122317,B,B,1,264,0,900.0,0,1,B,183920.15176307663
16606,57,3,66.14777583631786,41.56027549656051,6.0,7,12,1983,0.133215333,B,B,49,11395,3,1406.0,3,4,A,273079.8325536375
7992,139,1,37.09581464943051,23.51487133365196,6.0,17,17,2007,0.122090347,B,B,29,6566,7,1894.0,4,0,B,170540.6498809406
3304,1,2,45.24657158542193,27.08387797420129,5.0,4,5,1964,0.036270089,B,B,6,1318,1,200.0,1,1,B,186537.7194686509
15181,27,4,104.66420890942148,66.90356254305692,1.0,1,1,2016,0.017647053,B,B,2,469,0,900.0,0,0,B,371042.05698792473
14750,21,3,63.13385592665502,42.47025030554871,7.0,6,9,1974,0.194489265,B,B,47,8004,3,125.0,3,5,B,277320.7264322446
16207,161,1,48.32429592374535,15.82192612233188,9.0,4,9,2015,0.014423114,B,B,19,3806,4,900.0,0,3,B,160515.54249914846
14087,48,3,99.61588199913928,32.772431056458856,1.0,8,8,2014,0.041124634,B,B,46,9515,5,900.0,1,10,B,280658.11613301287
3359,124,1,44.65574403758029,23.60153149878052,8.0,11,14,1987,0.122090347,B,B,29,6566,7,1894.0,4,0,B,176105.71755226646
5926,88,3,63.5056227184885,43.84182404536601,6.0,4,9,1971,0.127375905,B,B,43,8429,3,900.0,3,9,B,251935.85267443818
12703,77,3,66.47306462952248,39.39613362293408,8.0,11,12,1980,6.99893e-05,B,B,46,10309,1,240.0,1,16,B,281120.7710429327
15813,9,1,42.59706639952206,19.76510157584913,8.0,13,14,2009,0.13012277,B,B,8,1986,0,900.0,0,0,B,180983.07998384893
11697,57,2,54.13063945768501,34.84050807332271,9.0,14,14,2005,0.133215333,B,B,49,11395,3,1406.0,3,4,A,240533.74597122284
12548,88,1,31.754427885838336,18.963864458629487,6.0,3,12,1973,0.127375905,B,B,43,8429,3,900.0,3,9,B,162024.0651721644
13249,59,3,110.2037442973761,32.772431056458856,1.0,1,1,1977,0.019508796,B,B,37,7687,11,176.0,5,5,B,463289.45401640324
15248,2,3,99.00970911385905,58.47001645351887,12.0,15,16,1991,0.035145267,B,B,42,9292,3,2620.0,0,3,B,409206.40997287014
15847,94,2,44.59909606452491,32.946091039284184,5.0,5,5,1966,0.521867054,B,B,25,6149,0,900.0,0,0,B,190350.68003445017
3939,52,3,63.914011340731726,42.62527920114736,5.0,5,5,1968,0.371148999,B,B,34,7065,1,750.0,2,5,B,256955.8856554808
11961,109,2,37.61516913026754,26.71937449631755,7.0,9,9,1962,0.1363303,B,B,30,6141,10,262.0,3,6,B,191534.41781458215
1358,78,2,54.209252192323206,31.16195538229313,8.0,6,13,1998,0.092290642,B,B,21,4346,2,165.0,1,2,B,227657.3201141212
4604,96,1,38.368223090416,19.93197444209955,8.0,11,17,1996,0.041116354,B,B,53,14892,4,900.0,1,4,B,181732.62018720031
4357,41,1,36.85487814181491,24.769205034410103,6.0,8,9,1974,0.175054867,B,B,36,10055,3,900.0,1,0,B,170912.65476215488
5763,23,3,69.87765310865488,32.772431056458856,1.0,1,16,2015,0.005767451,B,B,1,388,0,900.0,0,0,B,159625.95845425618
11193,12,1,42.901788836518286,19.75576442828548,19.0,7,16,1980,0.090799103,B,B,74,19083,2,900.0,5,15,B,199014.99079847574
14327,41,1,37.15939167672686,21.55296261756529,6.0,5,9,1981,6.99893e-05,B,B,46,10309,1,240.0,1,16,B,159684.7509188429
10750,23,2,55.26626092137996,32.772431056458856,6.233004930000002,4,13,1977,0.005767451,B,B,1,388,0,900.0,0,0,B,138811.7088616651
306,90,2,47.596045219958896,31.21631617771165,5.0,4,5,1964,0.265088676,B,B,37,5288,0,1937.0,3,2,B,195616.4308657958
5043,29,2,42.489787935475455,30.99544356195458,5.0,5,5,1965,0.069660344,B,B,31,6119,4,900.0,1,2,B,189658.21637442335
1343,1,1,39.07515393260425,39.07515393260425,6.233004930000002,10,17,1977,0.007122317,B,B,1,264,0,900.0,0,1,B,131725.85467902923
8981,6,1,41.03770686941828,32.772431056458856,1.0,1,1,1977,0.243204519,B,B,5,1564,0,540.0,0,0,B,134730.10517072363
8809,1,2,63.07667285772325,32.772431056458856,1.0,13,17,1977,0.007122317,B,B,1,264,0,900.0,0,1,B,185493.3983337012
13563,180,2,61.5800839225731,39.647901682300414,6.0,10,16,1974,0.037316452,B,B,32,6748,93,562.0,4,10,B,266033.8223572444
8617,111,1,41.063553078297936,24.84398582744951,8.0,9,17,1987,0.093442564,B,B,23,4635,5,3300.0,2,4,B,162430.72251539887
5398,85,1,41.52405566070413,22.73899278323389,7.0,2,9,1978,0.037177818,B,B,52,11217,1,2300.0,1,7,B,165819.1517088284
12061,27,2,66.05517702148275,32.772431056458856,6.233004930000002,13,13,1977,0.072157581,B,B,2,629,1,900.0,0,0,A,232415.6681117292
2246,13,1,41.83474640495681,19.213150842379545,9.0,18,25,2003,0.090799103,B,B,74,19083,2,900.0,5,15,B,181247.3563998366
1976,175,3,81.90175620308807,52.88740017979117,10.0,2,8,1962,0.037316452,B,B,32,6748,93,562.0,4,10,B,415732.43403070903
1729,29,1,48.97584967153942,21.99609607249524,10.0,6,30,2015,0.069660344,B,B,31,6119,4,900.0,1,2,B,167638.7298717762
3980,52,3,87.41156249378744,32.772431056458856,1.0,12,17,1977,0.371148999,B,B,34,7065,1,750.0,2,5,B,264999.45683651714
14213,101,2,48.868250988600366,32.4317318766842,5.0,4,5,1966,0.225824954,A,B,41,6558,7,1548.0,3,2,B,190434.87452920582
13944,99,2,48.876471556015794,31.489087158652204,6.0,4,9,1976,0.033493708,B,B,66,10573,1,1322.0,3,8,B,198845.28464981887
2321,57,2,53.95263365449035,33.50664300699061,9.0,5,14,2004,0.090799103,B,B,74,19083,2,900.0,5,15,B,237141.60597360294
6624,27,1,42.41379292852747,42.41379292852747,10.0,12,17,2017,0.011654127,B,B,4,915,0,900.0,0,0,B,140538.84186596528
7751,27,2,64.43782442464634,32.772431056458856,7.0,8,13,1977,0.017647053,B,B,2,469,0,900.0,0,0,B,213695.5228622702
15418,28,2,43.566384712621065,27.64058336578693,5.0,2,5,1966,0.118537385,B,B,30,6207,1,1183.0,1,0,B,180017.6401400521
269,72,2,43.513289771860215,31.630247170939107,5.0,5,5,1960,0.210473241,B,B,11,2398,2,1994.0,3,0,B,189041.86399304864
9075,46,1,35.19326540705193,22.603001191794416,5.0,3,5,1967,0.188783766,B,B,31,6137,4,900.0,0,1,B,151013.88888386858
9636,145,2,52.76831244465046,34.337995807396545,9.0,11,17,2005,0.246031548,B,A,22,3151,4,2715.0,3,3,B,180385.5748261596
13367,17,2,56.67304415277203,40.75332670087315,8.0,2,9,1957,0.0,B,B,25,5027,4,46.0,1,1,B,235786.10797822982
8808,119,2,46.198854171111,32.8420639512144,5.0,2,5,1963,0.000995363,B,B,42,7651,1,900.0,1,5,B,173398.80020973316
3260,0,2,43.48937802703388,25.097347137255483,5.0,1,5,1962,0.319809354,B,B,25,4756,16,2857.0,5,8,B,179203.5729674581
13959,52,1,41.268566689764775,32.772431056458856,10.0,7,17,2016,0.371148999,B,B,34,7065,1,750.0,2,5,B,120906.45280076754
13741,107,3,86.76088787005968,57.66684797307979,9.0,9,9,1961,0.174739084,B,B,17,3379,9,100.0,0,3,B,377839.8391935609
8198,27,3,49.055051590474775,32.37748268645575,6.0,19,25,2015,0.072157581,B,B,2,629,1,900.0,0,0,A,177730.9452110611
5957,99,1,38.65885932064208,15.68550783079715,9.0,3,17,2002,0.012338886,B,B,35,5776,1,2078.0,2,4,B,161728.9960429282
14778,32,2,57.81089735079002,35.55841295156005,10.0,18,22,2004,0.135649789,B,B,46,7960,6,350.0,3,11,B,255823.832012579
1202,26,1,42.88195197176105,25.75870380324873,6.0,2,12,1966,0.0,B,B,36,6714,2,2672.0,0,2,B,165849.3113118195
2547,67,2,45.60113015459636,27.00292066617168,6.0,2,9,1975,0.100455735,B,B,43,7227,0,900.0,1,6,A,189863.37431445174
12749,21,2,49.01197643712825,27.98019469201397,5.0,5,5,1969,0.194489265,B,B,47,8004,3,125.0,3,5,B,173744.27361876745
9547,8,1,31.20241471022778,20.416058214796795,5.0,5,5,1965,0.092290642,B,B,21,4346,2,165.0,1,2,B,149686.2519721605
12617,104,1,30.37664411722465,20.208388643042117,5.0,9,9,1967,0.327018035,B,B,12,2270,23,2500.0,1,0,B,155772.9915453088
2606,124,2,62.6282500703456,37.62366396700681,7.0,13,15,1978,0.122090347,B,B,29,6566,7,1894.0,4,0,B,278022.9665848449
1350,48,3,97.9307473968295,94.97939621861724,1.0,1,1,2017,0.041124634,B,B,46,9515,5,900.0,1,10,B,424460.72830240586
822,69,1,39.70826460581365,23.17077515431386,10.0,12,16,1978,0.000991363,B,B,33,6783,3,900.0,1,9,B,179027.01852548783
2778,99,1,56.233048668067006,31.680272117066487,11.0,4,16,1978,0.033493708,B,B,66,10573,1,1322.0,3,8,B,165878.8846237657
4870,9,2,45.29117347113748,29.16548456137612,5.0,6,9,1975,0.13012277,B,B,8,1986,0,900.0,0,0,B,203540.9879379777
1985,10,2,45.44925461984497,27.5181837263328,6.0,4,12,1973,0.089039719,B,B,33,7976,5,900.0,0,11,B,204775.05444002376
12634,84,2,42.46563588735405,25.74289376943895,5.0,5,5,1960,0.006076152,B,B,30,5285,0,645.0,6,6,B,193533.43378351
7494,1,2,65.32888196876655,32.772431056458856,10.0,3,17,2015,0.007122317,B,B,1,264,0,900.0,0,1,B,199199.7721888671
10397,27,3,65.36041675560371,65.36041675560371,1.0,1,1,1977,0.072157581,B,B,2,629,1,900.0,0,0,A,131934.27563607378
3184,130,2,43.67920285966481,26.449554113111247,6.0,7,16,1968,0.21843974,B,B,21,4472,6,1450.0,4,7,A,211534.7697637101
875,1,1,50.745034599622976,32.772431056458856,1.0,12,17,1977,0.007122317,B,B,1,264,0,900.0,0,1,B,168415.75941336143
4425,138,2,43.41977960119376,30.62710727151296,5.0,5,5,1962,0.195781053,B,B,23,5212,6,900.0,3,2,B,186952.6084764233
6285,69,2,45.05127656505023,31.792576378443755,6.0,12,12,1971,0.000991363,B,B,33,6783,3,900.0,1,9,B,205632.8707971236
10272,9,3,77.67927907920622,45.32494510197428,10.0,3,14,1992,0.161531741,B,B,25,5648,1,30.0,2,4,B,358057.2396233866
4413,128,1,39.86729620826453,23.89162357264414,8.0,4,9,1991,0.0,B,B,27,4798,0,30.0,2,8,B,172047.00555092818
10671,152,2,71.72916404987822,44.32213937026239,8.0,9,14,1971,0.042031587,B,B,37,6856,84,1940.0,2,5,B,298642.0834364063
16477,30,2,67.25334974560576,32.772431056458856,1.0,5,12,2013,7.81528e-05,B,B,22,6398,141,1046.0,3,23,B,188105.29771049198
6068,57,2,55.62042545175433,32.64952237937902,8.0,9,16,1980,0.133215333,B,B,49,11395,3,1406.0,3,4,A,230436.29151094268
3085,46,2,64.32753375258308,36.8394930985334,12.0,14,17,2004,0.188783766,B,B,31,6137,4,900.0,0,1,B,250260.6524664225
5694,23,1,43.58226409307986,32.772431056458856,1.0,5,17,1977,0.075778755,B,B,6,1437,3,900.0,0,2,B,131834.08682324123
13369,2,1,38.74085186671215,20.62711109181366,9.0,3,12,1967,0.0,B,B,33,7425,1,900.0,2,5,B,174857.6767091505
7268,14,2,66.47972316303448,64.169820037615,10.0,14,17,2017,0.042031587,B,B,37,6856,84,1940.0,2,5,B,198210.4158467597
10542,27,1,67.26456239813952,62.509498735414965,12.0,17,17,2015,0.072157581,B,B,2,629,1,900.0,0,0,A,231523.08487761577
5755,180,2,68.4487828980041,44.54843349938272,7.0,7,7,1929,0.037316452,B,B,32,6748,93,562.0,4,10,B,329459.29240563745
5152,23,1,36.3304266108813,36.3304266108813,6.233004930000002,4,4,1977,0.034656082,B,B,0,168,0,900.0,0,0,B,99987.03704898017
12310,48,2,81.10708742233139,81.10708742233139,1.0,1,1,2015,0.041124634,B,B,46,9515,5,900.0,1,10,B,307136.6386966073
7778,5,2,43.41816938063175,21.590298239277963,9.0,2,7,1960,0.150817539,B,B,16,3433,4,2643.0,4,5,B,184684.95322165993
12539,74,2,82.91900803712005,32.772431056458856,6.233004930000002,7,13,1977,0.075778755,B,B,6,1437,3,900.0,0,2,B,240875.55915938359
13140,20,2,55.82361543646923,34.8230559652618,9.0,4,12,1984,0.019508796,B,B,37,7687,11,176.0,5,5,B,233944.6396562308
2991,48,3,96.99525962639784,32.772431056458856,1.0,24,25,2017,0.041124634,B,B,46,9515,5,900.0,1,10,B,283029.25424509426
6763,57,3,72.10737825080244,42.69679339898301,10.0,14,14,2000,0.407276235,A,B,9,1768,0,370.0,0,0,A,342274.3056849524
9780,153,3,81.41855188888894,48.5060919782026,8.0,8,14,1997,0.033493708,B,B,66,10573,1,1322.0,3,8,B,327667.2417591672
14402,39,2,46.97752092990465,28.85556723607204,5.0,4,14,1976,0.428825818,B,B,25,5011,8,730.0,0,2,B,203237.41995808325
12143,93,1,43.96105882146541,20.1719291144914,8.0,6,16,2004,0.050900058,B,B,43,10621,1,30.0,2,3,B,177595.50813321353
15306,1,2,54.29392516937747,32.772431056458856,6.233004930000002,3,17,1977,0.007122317,B,B,1,264,0,900.0,0,1,B,128472.23622135428
6408,23,3,74.175278869417,45.36542478173976,10.0,4,5,1995,0.014333947,B,B,2,528,0,0.0,0,0,B,341604.85114555096
14645,128,2,49.72210385405203,49.28254918021317,7.0,4,14,1995,0.0,B,B,27,4798,0,30.0,2,8,B,215830.45477273365
5708,45,2,61.91108021112278,59.83682623173718,10.0,14,24,2017,0.195781053,B,B,23,5212,6,900.0,3,2,B,230270.67904218077
4461,54,1,36.43088617628178,20.650500318559672,9.0,5,12,1967,0.006076152,B,B,30,5285,0,645.0,6,6,B,173680.7400497543
2649,79,1,46.14538172137318,43.34051026340398,10.0,23,25,2015,0.307466659,B,A,30,5048,9,325.0,2,5,B,202070.95102239613
10758,73,2,72.30896949540383,72.30896949540383,1.0,8,17,2014,0.042031587,B,B,37,6856,84,1940.0,2,5,B,235255.41520141318
2495,47,1,34.06686542417438,18.096961100651004,6.0,7,12,1978,0.101872465,B,B,23,4583,3,900.0,3,3,B,161391.4770062483
12117,57,3,59.76009197453868,40.077613335094775,5.0,9,9,1970,0.133215333,B,B,49,11395,3,1406.0,3,4,A,232388.4682657833
6946,85,2,46.06167887246925,30.61073204554912,6.0,3,9,1976,0.037177818,B,B,52,11217,1,2300.0,1,7,B,181609.09262798078
12901,9,1,45.56589005792058,18.13823062534218,8.0,11,14,1991,0.136244425,B,B,11,2370,0,900.0,0,1,B,160065.3239738595
15637,64,1,40.349311707958535,22.531265855084147,8.0,4,17,1987,0.135649789,B,B,46,7960,6,350.0,3,11,B,175669.65818684312
625,137,2,55.47854373000224,35.67238760012554,8.0,3,7,1959,0.049863387,B,B,18,3746,9,75.0,3,1,B,270073.8995555734
3028,9,1,43.34834794254378,32.772431056458856,6.233004930000002,16,17,2015,0.161531741,B,B,25,5648,1,30.0,2,4,B,129600.97174652584
12041,27,1,45.10934585879581,38.51001691777524,11.0,13,13,1977,0.017647053,B,B,2,469,0,900.0,0,0,B,161378.0513952116
4885,11,1,44.350480760038224,42.958374153890304,6.233004930000002,2,4,1977,0.012338886,B,B,35,5776,1,2078.0,2,4,B,118933.78733182208
7232,27,1,55.606168312354605,28.62109468581192,11.0,3,16,2003,0.07542368,B,B,11,3097,0,900.0,0,0,B,206474.38943618373
1897,58,3,64.30774076757892,45.81093578094347,6.0,5,9,1966,0.1489038909999999,B,B,9,1952,1,1430.0,3,2,B,237889.7566061019
10380,53,2,47.919918217055645,31.457344597737123,6.0,9,9,1972,0.313924552,B,B,22,4625,11,3855.0,2,10,B,208442.07048192772
13762,1,1,37.664475316759685,32.772431056458856,1.0,17,17,1977,0.007122317,B,B,1,264,0,900.0,0,1,B,123480.47781837797
12954,1,1,42.2470826240416,42.2470826240416,1.0,11,17,1977,0.007122317,B,B,1,264,0,900.0,0,1,B,139290.0714064889
7621,27,2,59.458718996718005,32.772431056458856,1.0,13,13,1977,0.072157581,B,B,2,629,1,900.0,0,0,A,205814.99525693138
5067,3,2,43.608366163549405,29.31061990961503,5.0,2,5,1965,0.265088676,B,B,37,5288,0,1937.0,3,2,B,181720.06099895432
1851,27,2,57.34598067743663,54.71613731895439,6.233004930000002,9,9,1977,0.011654127,B,B,4,915,0,900.0,0,0,B,173747.80761753782
5042,58,1,47.7695512582566,32.772431056458856,12.0,11,13,1977,0.43788524,B,B,23,5735,3,1084.0,0,5,B,183620.30581856993
5170,34,2,65.42378286805139,65.42378286805139,1.0,15,25,2017,0.069753361,B,B,53,13670,4,900.0,1,11,B,199602.9984173952
5454,1,1,48.32557436610471,32.772431056458856,1.0,12,17,1977,0.007122317,B,B,1,264,0,900.0,0,1,B,155617.7892358091
4423,10,2,47.37366418724793,31.472700288750392,6.0,7,9,1972,0.089039719,B,B,33,7976,5,900.0,0,11,B,206902.26747996188
9137,128,2,62.5326515251098,34.40431478958896,13.0,13,17,2003,0.0,B,B,27,4798,0,30.0,2,8,B,173562.20544234567
1200,86,1,32.61792029301559,17.918620211329795,7.0,8,12,1976,0.161975568,B,A,31,7010,5,4508.0,3,7,B,174902.75831332267
1134,27,2,69.88461100475641,32.772431056458856,1.0,9,17,1977,0.072157581,B,B,2,629,1,900.0,0,0,A,213842.54716554537
2363,63,3,80.20048733903279,49.13626988535694,10.0,4,17,1989,0.23861713,B,B,26,3889,6,705.0,3,6,B,320217.1648455329
8946,8,1,42.62844588322668,19.76114666299162,8.0,16,17,2002,0.43788524,B,B,23,5735,3,1084.0,0,5,B,178232.38175609338
10223,74,1,56.72658939435873,56.14668220711413,1.0,1,1,2015,0.075778755,B,B,6,1437,3,900.0,0,2,B,231490.55704584598
834,45,2,66.31442151216207,32.772431056458856,1.0,7,17,2014,0.195781053,B,B,23,5212,6,900.0,3,2,B,191887.2032818851
14667,121,2,44.75828561871543,31.59049584549052,5.0,1,5,1967,0.212515361,B,B,19,3293,16,628.0,3,7,B,180499.52263968028
15963,48,1,43.21995087341279,21.92907163735461,8.0,14,14,1986,0.041124634,B,B,46,9515,5,900.0,1,10,B,173453.64929264682
14232,75,1,34.59139014753839,18.76559975769299,9.0,12,12,1970,0.307466659,B,A,30,5048,9,325.0,2,5,B,169684.60210378247
9549,39,1,32.157504028983944,22.040050958780387,6.0,1,4,1962,0.428825818,B,B,25,5011,8,730.0,0,2,B,129913.01197965902
16132,6,1,51.28350071444804,32.772431056458856,1.0,21,25,2016,0.243204519,B,B,5,1564,0,540.0,0,0,B,162931.71577706744
14712,12,3,81.59660202522781,81.59660202522781,1.0,9,17,2014,0.090799103,B,B,74,19083,2,900.0,5,15,B,218618.9116702616
4623,128,3,77.42607816233556,41.46441800460817,8.0,11,14,1991,0.0,B,B,27,4798,0,30.0,2,8,B,323448.0136489242
4089,6,3,103.92229104008298,32.772431056458856,6.233004930000002,23,25,1977,0.243204519,B,B,5,1564,0,540.0,0,0,B,274498.83282184607
16054,20,2,58.36126831035615,35.65718405447356,8.0,9,9,1978,0.019508796,B,B,37,7687,11,176.0,5,5,B,298969.0112410747
1805,94,3,76.75301077337636,47.12055747292247,10.0,13,16,1983,0.282797669,B,B,33,8667,2,900.0,0,6,B,325253.99452392163
1138,5,3,124.28521529591008,63.57902177817694,18.0,17,28,2013,0.150817539,B,B,16,3433,4,2643.0,4,5,B,376080.46566613094
12929,85,2,48.5871044312415,32.016526908014306,6.0,6,9,1980,0.037177818,B,B,52,11217,1,2300.0,1,7,B,207189.19325619112
7529,27,1,34.55990593118337,32.772431056458856,1.0,25,25,1977,0.072157581,B,B,2,629,1,900.0,0,0,A,129138.0041414504
15818,52,2,66.91844856273116,32.772431056458856,1.0,16,17,1977,0.371148999,B,B,34,7065,1,750.0,2,5,B,189275.78985622735
11222,6,3,81.11603548749538,32.772431056458856,1.0,5,17,1977,0.243204519,B,B,5,1564,0,540.0,0,0,B,234433.83910307812
923,28,2,52.996130316337215,31.356390225503542,8.0,12,12,1970,0.118537385,B,B,30,6207,1,1183.0,1,0,B,242141.678705014
10708,8,1,35.35794373564495,23.0388942667326,9.0,9,12,1969,0.458174486,B,A,26,4439,1,1130.0,1,5,B,172760.67428488273
8742,23,2,56.251690152923615,54.16006768538482,1.0,1,1,2015,0.034656082,B,B,0,168,0,900.0,0,0,B,159755.43302071578
648,6,3,81.9422912674556,32.772431056458856,6.233004930000002,5,17,1977,0.243204519,B,B,5,1564,0,540.0,0,0,B,227776.4222350477
5287,34,4,97.24141749093891,32.772431056458856,1.0,1,1,1977,0.069753361,B,B,53,13670,4,900.0,1,11,B,376241.21646390663
16378,53,2,57.76173196368583,32.772431056458856,1.0,19,19,1977,0.049637257,B,B,34,7759,0,229.0,1,3,B,231092.45771321445
9837,25,3,118.75438778381636,67.49633649811514,12.0,14,25,2011,0.069753361,B,B,53,13670,4,900.0,1,11,B,428530.3259706216
9653,78,1,39.05528928757781,21.9028674342744,7.0,17,17,2003,0.219006007,B,B,28,6746,3,900.0,1,4,B,173058.11640688096
6568,78,1,46.82720115434496,40.227011195202365,40.0,5,32,2007,0.219006007,B,B,28,6746,3,900.0,1,4,B,174481.43759675205
9930,105,2,47.01319227554733,31.01439224715279,5.0,8,12,1977,0.069660344,B,B,31,6119,4,900.0,1,2,B,207002.71290176405
1823,97,3,85.84651042964487,62.13924936025644,4.0,4,9,1941,0.306977489,B,B,27,5148,14,1575.0,5,7,B,255711.2917324076
3194,29,2,43.92698743317489,31.0287066937074,6.233004930000002,5,5,1964,0.086885265,B,B,10,2277,2,1547.0,0,0,B,192137.54563866276
13453,13,2,64.0284445542039,35.12994731406149,10.0,14,22,1998,0.090799103,B,B,74,19083,2,900.0,5,15,B,266034.78670415154
10226,45,1,43.83277011242043,32.772431056458856,1.0,1,1,1977,0.195781053,B,B,23,5212,6,900.0,3,2,B,136585.03034881732
10301,1,2,66.45040263724187,66.45040263724187,6.233004930000002,4,24,1977,0.007122317,B,B,1,264,0,900.0,0,1,B,198154.4750518006
1186,1,2,64.26638747004529,32.772431056458856,1.0,3,17,1977,0.007122317,B,B,1,264,0,900.0,0,1,B,183756.61481825172
12857,66,1,21.881589176008887,13.902905419614086,3.0,6,9,1973,0.161975568,B,A,31,7010,5,4508.0,3,7,B,122406.67373602503
4883,37,2,40.97698216374551,23.89123810476077,7.0,6,12,1969,0.122190486,B,B,25,4724,2,1308.0,1,3,B,181119.01143008497
2854,85,3,50.63727329233758,36.89680961334519,6.0,6,9,1979,0.037177818,B,B,52,11217,1,2300.0,1,7,B,210676.25962287292
16744,61,2,58.82480403733484,29.81780640169757,9.0,6,22,2012,0.300322518,B,B,52,10311,6,900.0,1,9,B,277929.087692154
6559,156,2,41.254053658023054,25.173372773289262,6.0,3,12,1966,0.007658515,B,B,35,7077,56,2301.0,3,19,B,182384.72840744094
1986,58,2,63.076112745202856,32.772431056458856,1.0,14,17,1977,0.43788524,B,B,23,5735,3,1084.0,0,5,B,184676.69298871697
11373,6,3,81.86683460288094,32.772431056458856,1.0,6,17,1977,0.243204519,B,B,5,1564,0,540.0,0,0,B,226649.42032527362
10019,101,1,41.92787017394517,23.462679560908672,9.0,14,14,1977,0.225824954,A,B,41,6558,7,1548.0,3,2,B,176608.8904213708
2322,84,1,34.57883772181403,18.139375892076853,6.0,3,5,1963,0.149666373,B,B,22,4789,2,4087.0,4,1,B,157071.71174606774
2214,34,1,44.534739144483005,40.77877476425483,6.233004930000002,3,25,2015,0.069753361,B,B,53,13670,4,900.0,1,11,B,159432.0232008177
8759,1,2,65.12149140755125,32.772431056458856,1.0,2,17,1977,0.007122317,B,B,1,264,0,900.0,0,1,B,183596.1263983771
12228,73,2,74.76070352620415,73.27969400365927,1.0,12,24,2017,0.042031587,B,B,37,6856,84,1940.0,2,5,B,309027.65452521556
9563,85,2,67.21484893833622,31.096261190293685,10.0,13,22,1990,0.037177818,B,B,52,11217,1,2300.0,1,7,B,264226.12218816474
7271,48,2,63.62405215546094,32.772431056458856,1.0,1,1,2016,0.041124634,B,B,46,9515,5,900.0,1,10,B,184603.13995211307
1161,27,1,41.88883468685247,32.772431056458856,1.0,1,1,2016,0.017647053,B,B,2,469,0,900.0,0,0,B,116109.2540881607
8436,27,3,75.65889624380469,75.65889624380469,10.0,8,17,2013,0.011654127,B,B,4,915,0,900.0,0,0,B,244911.74114901343
390,108,2,60.13418926048913,36.690519959947046,9.0,6,9,1961,0.0,B,B,23,3684,2,900.0,0,4,B,310051.3938317636
2238,53,1,40.445269304810864,22.45610071402421,9.0,11,14,1975,0.313924552,B,B,22,4625,11,3855.0,2,10,B,177260.0057406658
15247,148,2,74.0808834743752,32.772431056458856,1.0,1,1,1977,0.313924552,B,B,22,4625,11,3855.0,2,10,B,203307.1997584329
2728,44,1,20.011215114086724,14.116331663039222,4.0,7,9,1970,0.122190486,B,B,25,4724,2,1308.0,1,3,B,120599.98489698103
13277,32,2,41.43983211014564,27.04813003653353,6.0,12,14,1970,0.135649789,B,B,46,7960,6,350.0,3,11,B,201240.98749247097
6320,111,3,60.90588834095462,40.31475184332374,5.0,5,5,1969,0.135649789,B,B,46,7960,6,350.0,3,11,B,232100.70724813233
9152,1,3,87.92732662441912,45.85103534318839,10.0,12,16,2007,0.025609157,B,B,33,5261,0,240.0,3,1,B,350850.86018724483
14741,19,2,59.50181965533572,38.03602406647373,9.0,21,22,1997,0.000991363,B,B,33,6783,3,900.0,1,9,B,271270.2903070153
179,67,1,38.62207850058471,22.660020720092174,6.0,9,9,1978,0.100455735,B,B,43,7227,0,900.0,1,6,A,170240.57955323136
4699,53,3,75.48799646986704,47.22510528523176,10.0,5,17,1994,0.313924552,B,B,22,4625,11,3855.0,2,10,B,318869.3272496415
6726,27,2,57.817270687950526,32.772431056458856,1.0,1,1,1977,0.211401214,B,B,9,1892,0,900.0,0,1,B,201606.48026891303
12516,2,1,34.32040411603148,24.802507732913146,5.0,3,5,1964,0.0,B,B,33,7425,1,900.0,2,5,B,154634.233762746
12405,13,1,45.69287464374632,21.03287652531439,8.0,6,14,1997,0.090799103,B,B,74,19083,2,900.0,5,15,B,176667.64178810638
14354,1,3,81.59204078987732,32.772431056458856,1.0,6,17,1977,0.007122317,B,B,1,264,0,900.0,0,1,B,225480.87366721555
11036,9,3,84.94574249019662,51.95655722999655,8.0,5,14,1997,0.161531741,B,B,25,5648,1,30.0,2,4,B,347939.9838941367
3805,5,3,58.17201145809866,57.759613225904296,6.0,11,12,1983,0.150817539,B,B,16,3433,4,2643.0,4,5,B,226289.5902400965
12287,22,3,83.62629793628456,32.772431056458856,1.0,17,17,1977,0.118537385,B,B,30,6207,1,1183.0,1,0,B,238270.64436907988
13915,42,1,49.30857014138682,23.964360334437547,10.0,9,24,2006,0.158249043,B,B,21,5731,0,900.0,1,0,B,173334.33385680558
13935,141,1,36.7489653140182,20.626001391687662,6.0,4,5,1967,0.0006991189999999,B,B,14,3369,24,4129.0,0,3,B,148967.53177757192
4463,155,3,65.3932776018455,45.65928727714166,9.0,4,12,1966,0.042307271,B,B,17,2810,9,4849.0,3,6,B,292002.35463242716
14057,23,2,62.40394216792572,32.772431056458856,1.0,25,25,1977,0.075778755,B,B,6,1437,3,900.0,0,2,B,177374.3919989475
3897,27,2,68.42786121123918,64.098690321507,1.0,10,10,2015,0.01405792,B,B,1,290,0,900.0,0,0,B,216052.40662859485
13602,23,1,39.38476387458083,32.772431056458856,1.0,7,17,2016,0.034656082,B,B,0,168,0,900.0,0,0,B,130394.164975385
14652,58,2,69.72027887834821,32.772431056458856,1.0,10,12,1977,0.43788524,B,B,23,5735,3,1084.0,0,5,B,198543.572924088
6533,1,2,64.91958316061056,32.772431056458856,10.0,19,22,2019,0.007122317,B,B,1,264,0,900.0,0,1,B,239395.93568816115
5485,62,3,88.09888333422033,32.772431056458856,1.0,14,16,2015,0.072157581,B,B,2,629,1,900.0,0,0,A,255936.33693985298
5037,57,1,43.65228799732215,23.673360537108827,8.0,2,14,2003,0.133215333,B,B,49,11395,3,1406.0,3,4,A,171508.30059526206
2179,45,2,44.70570284141712,30.631689018304414,5.0,5,5,1965,0.195781053,B,B,23,5212,6,900.0,3,2,B,190890.54428780635
4786,85,3,58.53713595376765,40.659348598237074,6.0,4,9,1978,0.037177818,B,B,52,11217,1,2300.0,1,7,B,239263.1211423735
940,27,1,48.67477878990234,32.772431056458856,1.0,7,17,2016,0.072157581,B,B,2,629,1,900.0,0,0,A,155962.587430533
13801,23,1,41.88776945000716,32.772431056458856,1.0,7,17,1977,0.075778755,B,B,6,1437,3,900.0,0,2,B,126188.22980694013
2311,74,1,49.85051796701249,49.85051796701249,1.0,10,17,1977,0.075778755,B,B,6,1437,3,900.0,0,2,B,220937.81710920844
15753,96,2,60.773949636267616,36.112169344525405,10.0,3,9,2004,0.041116354,B,B,53,14892,4,900.0,1,4,B,252141.57318859405
7725,3,2,41.160202564792186,25.778366903345283,6.0,4,14,1971,0.050900058,B,B,43,10621,1,30.0,2,3,B,188818.2541538636
14405,49,2,40.072640287664335,25.84823010416485,7.0,4,12,1969,0.020741326,B,B,24,5613,5,1340.0,2,5,B,200955.69634658046
13461,147,2,47.63784857105846,33.15756478068653,5.0,5,5,1963,0.319809354,B,B,25,4756,16,2857.0,5,8,B,182362.41447889182
14096,160,2,44.05801391560108,30.961280146325628,6.0,1,9,1976,0.0,B,B,39,8647,0,810.0,0,5,B,185250.15196966112
15634,53,2,51.76466671542158,30.214645628848533,6.0,2,9,1973,0.049637257,B,B,34,7759,0,229.0,1,3,B,187073.26017924407
11208,61,2,48.83780425548026,30.087498639902428,6.0,6,9,1975,0.300322518,B,B,52,10311,6,900.0,1,9,B,201845.27152116425
8640,124,2,54.12333472739387,29.758644964113675,8.0,9,14,1977,0.122090347,B,B,29,6566,7,1894.0,4,0,B,233327.6698799487
13666,6,1,39.357527431807725,39.357527431807725,1.0,8,17,2015,0.243204519,B,B,5,1564,0,540.0,0,0,B,130188.10128315653
9169,77,1,38.486678350217744,19.52629004898488,9.0,8,16,1990,0.298204575,B,B,16,4048,3,900.0,1,3,B,189418.67612243153
5839,23,1,44.28046728110101,32.772431056458856,1.0,25,25,1977,0.075778755,B,B,6,1437,3,900.0,0,2,B,135250.58266390045
5936,88,1,34.11628023455804,19.37888987497864,6.0,12,12,1973,0.127375905,B,B,43,8429,3,900.0,3,9,B,164747.06961685803
8843,67,2,58.30182063638238,35.896350375769444,9.0,15,16,1977,0.0077202819999999,B,B,38,4788,2,900.0,0,4,B,267973.0521446957
10815,42,2,59.5596079977575,32.05103903351943,12.0,6,9,2005,0.158249043,B,B,21,5731,0,900.0,1,0,B,225020.3057747752
12717,56,2,48.85211455499908,30.114412127526432,6.0,6,12,1971,0.035145267,B,B,42,9292,3,2620.0,0,3,B,209085.21175441935
8548,66,2,79.64307024287552,43.83295794204053,8.0,6,6,1959,0.111627393,B,B,50,12238,8,1970.0,2,3,B,329443.9241260323
8230,75,1,33.00643187542832,19.747707903459247,6.0,5,9,1969,0.122090347,B,B,29,6566,7,1894.0,4,0,B,156077.1856977817
11321,3,2,55.064751745619965,37.29884271694743,10.0,1,12,1970,0.050900058,B,B,43,10621,1,30.0,2,3,B,226379.0047280933
9767,64,1,35.75003590027095,22.91234215199208,6.0,5,9,1968,0.135649789,B,B,46,7960,6,350.0,3,11,B,166063.28067052024
497,18,1,44.79381324648399,23.97331115777069,8.0,8,14,1987,0.0,B,B,30,5562,0,900.0,0,5,A,177197.16015111242
9143,101,1,32.317149088811654,22.382247518340144,5.0,9,9,1967,0.225824954,A,B,41,6558,7,1548.0,3,2,B,160910.85979636727
16166,31,2,88.18601207698258,54.253581569612805,16.0,31,40,2012,0.151346216,B,A,32,5889,10,830.0,4,1,B,361152.5167548947
15231,6,2,58.04727935600923,58.04727935600923,6.233004930000002,6,17,1977,0.243204519,B,B,5,1564,0,540.0,0,0,B,181257.90729054055
9568,140,2,45.10234107921121,28.385514061337485,6.0,5,5,1960,0.0,B,B,33,7425,1,900.0,2,5,B,210198.95002180475
13185,27,1,44.6359141728862,32.772431056458856,6.233004930000002,5,17,1977,0.072157581,B,B,2,629,1,900.0,0,0,A,125508.80504005928
3594,1,2,64.63412855828739,32.772431056458856,1.0,8,17,2018,0.007122317,B,B,1,264,0,900.0,0,1,B,187199.5851826696
5924,83,1,33.82542209161444,22.45127866699874,6.0,3,5,1960,0.0077202819999999,B,B,38,4788,2,900.0,0,4,B,153027.06882633653
2949,13,1,40.98328213991604,19.19828155783865,9.0,25,25,2002,0.090799103,B,B,74,19083,2,900.0,5,15,B,178579.06220115145
2762,54,2,52.91163583888264,29.82527567512377,8.0,8,9,1974,0.006076152,B,B,30,5285,0,645.0,6,6,B,246344.50290535472
2017,66,2,55.90456338055829,40.43309757701086,5.0,3,5,1965,0.161975568,B,A,31,7010,5,4508.0,3,7,B,230704.58735708156
11116,63,1,51.29329185342407,32.772431056458856,1.0,1,1,2018,0.23861713,B,B,26,3889,6,705.0,3,6,B,143815.9750665306
6626,6,1,80.63869819599688,32.772431056458856,1.0,1,1,1977,0.243204519,B,B,5,1564,0,540.0,0,0,B,236364.2154649428
13055,47,1,40.62391923102964,19.67222036737904,8.0,17,25,2010,0.101872465,B,B,23,4583,3,900.0,3,3,B,176862.64564421345
7852,21,2,39.77284511460617,24.88553056812051,7.0,6,9,1962,0.034331497,B,B,25,5487,3,900.0,0,4,B,223571.82623310704
7930,81,1,40.43689372741316,21.50679625676892,9.0,6,14,1973,0.006076152,B,B,30,5285,0,645.0,6,6,B,175710.9701223863
10694,23,2,54.24733604358449,32.772431056458856,1.0,9,12,1977,0.034656082,B,B,0,168,0,900.0,0,0,B,113369.82658134456
5922,67,3,71.8338652028187,40.89341966339873,8.0,4,16,1980,0.100455735,B,B,43,7227,0,900.0,1,6,A,271552.0668368037
9209,28,2,65.7739379744436,33.48860376496116,10.0,3,23,2005,0.333891544,B,B,30,6564,1,900.0,0,0,B,277573.1003295946
9278,61,2,51.12827687319889,34.33956345273305,6.0,9,12,1975,0.300322518,B,B,52,10311,6,900.0,1,9,B,205920.4437295377
1482,1,3,75.49803151907433,46.81412163084576,11.0,14,17,2013,0.007122317,B,B,1,264,0,900.0,0,1,B,329777.0937472072
5671,55,2,51.383348408088,33.30948686588327,8.0,6,10,1999,0.041365446,B,B,31,5569,0,900.0,1,4,B,220665.9047563578
10618,79,2,46.35763640044757,28.14498305075405,5.0,3,5,1969,0.307466659,B,A,30,5048,9,325.0,2,5,B,182633.5874748284
7303,109,1,34.6554168521149,20.430824143388516,5.0,5,5,1962,0.1363303,B,B,30,6141,10,262.0,3,6,B,158504.3986976518
13702,21,3,71.53277703786016,46.84258765529076,8.0,4,5,1963,0.149666373,B,B,22,4789,2,4087.0,4,1,B,292969.08771700715
6451,85,2,54.54417975062968,36.21229236031693,9.0,12,16,1981,0.037177818,B,B,52,11217,1,2300.0,1,7,B,258501.0815899778
1761,21,1,34.46598080533552,20.7475869872418,5.0,5,5,1962,0.034331497,B,B,25,5487,3,900.0,0,4,B,148538.78348883876
14567,85,3,81.70188328838806,32.772431056458856,1.0,1,1,1977,0.072157581,B,B,2,629,1,900.0,0,0,A,265134.9835704218
12064,6,2,65.89741617272568,32.772431056458856,1.0,1,1,2015,0.243204519,B,B,5,1564,0,540.0,0,0,B,215516.49444572092
8526,75,2,58.16283863494044,32.93785491135529,8.0,9,14,1971,0.307466659,B,A,30,5048,9,325.0,2,5,B,231640.6809483603
4270,1,1,45.91426626173156,32.772431056458856,1.0,8,24,1977,0.007122317,B,B,1,264,0,900.0,0,1,B,157556.70500014944
9845,95,1,33.39244554776787,25.61105523355923,5.0,5,9,1966,0.0006991189999999,B,B,14,3369,24,4129.0,0,3,B,162900.56758152443
15987,34,2,58.54791710431624,35.57074835920146,10.0,3,17,2001,0.069753361,B,B,53,13670,4,900.0,1,11,B,243819.75911087662
5923,98,1,38.6566738530624,19.604756428202958,7.0,10,17,2008,0.195781053,B,B,23,5212,6,900.0,3,2,B,180098.1705707438
13302,86,3,58.5296078680904,38.13873609796371,5.0,5,5,1962,0.161975568,B,A,31,7010,5,4508.0,3,7,B,233548.94308653247
16052,124,2,47.3914066089875,28.51194346660029,5.0,2,9,1966,0.16909109,B,B,19,3856,10,900.0,2,5,B,205453.7266951988
1613,3,2,61.290380030671976,61.290380030671976,11.0,3,16,2003,0.050900058,B,B,43,10621,1,30.0,2,3,B,189751.4537619952
7662,12,2,62.57150091787733,35.91679760349262,10.0,5,17,1986,0.090799103,B,B,74,19083,2,900.0,5,15,B,275882.3515095996
1705,62,2,75.82095887183974,32.772431056458856,6.233004930000002,8,13,1977,0.072157581,B,B,2,629,1,900.0,0,0,A,250450.13254625295
5845,111,1,33.984271075907024,22.95200251511988,5.0,4,5,1964,0.0,B,B,36,6714,2,2672.0,0,2,B,151751.20553163908
8873,74,1,51.16321388984122,16.111394279319388,13.0,12,17,2015,0.075778755,B,B,6,1437,3,900.0,0,2,B,153370.43204111862
2798,27,1,30.161022425479494,16.787412908779043,6.0,4,5,1974,0.211401214,B,B,9,1892,0,900.0,0,1,B,137773.01631981062
965,134,3,85.27412317511467,63.04105471130889,7.0,10,10,1974,0.049863387,B,B,18,3746,9,75.0,3,1,B,437601.3558741857
1355,99,2,44.13215080939988,30.6354586649973,5.0,3,9,1970,0.033493708,B,B,66,10573,1,1322.0,3,8,B,192543.53557220433
16596,53,1,37.92172578665009,23.00274034493492,6.0,8,9,1974,0.313924552,B,B,22,4625,11,3855.0,2,10,B,174095.13912713248
5296,52,1,44.44221774929364,44.44221774929364,6.233004930000002,5,17,1977,0.371148999,B,B,34,7065,1,750.0,2,5,B,142043.39045967377
14032,1,1,40.4056849936283,39.81045968982267,6.233004930000002,4,17,1977,0.007122317,B,B,1,264,0,900.0,0,1,B,135994.41029910286
2451,27,3,89.75467022293005,51.80666097404857,10.0,10,17,2012,0.07542368,B,B,11,3097,0,900.0,0,0,B,341495.32968891365
15949,3,2,52.60057700889544,30.10489740430389,8.0,8,14,1993,0.265088676,B,B,37,5288,0,1937.0,3,2,B,234724.90245195274
4393,155,3,78.92966137353633,53.51871850151787,6.0,3,5,1959,0.042307271,B,B,17,2810,9,4849.0,3,6,B,268490.08612920245
764,23,2,64.84457592399487,63.53210620373582,1.0,12,17,1977,0.075778755,B,B,6,1437,3,900.0,0,2,B,183931.8003225214
5317,111,1,38.82827010413164,23.493250908952646,7.0,16,17,2007,0.093442564,B,B,23,4635,5,3300.0,2,4,B,179753.19138734494
10610,185,1,38.21588171449643,20.535361647965274,7.0,8,17,2003,0.025609157,B,B,33,5261,0,240.0,3,1,B,178625.17471027587
10646,21,1,35.477759620461846,22.65600774925548,9.0,1,12,1970,0.194489265,B,B,47,8004,3,125.0,3,5,B,155953.19506860618
7695,101,2,35.765220624062465,21.994554707143536,5.0,3,5,1969,0.038692987,B,B,28,6533,1,1015.0,2,5,B,157721.00785331344
12743,27,1,40.40738968244303,32.772431056458856,6.233004930000002,9,13,1977,0.211401214,B,B,9,1892,0,900.0,0,1,B,123444.78470480052
1837,172,1,39.063098776449976,21.50142442572495,6.0,3,15,1975,0.0,B,B,7,1660,39,1786.0,1,5,B,165289.50703951804
10674,6,1,62.38667783947727,31.13131830882121,1.0,7,7,2016,0.243204519,B,B,5,1564,0,540.0,0,0,B,184554.4665802332
14979,167,2,41.67343955391698,23.7287153869714,7.0,9,9,1961,0.050272014,B,B,21,4231,14,1020.0,0,3,B,179566.88080986176
6683,9,3,87.91666659104847,32.772431056458856,1.0,1,1,1977,0.161531741,B,B,25,5648,1,30.0,2,4,B,254679.16576031
6587,52,2,64.60993058204129,63.33484751189442,1.0,14,17,1977,0.371148999,B,B,34,7065,1,750.0,2,5,B,184800.70308668714
7266,61,1,36.12346824080775,19.68352792763189,6.0,4,9,1978,0.300322518,B,B,52,10311,6,900.0,1,9,B,163765.6079109898
10136,1,1,39.188428063995865,32.772431056458856,1.0,7,17,1977,0.007122317,B,B,1,264,0,900.0,0,1,B,130089.30316135261
1048,1,2,65.36283658473874,32.772431056458856,1.0,12,17,1977,0.007122317,B,B,1,264,0,900.0,0,1,B,185614.04201647398
4677,9,2,63.09718783924168,32.772431056458856,1.0,12,18,1977,0.161531741,B,B,25,5648,1,30.0,2,4,B,185492.68997544647
6976,120,2,82.76172045345021,32.772431056458856,1.0,1,1,1977,0.341071945,B,B,27,5664,48,2300.0,3,11,B,267265.1400356291
8120,55,1,39.34702023520798,23.735746674992967,8.0,3,14,1992,0.041365446,B,B,31,5569,0,900.0,1,4,B,172488.71233652675
7461,25,3,76.7904083005956,48.05274329645112,10.0,17,17,1995,0.069753361,B,B,53,13670,4,900.0,1,11,B,325984.9184067328
4229,110,1,41.92652687540213,24.40499919796227,10.0,14,18,1996,0.033493708,B,B,66,10573,1,1322.0,3,8,B,150220.78640836957
15983,6,1,43.68624611673644,32.772431056458856,6.233004930000002,16,17,1977,0.243204519,B,B,5,1564,0,540.0,0,0,B,129652.1469473483
7147,45,2,71.00263442408071,71.00263442408071,1.0,10,22,1977,0.195781053,B,B,23,5212,6,900.0,3,2,B,247998.99555080186
10409,1,3,82.27655430292491,80.03779867519758,1.0,13,17,2018,0.007122317,B,B,1,264,0,900.0,0,1,B,231452.22686885428
4041,1,2,65.75952781184333,32.772431056458856,1.0,10,17,1977,0.007122317,B,B,1,264,0,900.0,0,1,B,187581.6640289512
4431,86,2,53.95581651469328,34.828069723947884,9.0,4,12,1976,0.161975568,B,A,31,7010,5,4508.0,3,7,B,237199.13633462018
3196,27,3,105.95036744135317,32.772431056458856,1.0,3,6,1977,0.07542368,B,B,11,3097,0,900.0,0,0,B,230547.1488385451
9825,1,3,78.95747310077583,78.95747310077583,6.233004930000002,16,17,1977,0.007122317,B,B,1,264,0,900.0,0,1,B,230128.12100338883
3284,93,1,40.727082419058334,24.11235097238164,8.0,4,12,1984,0.050900058,B,B,43,10621,1,30.0,2,3,B,174736.41952451892
3838,91,1,35.42188616078273,22.464262983375303,5.0,2,9,1967,0.000995363,B,B,42,7651,1,900.0,1,5,B,160119.55603202814
9183,94,2,47.40466020847075,28.04116372102588,6.0,6,9,1975,0.521867054,B,B,25,6149,0,900.0,0,0,B,204272.29833326332
8100,94,2,63.1161577577037,33.12362698417781,9.0,7,16,1973,0.282797669,B,B,33,8667,2,900.0,0,6,B,259129.1813921516
4922,83,1,42.30075235549632,21.66178057504165,8.0,6,12,1976,0.0077202819999999,B,B,38,4788,2,900.0,0,4,B,176281.02872754622
10798,23,3,69.58489082726886,32.772431056458856,1.0,1,3,1977,0.005767451,B,B,1,388,0,900.0,0,0,B,156686.62289037107
2873,6,3,77.93759822551998,32.772431056458856,6.233004930000002,12,13,1977,0.243204519,B,B,5,1564,0,540.0,0,0,B,247874.60634435382
1952,75,1,36.85095067326776,24.718960258431245,9.0,6,12,1972,0.307466659,B,A,30,5048,9,325.0,2,5,B,169410.77317483892
6474,114,1,33.997125361738256,24.840236858459956,5.0,3,5,1961,0.327018035,B,B,12,2270,23,2500.0,1,0,B,155577.47889511357
12695,1,2,65.44610341363652,32.772431056458856,1.0,7,17,1977,0.007122317,B,B,1,264,0,900.0,0,1,B,186675.87001483858
16195,1,1,39.37168113402182,32.772431056458856,1.0,7,17,1977,0.007122317,B,B,1,264,0,900.0,0,1,B,130421.25168607396
237,9,3,66.23662567027885,46.52448325137861,6.0,4,9,1972,0.31019913,B,B,11,2748,1,900.0,0,0,B,289666.02593544056
13952,57,2,47.98509372326831,28.684639849068045,5.0,2,5,1972,0.133215333,B,B,49,11395,3,1406.0,3,4,A,189150.92183265835
11350,32,1,37.362347202556855,15.591407964282716,13.0,19,25,2015,0.135649789,B,B,46,7960,6,350.0,3,11,B,146096.20450319187
946,18,1,44.76991680609955,23.175812118735,8.0,14,14,1988,0.0,B,B,30,5562,0,900.0,0,5,A,171632.60184917125
5985,66,1,24.17051141938789,12.63294580460054,3.0,9,9,1973,0.161975568,B,A,31,7010,5,4508.0,3,7,B,126303.94896664216
16427,83,2,45.515496284427925,29.351647023550072,5.0,3,9,1976,0.0077202819999999,B,B,38,4788,2,900.0,0,4,B,190601.3914984934
13937,30,2,64.76318145209842,32.772431056458856,1.0,9,17,1977,7.81528e-05,B,B,22,6398,141,1046.0,3,23,B,188359.09309965814
876,55,1,38.47734324565155,22.510626753619174,8.0,11,17,1989,0.041365446,B,B,31,5569,0,900.0,1,4,B,179093.0659216774
14371,9,1,37.47855195742446,19.48252568606461,7.0,15,17,1993,0.069753361,B,B,53,13670,4,900.0,1,11,B,190841.1316083087
5527,132,1,39.84276864672242,20.437384539790543,10.0,22,22,1988,0.007658515,B,B,35,7077,56,2301.0,3,19,B,181743.44295308835
9220,58,1,41.303321905352725,21.01621457473557,8.0,11,12,1982,0.1489038909999999,B,B,9,1952,1,1430.0,3,2,B,180114.01299553792
11726,44,1,37.03592832482166,17.191679700835255,7.0,6,14,1975,0.036122292,B,B,24,4378,0,1036.0,1,1,B,164732.4411054469
2966,9,3,81.24049765557113,32.772431056458856,1.0,1,1,1977,0.161531741,B,B,25,5648,1,30.0,2,4,B,255980.37989104196
12725,61,1,35.86816577872149,24.79734269622739,6.0,7,9,1977,0.300322518,B,B,52,10311,6,900.0,1,9,B,167489.76941172263
12457,30,2,62.31742242943879,32.772431056458856,1.0,1,1,2015,7.81528e-05,B,B,22,6398,141,1046.0,3,23,B,221978.26194981395
16515,27,1,52.6927436788185,32.772431056458856,6.233004930000002,8,13,1977,0.072157581,B,B,2,629,1,900.0,0,0,A,155560.8804992371
10969,62,1,42.67726304920691,42.67726304920691,10.0,3,17,2016,0.072157581,B,B,2,629,1,900.0,0,0,A,125923.8751316132
12647,46,2,53.916266276538245,32.78122611431102,8.0,12,12,1981,0.0,B,B,47,11319,0,1145.0,3,5,B,232864.2377981437
3926,31,2,51.12102137952372,32.2884484675867,8.0,9,16,1984,0.151346216,B,A,32,5889,10,830.0,4,1,B,255750.52073304544
4302,23,2,59.28841480323838,32.772431056458856,1.0,4,17,1977,0.075778755,B,B,6,1437,3,900.0,0,2,B,172121.88010086914
2508,1,2,62.83873209638721,32.772431056458856,1.0,16,17,1977,0.007122317,B,B,1,264,0,900.0,0,1,B,185482.31955757548
8718,6,2,64.24151723102922,33.37158667212116,12.0,6,17,1977,0.243204519,B,B,5,1564,0,540.0,0,0,B,295069.5585782639
7678,48,2,47.96304828556519,31.947822573164487,6.0,8,12,1979,0.041124634,B,B,46,9515,5,900.0,1,10,B,209383.96941806044
12912,134,2,64.71121973020472,62.19484091633999,1.0,3,17,2017,0.212515361,B,B,19,3293,16,628.0,3,7,B,180972.9568184936
5935,119,1,40.474493596525015,19.95855187800395,7.0,5,17,2004,0.033493708,B,B,66,10573,1,1322.0,3,8,B,177584.2825759423
4634,22,1,42.441934109205775,32.772431056458856,6.233004930000002,5,17,1977,0.118537385,B,B,30,6207,1,1183.0,1,0,B,131815.95285457722
6208,90,1,44.827681736643534,20.377861178948454,10.0,10,24,2010,0.246031548,B,A,22,3151,4,2715.0,3,3,B,203572.13663252737
7833,39,2,43.559573553003865,27.67972125737875,6.0,1,5,1965,0.428825818,B,B,25,5011,8,730.0,0,2,B,180714.17900775524
6449,23,2,62.15000161643722,32.772431056458856,1.0,14,24,1977,0.034656082,B,B,0,168,0,900.0,0,0,B,205294.54743028927
10692,30,2,66.00415766822519,32.772431056458856,1.0,3,17,1977,7.81528e-05,B,B,22,6398,141,1046.0,3,23,B,182675.80988798745
2676,37,1,40.660754920477984,22.73838135672151,8.0,8,14,1978,0.127811589,B,B,28,7287,5,320.0,1,3,B,181363.10138236306
6723,6,2,62.939308774026365,62.939308774026365,1.0,10,17,2017,0.243204519,B,B,5,1564,0,540.0,0,0,B,219475.98506553087
16727,6,3,76.82031094337486,43.19516397854557,12.0,15,17,2008,0.243204519,B,B,5,1564,0,540.0,0,0,B,356029.64270141994
5356,90,2,47.09590989900271,30.98678408880363,6.0,1,5,1968,0.265088676,B,B,37,5288,0,1937.0,3,2,B,197803.44408850573
13386,21,2,40.16868497198816,25.214586816843905,7.0,7,9,1966,0.034331497,B,B,25,5487,3,900.0,0,4,B,223452.35245566326
7813,124,1,38.4533939307614,22.61404926906141,9.0,5,14,1961,0.16909109,B,B,19,3856,10,900.0,2,5,B,175343.96490085506
16321,75,1,32.2283653750775,32.2283653750775,5.0,4,5,1977,0.122090347,B,B,29,6566,7,1894.0,4,0,B,124781.8040417872
5500,88,1,40.09352478638081,24.374882199645768,8.0,3,12,1981,0.127375905,B,B,43,8429,3,900.0,3,9,B,166953.31634026577
1917,102,3,67.96493359177495,49.797929941249,7.0,9,16,1989,0.23861713,B,B,26,3889,6,705.0,3,6,B,295571.19026860764
11065,3,2,48.47398458140175,32.727960815080465,5.0,4,12,1972,0.265088676,B,B,37,5288,0,1937.0,3,2,B,201926.80465881445
2809,1,2,66.7013765066363,32.772431056458856,1.0,17,17,1977,0.007122317,B,B,1,264,0,900.0,0,1,B,188943.69910441746
4220,96,3,72.2771063144917,45.96875827731828,9.0,17,17,1997,0.041116354,B,B,53,14892,4,900.0,1,4,B,327773.5206241818
16412,21,1,37.68122772866476,22.9679619722236,7.0,15,17,2007,0.034331497,B,B,25,5487,3,900.0,0,4,B,178416.7340482702
14670,88,2,49.50316481871207,33.17657092562873,9.0,7,12,1973,0.127375905,B,B,43,8429,3,900.0,3,9,B,237913.4936081111
12787,129,1,39.34314978631932,21.02378501374742,8.0,4,5,1961,0.020741326,B,B,24,5613,5,1340.0,2,5,B,174136.57378229473
3843,20,2,38.476694797277176,23.750168536329163,6.0,12,12,1966,0.019508796,B,B,37,7687,11,176.0,5,5,B,194532.4296479044
5953,86,3,68.09305961156245,45.60109727430164,7.0,12,12,1973,0.161975568,B,A,31,7010,5,4508.0,3,7,B,282680.0478956106
16182,18,3,80.78475292627712,52.12130941476329,8.0,4,8,1985,0.0,B,B,30,5562,0,900.0,0,5,A,433713.7740114103
1406,53,2,57.34953563743307,57.34953563743307,10.0,7,19,2013,0.049637257,B,B,34,7759,0,229.0,1,3,B,217815.72834600843
16382,23,3,71.36531154828594,71.36531154828594,6.233004930000002,3,3,1977,0.005767451,B,B,1,388,0,900.0,0,0,B,140717.01891867619
11650,9,3,82.55532158508764,47.2817089291425,8.0,14,14,1992,0.161531741,B,B,25,5648,1,30.0,2,4,B,328776.07345691405
721,29,1,39.24073097663606,21.31060259811018,6.0,5,5,1954,0.069660344,B,B,31,6119,4,900.0,1,2,B,156366.96349169622
11045,95,1,46.78767674845995,32.772431056458856,6.233004930000002,5,13,1977,0.0006991189999999,B,B,14,3369,24,4129.0,0,3,B,167503.8966203945
14478,11,1,39.23156612445212,22.11226901924866,10.0,11,12,1967,0.038692987,B,B,28,6533,1,1015.0,2,5,B,174882.89140129206
9214,41,3,64.03553229634291,43.44466553890496,8.0,7,9,1978,6.99893e-05,B,B,46,10309,1,240.0,1,16,B,282328.4010615697
8615,30,2,57.605427598935286,32.772431056458856,1.0,5,19,1977,7.81528e-05,B,B,22,6398,141,1046.0,3,23,B,195509.35050558072
8334,34,2,56.9462628298939,32.07274432770187,9.0,9,17,2000,0.069753361,B,B,53,13670,4,900.0,1,11,B,253215.50054066748
3389,24,2,79.62442841323472,32.772431056458856,10.0,28,31,1977,0.111627393,B,B,50,12238,8,1970.0,2,3,B,323951.80076154333
2681,27,1,43.741749881398135,32.772431056458856,1.0,5,17,2016,0.211401214,B,B,9,1892,0,900.0,0,1,B,131907.98308723234
2373,18,2,64.30447271246891,35.55090165639562,10.0,4,17,1991,0.0,B,B,30,5562,0,900.0,0,5,A,249768.16270430063
6031,45,1,40.49560464420615,20.5429649744386,9.0,14,14,1971,0.014423114,B,B,19,3806,4,900.0,0,3,B,176750.12123458873
2452,86,1,36.91668454287291,21.385127571564823,8.0,3,4,1962,0.161975568,B,A,31,7010,5,4508.0,3,7,B,164575.31651025996
14305,144,2,45.22302921034439,29.86637283309155,6.0,3,5,1966,0.306977489,B,B,27,5148,14,1575.0,5,7,B,186273.55922352165
9484,8,2,47.99687247107247,29.968061351153747,5.0,11,12,1968,0.43788524,B,B,23,5735,3,1084.0,0,5,B,207990.74992408606
862,9,2,58.54251794753017,34.57981780836462,12.0,8,14,2004,0.13012277,B,B,8,1986,0,900.0,0,0,B,199487.4072925116
3422,52,2,93.73749747562552,41.714532038472974,15.0,8,25,2010,0.371148999,B,B,34,7065,1,750.0,2,5,B,299185.28475149383
304,96,2,61.94830652716743,35.60400158485598,10.0,14,17,1995,0.041116354,B,B,53,14892,4,900.0,1,4,B,259003.12749546266
7697,98,3,107.34229261327287,53.45225104395614,12.0,6,23,2006,0.195781053,B,B,23,5212,6,900.0,3,2,B,443064.0245124891
16394,23,1,53.77527789755955,32.772431056458856,1.0,3,4,1977,0.014072961,B,B,2,475,0,900.0,0,0,B,133178.26650397127
2882,170,2,49.54985495264384,30.55279559526602,7.0,8,8,1961,0.21843974,B,B,21,4472,6,1450.0,4,7,A,303690.7906293787
5600,21,2,49.94171705426886,31.238350036293483,6.0,7,9,1990,0.194489265,B,B,47,8004,3,125.0,3,5,B,211519.31663254485
13649,35,2,48.2197400784446,31.283301798479208,6.0,5,9,1971,0.089039719,B,B,33,7976,5,900.0,0,11,B,200051.31553469892
3440,37,2,47.69532720632525,28.723563290020746,5.0,5,5,1964,0.178916796,B,B,18,3594,4,192.0,1,5,B,184930.20743935145
12920,23,1,39.61042601401912,38.18757082546683,1.0,6,18,2013,0.034656082,B,B,0,168,0,900.0,0,0,B,146466.4722381891
13733,58,2,51.55587134432648,32.09611426304366,6.0,3,9,1970,0.1489038909999999,B,B,9,1952,1,1430.0,3,2,B,191629.23209666272
3106,90,2,45.08477933605608,25.394457594820256,5.0,7,14,1972,0.246031548,B,A,22,3151,4,2715.0,3,3,B,206094.8944592875
5959,53,2,48.97818461933336,44.35347426548783,5.0,6,9,1964,0.049637257,B,B,34,7759,0,229.0,1,3,B,204738.86026356445
7748,6,3,83.62196534271982,32.772431056458856,1.0,1,1,1977,0.243204519,B,B,5,1564,0,540.0,0,0,B,288078.0333609195
6345,30,1,38.77239697638473,32.772431056458856,1.0,5,17,1977,7.81528e-05,B,B,22,6398,141,1046.0,3,23,B,132127.1819640911
14551,52,1,45.067034207357786,23.26893055584684,8.0,14,14,1990,0.371148999,B,B,34,7065,1,750.0,2,5,B,169553.43741233155
9496,145,2,63.8612903662488,36.346573640144406,12.0,13,17,2004,0.246031548,B,A,22,3151,4,2715.0,3,3,B,228685.59445727215
7180,34,3,82.86521383339634,82.86521383339634,10.0,25,25,2016,0.069753361,B,B,53,13670,4,900.0,1,11,B,354307.0730286807
7883,1,2,66.12617329876386,32.772431056458856,1.0,13,17,1977,0.007122317,B,B,1,264,0,900.0,0,1,B,188779.31175287988
5875,29,1,37.61627212718341,17.43221701777812,8.0,2,9,1968,0.069660344,B,B,31,6119,4,900.0,1,2,B,176807.57898854133
5126,64,3,69.13093951777222,45.00084095493787,1.0,3,9,1970,0.135649789,B,B,46,7960,6,350.0,3,11,B,152358.21826994861
15605,74,2,56.68782922824636,33.78079956958482,9.0,4,17,1991,0.371148999,B,B,34,7065,1,750.0,2,5,B,256310.2603249108
7306,23,2,64.56592977765885,32.772431056458856,1.0,14,25,1977,0.075778755,B,B,6,1437,3,900.0,0,2,B,187735.8790934131
10020,44,1,39.03321670446257,23.901532570837297,9.0,8,16,1993,0.232205084,B,B,24,4860,1,80.0,0,3,B,179406.1565289396
8909,120,3,76.35613869996493,49.56210325134571,8.0,5,8,1960,0.341071945,B,B,27,5664,48,2300.0,3,11,B,445182.2837384889
6719,2,2,41.30775393639727,24.8315192140556,6.0,6,9,1973,0.130617806,B,B,39,10418,9,900.0,1,9,B,197308.54515930396
5243,6,2,62.17623423718742,60.72346673250922,12.0,12,12,2017,0.243204519,B,B,5,1564,0,540.0,0,0,B,197857.33636494313
8971,30,1,43.06702742337259,43.06702742337259,1.0,5,12,1977,7.81528e-05,B,B,22,6398,141,1046.0,3,23,B,134621.00543942273
10062,25,2,60.20836269987587,35.211974725810535,10.0,5,17,2000,0.069753361,B,B,53,13670,4,900.0,1,11,B,262166.1158501977
11962,59,1,45.57308066621864,45.490972650885226,6.233004930000002,11,11,2015,0.019508796,B,B,37,7687,11,176.0,5,5,B,154592.35437489
13462,55,3,61.07003979974992,44.83078021432773,6.0,9,9,1972,0.012338886,B,B,35,5776,1,2078.0,2,4,B,229541.0144053751
8986,1,1,42.13406729518567,32.772431056458856,1.0,22,24,2016,0.007122317,B,B,1,264,0,900.0,0,1,B,166896.87645751802
7320,145,2,61.25613024247728,37.02894096465101,10.0,10,17,2000,0.0,B,B,30,5562,0,900.0,0,5,A,272063.7303828439
15855,78,3,82.03371737531909,45.671652064716405,12.0,17,17,2017,0.092290642,B,B,21,4346,2,165.0,1,2,B,362099.14718515886
9415,74,1,47.65535875687625,32.772431056458856,1.0,1,1,1977,0.075778755,B,B,6,1437,3,900.0,0,2,B,146998.7179813924
11908,101,2,42.884858508302095,24.81938440195423,7.0,10,12,1966,0.225824954,A,B,41,6558,7,1548.0,3,2,B,199579.4231899468
16582,194,1,35.79361039852032,22.524008829332782,5.0,6,9,1964,0.174739084,B,B,17,3379,9,100.0,0,3,B,160690.9405851249
5573,55,3,80.2719351812253,48.30360464728841,9.0,4,22,1989,0.041365446,B,B,31,5569,0,900.0,1,4,B,341739.587231494
6704,9,2,37.57152775299856,20.30506094031989,7.0,11,17,1990,0.161531741,B,B,25,5648,1,30.0,2,4,B,191176.3961542444
12499,6,3,81.72533087449081,32.772431056458856,6.233004930000002,10,17,1977,0.243204519,B,B,5,1564,0,540.0,0,0,B,223241.37268802666
7110,6,1,48.48100349126128,32.772431056458856,1.0,12,25,2016,0.243204519,B,B,5,1564,0,540.0,0,0,B,149694.87415694058
13600,140,3,78.03368765017224,48.817184889176026,10.0,14,17,1960,0.23861713,B,B,26,3889,6,705.0,3,6,B,337962.1801809194
772,49,2,54.02440075030214,28.383604740141312,9.0,17,17,2008,0.020741326,B,B,24,5613,5,1340.0,2,5,B,282609.21891371143
5155,9,2,53.55492483571064,30.64666605878945,8.0,2,14,1993,0.161531741,B,B,25,5648,1,30.0,2,4,B,222081.28074994174
14191,9,3,74.31162594106715,48.95848523414968,8.0,9,14,1993,0.161531741,B,B,25,5648,1,30.0,2,4,B,336617.9167501168
3734,178,3,79.77830742912178,53.17943482919754,7.0,5,5,1958,0.460556389,B,B,20,4386,14,900.0,1,5,B,352031.0266877024
2860,58,2,62.76499291354574,33.6541330807924,11.0,7,10,2003,0.31019913,B,B,11,2748,1,900.0,0,0,B,255416.6782565491
13680,27,1,44.133231778000365,37.30082137881557,1.0,1,1,1977,0.017647053,B,B,2,469,0,900.0,0,0,B,150121.37821103612
9879,62,3,66.41272323717294,48.97465096535857,8.0,5,16,1981,0.002211665,B,B,39,7614,3,900.0,1,5,A,293348.7663711239
5333,3,2,44.1248130563069,27.99980905001265,6.0,4,5,1969,0.265088676,B,B,37,5288,0,1937.0,3,2,B,188819.89020104797
5208,27,2,64.1318254247877,45.72801650719023,6.0,3,15,2012,0.211401214,B,B,9,1892,0,900.0,0,1,B,237417.58616884507
188,37,2,43.609704851323016,23.165088256008016,6.0,6,14,1975,0.127811589,B,B,28,7287,5,320.0,1,3,B,195366.34612719412
11440,13,1,32.0502126496853,21.05760207537216,6.0,5,9,1982,0.090799103,B,B,74,19083,2,900.0,5,15,B,159063.9150912444
1165,27,1,52.51330992401352,32.772431056458856,1.0,2,17,1977,0.011654127,B,B,4,915,0,900.0,0,0,B,140442.12502413522
15559,42,1,41.13980719398063,22.072851358346995,8.0,9,9,2005,0.158249043,B,B,21,5731,0,900.0,1,0,B,175860.4111325169
12706,11,2,42.35997598257139,30.07002774739728,6.0,3,5,1962,0.038692987,B,B,28,6533,1,1015.0,2,5,B,170494.05383497517
27,21,1,35.55122923164247,22.80374032026064,6.0,9,9,1980,0.194489265,B,B,47,8004,3,125.0,3,5,B,168746.53469662392
4611,27,2,76.70954314419859,32.772431056458856,1.0,12,12,2016,0.072157581,B,B,2,629,1,900.0,0,0,A,225009.92205429517
12937,62,2,55.43366579612309,55.43366579612309,14.0,11,12,2014,0.072157581,B,B,2,629,1,900.0,0,0,A,181416.90581487448
16276,31,2,64.88897224754545,37.95172857239746,7.0,4,8,1958,0.151346216,B,A,32,5889,10,830.0,4,1,B,294099.2909122673
6153,27,1,44.322596900625896,21.685315409633603,12.0,2,14,2007,0.07542368,B,B,11,3097,0,900.0,0,0,B,185100.4170779734
12058,101,1,33.423246576792764,18.11339665285072,5.0,5,5,1969,0.038692987,B,B,28,6533,1,1015.0,2,5,B,156187.99382187883
14982,8,2,53.048600204941216,33.17063266452645,8.0,12,12,1977,0.219006007,B,B,28,6746,3,900.0,1,4,B,264655.1924382345
15195,1,3,80.55397401128681,32.772431056458856,6.233004930000002,9,17,1977,0.007122317,B,B,1,264,0,900.0,0,1,B,229037.82666576694
778,93,3,55.584240883846455,37.85059666997176,7.0,3,16,1983,0.521867054,B,B,25,6149,0,900.0,0,0,B,267173.3713662713
10769,6,1,45.707637307709945,32.772431056458856,1.0,4,25,2017,0.243204519,B,B,5,1564,0,540.0,0,0,B,139766.27983593615
3268,6,3,79.24852186919153,32.772431056458856,1.0,16,17,1977,0.243204519,B,B,5,1564,0,540.0,0,0,B,233295.96372426394
1286,101,1,39.842267919494205,24.439134164743443,9.0,6,12,1970,0.225824954,A,B,41,6558,7,1548.0,3,2,B,173515.131207028
5450,51,2,51.85133641053128,32.114051612620486,7.0,14,14,1956,0.015016892,B,B,17,3079,59,2890.0,0,8,B,240559.63690076972
1221,9,3,78.09136236796522,47.42344907670157,10.0,3,14,1992,0.161531741,B,B,25,5648,1,30.0,2,4,B,330951.60585111316
9940,12,2,47.14104160913119,30.925938891703645,5.0,6,9,1982,0.090799103,B,B,74,19083,2,900.0,5,15,B,204224.68839103938
13325,13,2,51.408640457765344,31.55169500862943,8.0,5,17,2002,0.090799103,B,B,74,19083,2,900.0,5,15,B,226888.69260799143
12270,112,2,56.72848452592744,29.0705587108176,9.0,18,18,2009,0.069660344,B,B,31,6119,4,900.0,1,2,B,278175.3133457011
8822,1,2,70.16681298712443,32.772431056458856,1.0,1,1,1977,0.007122317,B,B,1,264,0,900.0,0,1,B,203752.07553533
10897,128,1,41.7024105722406,21.19557345451877,8.0,6,14,1994,0.0,B,B,27,4798,0,30.0,2,8,B,176579.20990326797
9330,23,3,105.36900978380125,32.772431056458856,6.233004930000002,5,25,1977,0.075778755,B,B,6,1437,3,900.0,0,2,B,269555.51219367766
11984,81,2,45.68567207150606,32.178765004396695,5.0,1,5,1966,0.319809354,B,B,25,4756,16,2857.0,5,8,B,188372.40007605773
15056,90,2,55.5000286759737,33.230080630095884,8.0,5,17,1989,0.246031548,B,A,22,3151,4,2715.0,3,3,B,238588.50524803673
14954,66,1,52.50771283662468,21.368214874114397,13.0,15,27,2012,0.111627393,B,B,50,12238,8,1970.0,2,3,B,250461.6694266272
14905,138,2,48.2927530743679,31.82870028042004,5.0,5,5,1960,0.195781053,B,B,23,5212,6,900.0,3,2,B,190149.92728331464
5219,90,3,60.50717158740928,42.660447467264994,5.0,5,5,1970,0.265088676,B,B,37,5288,0,1937.0,3,2,B,236187.16913094514
6613,46,3,57.79118907532879,36.21210910758168,5.0,5,5,1967,0.0,B,B,47,11319,0,1145.0,3,5,B,236380.42239489043
9139,27,2,43.6241110477055,24.653433145189947,6.0,4,5,1979,0.211401214,B,B,9,1892,0,900.0,0,1,B,188429.40007397777
11456,23,2,68.60484668763101,66.39706600179922,1.0,20,20,1977,0.034656082,B,B,0,168,0,900.0,0,0,B,219400.86257123464
16626,155,2,56.47370550808387,32.42015125274351,6.0,3,5,1960,0.042307271,B,B,17,2810,9,4849.0,3,6,B,206531.39885417282
11247,61,1,38.1468965769044,20.222569589119832,8.0,3,12,1984,0.300322518,B,B,52,10311,6,900.0,1,9,B,174632.15289353728
9972,35,2,48.75602723826065,33.10156162254325,6.0,9,9,1968,0.089039719,B,B,33,7976,5,900.0,0,11,B,202488.747766364
2631,55,1,32.354992915011934,18.50251104035702,6.0,7,9,1972,0.012338886,B,B,35,5776,1,2078.0,2,4,B,158470.49200170522
6526,27,1,40.20882930090527,32.772431056458856,6.233004930000002,9,17,1977,0.011654127,B,B,4,915,0,900.0,0,0,B,129995.89731011417
192,75,2,62.853793966716346,34.978464126383976,5.0,5,5,1961,0.307466659,B,A,30,5048,9,325.0,2,5,B,252809.7743925029
14160,74,1,50.250990075146895,32.772431056458856,6.233004930000002,5,13,1977,0.309479124,B,B,35,7715,4,990.0,0,6,B,180534.77833124693
7623,57,3,74.73677826571573,43.19149572645195,10.0,13,17,1996,0.133215333,B,B,49,11395,3,1406.0,3,4,A,344843.149051276
5468,17,1,29.080104822813727,21.954910006746715,4.0,3,8,1960,0.0,B,B,25,5027,4,46.0,1,1,B,178668.5380919282
11331,29,1,53.79681104495035,19.425507439261047,11.0,15,20,2012,0.069660344,B,B,31,6119,4,900.0,1,2,B,210623.29917138314
3308,30,1,39.21252608315883,32.772431056458856,1.0,15,15,2018,7.81528e-05,B,B,22,6398,141,1046.0,3,23,B,126087.92055550525
16154,6,2,67.10261059647395,61.7386738079794,1.0,7,17,2016,0.243204519,B,B,5,1564,0,540.0,0,0,B,187494.44578198827
7526,172,1,42.845652953662594,24.67379082861334,9.0,13,15,1972,0.0,B,B,7,1660,39,1786.0,1,5,B,158997.84007002786
10174,23,2,65.08337561001247,32.772431056458856,1.0,6,17,1977,0.075778755,B,B,6,1437,3,900.0,0,2,B,186963.894044261
786,2,3,77.07459905232528,42.920592368173295,8.0,14,14,1997,0.309479124,B,B,35,7715,4,990.0,0,6,B,343598.1174571035
3956,37,3,81.1292398886751,44.25973250812691,10.0,15,22,2005,0.178916796,B,B,18,3594,4,192.0,1,5,B,332892.35680255503
11499,9,2,64.11326982410492,32.772431056458856,1.0,8,18,1977,0.161531741,B,B,25,5648,1,30.0,2,4,B,185188.61036435573
2105,64,2,45.49324016030646,32.02256473486102,6.0,4,9,1974,0.135649789,B,B,46,7960,6,350.0,3,11,B,198188.0125993172
16065,94,2,54.17208655037579,31.40039804288849,7.0,13,17,2001,0.521867054,B,B,25,6149,0,900.0,0,0,B,248799.5676227851
5999,23,2,52.4515676175745,50.20658674463307,1.0,3,3,2017,0.005767451,B,B,1,388,0,900.0,0,0,B,104455.98823073562
1060,88,3,63.32311455680478,48.86704611416195,7.0,12,12,1973,0.127375905,B,B,43,8429,3,900.0,3,9,B,271842.1455142432
4805,53,3,77.01454112011555,48.911926373853206,10.0,13,23,1988,0.049637257,B,B,34,7759,0,229.0,1,3,B,360040.711723474
14876,23,3,86.73689459981534,86.03533170443701,1.0,3,3,2014,0.034656082,B,B,0,168,0,900.0,0,0,B,258571.95898221218
1411,84,2,40.80752091056026,27.676670006248685,5.0,2,8,1962,0.006076152,B,B,30,5285,0,645.0,6,6,B,206638.42323432965
6989,94,1,45.65080073053585,17.178724374787247,10.0,18,25,2012,0.282797669,B,B,33,8667,2,900.0,0,6,B,140404.7903585407
9869,25,3,76.65524327999681,42.94073122236497,10.0,11,11,1998,0.069753361,B,B,53,13670,4,900.0,1,11,B,327090.63063537265
1272,21,2,56.56336730293371,33.165951105304075,8.0,14,14,1989,0.194489265,B,B,47,8004,3,125.0,3,5,B,258009.48343144104
13306,26,1,37.19061649339538,25.169628723097286,5.0,7,9,1966,0.1363303,B,B,30,6141,10,262.0,3,6,B,164521.11906242956
4853,119,2,63.772580521074026,36.23411357925804,11.0,5,14,2009,0.000995363,B,B,42,7651,1,900.0,1,5,B,264911.1553142874
210,27,3,79.20384046248057,47.839564669739325,10.0,6,18,2015,0.072157581,B,B,2,629,1,900.0,0,0,A,331317.9838746988
4466,27,3,83.86100524449078,45.5154910522181,12.0,1,1,1977,0.017647053,B,B,2,469,0,900.0,0,0,B,273669.458049357
2954,101,2,66.37993522789452,37.189996377501394,6.0,4,5,1957,0.225824954,A,B,41,6558,7,1548.0,3,2,B,269191.2592917256
11110,6,2,68.78647693082121,32.772431056458856,6.233004930000002,4,17,1977,0.243204519,B,B,5,1564,0,540.0,0,0,B,197785.6267732033
6576,47,2,48.855662456479216,45.62530151356493,6.0,12,12,1975,6.99893e-05,B,B,46,10309,1,240.0,1,16,B,211099.86197172335
10424,60,2,41.89232137317754,28.715831824100107,5.0,8,8,1960,0.21843974,B,B,21,4472,6,1450.0,4,7,A,223748.60870033104
14269,6,1,42.86187007722905,32.772431056458856,6.233004930000002,13,17,1977,0.243204519,B,B,5,1564,0,540.0,0,0,B,130716.57357712582
7491,63,1,46.66502258510928,46.66502258510928,10.0,6,17,2015,0.23861713,B,B,26,3889,6,705.0,3,6,B,164012.35931630415
2158,27,2,65.64769300184166,60.727850739324296,1.0,8,17,2017,0.011654127,B,B,4,915,0,900.0,0,0,B,187961.87199844117
7386,21,1,42.95187913113054,22.91574323231957,8.0,12,14,1992,0.194489265,B,B,47,8004,3,125.0,3,5,B,180562.53173884153
10555,76,2,56.889618849320975,33.207699492935255,9.0,4,16,1975,0.0,B,B,7,1660,39,1786.0,1,5,B,277687.48182000563
13,11,1,45.65302774441893,19.364069918891698,12.0,12,12,1974,0.038692987,B,B,28,6533,1,1015.0,2,5,B,196353.95637340288
10184,58,1,43.47525693777144,32.772431056458856,6.233004930000002,6,17,1977,0.43788524,B,B,23,5735,3,1084.0,0,5,B,129491.59173687155
15576,1,1,40.79074443439322,32.772431056458856,1.0,6,22,1977,0.007122317,B,B,1,264,0,900.0,0,1,B,144535.1787156054
10698,51,1,34.89685240057984,23.500953112692088,6.0,6,9,1972,0.015016892,B,B,17,3079,59,2890.0,0,8,B,167237.194406332
5375,85,2,75.57137871984764,32.772431056458856,1.0,14,14,1977,0.072157581,B,B,2,629,1,900.0,0,0,A,296514.1391109659
9089,80,2,48.666952841498926,30.99585260676777,6.0,9,9,1976,0.0077202819999999,B,B,38,4788,2,900.0,0,4,B,206743.90529441604
6126,156,3,67.30421976025012,44.1055567075321,9.0,9,12,1967,0.486245621,B,B,13,2514,19,900.0,0,6,B,289292.7740453726
6973,29,1,38.203350949698745,21.558270894980048,7.0,5,5,1964,0.069660344,B,B,31,6119,4,900.0,1,2,B,171171.9246928392
15437,72,2,50.948410125609634,32.99152097600646,9.0,2,14,1973,0.210473241,B,B,11,2398,2,1994.0,3,0,B,229622.96133756623
5000,32,3,64.73155658554478,45.63450312879765,7.0,3,9,1972,0.135649789,B,B,46,7960,6,350.0,3,11,B,275796.2854686583
3690,13,1,43.47712018891213,23.24865396183664,10.0,12,22,2003,0.090799103,B,B,74,19083,2,900.0,5,15,B,193691.8522813581
14190,6,2,60.09887473779605,32.772431056458856,1.0,17,17,1977,0.243204519,B,B,5,1564,0,540.0,0,0,B,207581.4703699372
14930,46,1,37.92753905553791,20.80191851124247,6.0,9,9,1969,0.0,B,B,47,11319,0,1145.0,3,5,B,178795.06346527013
13468,47,1,34.60549624733205,22.565666736260443,6.0,8,9,1969,0.298204575,B,B,16,4048,3,900.0,1,3,B,163418.624920023
4658,15,3,83.36032578711438,46.88299668246036,12.0,7,12,2008,0.158249043,B,B,21,5731,0,900.0,1,0,B,337214.3793466293
9111,196,3,75.5670647876177,50.68054822953079,9.0,4,4,1927,0.0,B,B,30,7538,87,4702.0,5,5,B,254305.2136594167
14766,6,1,42.14484343616118,32.772431056458856,6.233004930000002,6,17,1977,0.243204519,B,B,5,1564,0,540.0,0,0,B,127011.7943771783
10291,32,1,39.135254121898015,20.144385046994515,9.0,3,14,1975,0.135649789,B,B,46,7960,6,350.0,3,11,B,175538.90618763797
7295,1,2,62.76890540941108,61.244800401711295,6.233004930000002,10,22,1977,0.007122317,B,B,1,264,0,900.0,0,1,B,208549.24216035643
7394,148,3,79.67085654838417,48.503318502740136,6.0,18,33,2015,0.313924552,B,B,22,4625,11,3855.0,2,10,B,287880.06130830233
3936,139,3,58.36714013349357,48.31652049300085,5.0,3,5,1962,0.122090347,B,B,29,6566,7,1894.0,4,0,B,221624.1844583888
7127,69,3,74.0297696255355,43.34754809163996,10.0,8,23,1986,0.0,B,B,18,3374,5,620.0,1,2,B,351081.3352162008
11822,47,3,66.0670865589087,39.34360568272871,8.0,7,12,1983,6.99893e-05,B,B,46,10309,1,240.0,1,16,B,288674.3932220262
908,125,2,44.53084321536914,26.22934847278275,5.0,5,5,1965,0.040242764,B,B,25,3478,11,2729.0,3,1,B,191980.32740430126
3669,148,4,137.68958932390103,72.75173378895524,15.0,15,22,2012,0.313924552,B,B,22,4625,11,3855.0,2,10,B,446378.5560663549
15641,34,3,76.1071130075688,44.24058219799838,10.0,13,17,1997,0.069753361,B,B,53,13670,4,900.0,1,11,B,318394.8973269457
7585,66,3,77.38458950785724,47.04196612899492,10.0,16,16,1991,0.111627393,B,B,50,12238,8,1970.0,2,3,B,334253.5109746578
2569,6,1,40.69563140466281,32.772431056458856,6.233004930000002,17,17,1977,0.243204519,B,B,5,1564,0,540.0,0,0,B,127963.03746623387
976,25,1,33.86332584745452,32.41952725897953,10.0,3,22,2016,0.069753361,B,B,53,13670,4,900.0,1,11,B,104272.51749097143
16111,6,2,53.05353809944366,32.772431056458856,1.0,3,17,1977,0.243204519,B,B,5,1564,0,540.0,0,0,B,137650.23268941836
10258,25,1,32.47918788766675,17.147306334992365,5.0,2,5,1986,0.069753361,B,B,53,13670,4,900.0,1,11,B,158373.2436943662
13075,101,3,77.34014534492799,53.38421356538922,10.0,5,5,1959,0.225824954,A,B,41,6558,7,1548.0,3,2,B,356951.2618400023
13059,27,3,84.02537876290656,32.772431056458856,15.0,4,17,1977,0.072157581,B,B,2,629,1,900.0,0,0,A,226889.7612454737
5893,30,2,62.28172980125069,32.772431056458856,1.0,14,17,1977,7.81528e-05,B,B,22,6398,141,1046.0,3,23,B,186405.05931095727
2308,59,1,47.86947329521509,32.772431056458856,1.0,16,24,1977,0.019508796,B,B,37,7687,11,176.0,5,5,B,146023.34296672727
6724,58,2,64.67383121815176,32.772431056458856,1.0,17,17,1977,0.43788524,B,B,23,5735,3,1084.0,0,5,B,182319.1570119527
9533,96,1,40.780641483400494,21.004111138878027,10.0,5,12,2006,0.041116354,B,B,53,14892,4,900.0,1,4,B,174518.1721455165
2122,6,1,40.88120881819028,32.772431056458856,1.0,1,1,1977,0.243204519,B,B,5,1564,0,540.0,0,0,B,138439.00667105697
3047,45,1,40.7340773392944,22.50785607947856,9.0,3,16,1984,0.014423114,B,B,19,3806,4,900.0,0,3,B,172907.70691694706
8558,1,1,46.51797657382706,46.51797657382706,10.0,24,24,2017,0.007122317,B,B,1,264,0,900.0,0,1,B,205914.03026008513
6977,167,3,125.69306341974176,65.28655779437645,24.0,7,34,2008,0.050272014,B,B,21,4231,14,1020.0,0,3,B,384884.43525372545
9526,124,2,41.06949715578874,23.09141741190984,7.0,4,9,1965,0.122090347,B,B,29,6566,7,1894.0,4,0,B,173282.7086609312
12127,6,3,77.01361757906628,77.01361757906628,10.0,16,17,1977,0.243204519,B,B,5,1564,0,540.0,0,0,B,290380.1592309398
385,3,3,75.19373725677427,44.131271984687565,8.0,7,14,1995,0.265088676,B,B,37,5288,0,1937.0,3,2,B,326925.7857898628
13382,206,2,46.04728929134912,27.384090265540923,6.0,5,7,1930,7.81528e-05,B,B,22,6398,141,1046.0,3,23,B,226736.84446311995
4135,0,1,45.22800442970697,19.179354008969163,10.0,17,17,2009,0.006076152,B,B,30,5285,0,645.0,6,6,B,138709.28750702846
10162,6,3,80.03910659199211,78.36043716268166,1.0,3,17,2017,0.243204519,B,B,5,1564,0,540.0,0,0,B,230479.99549877387
6932,23,1,56.53803146448446,32.772431056458856,6.233004930000002,5,9,1977,0.014072961,B,B,2,475,0,900.0,0,0,B,127776.79064016683
13321,101,2,49.387965864877394,33.240340058033304,6.0,5,5,1965,0.225824954,A,B,41,6558,7,1548.0,3,2,B,186687.0448305263
3925,39,1,38.00721706717951,20.94000439390626,10.0,5,9,1971,0.428825818,B,B,25,5011,8,730.0,0,2,B,162232.5647919078
14794,9,2,48.23573085439865,30.228384997745856,5.0,3,12,1970,0.31019913,B,B,11,2748,1,900.0,0,0,B,197800.0055839828
15151,120,2,76.80188912871292,32.772431056458856,1.0,1,1,1977,0.341071945,B,B,27,5664,48,2300.0,3,11,B,204378.9182941292
7125,126,1,36.233212474831056,22.885434042080018,9.0,3,12,1969,0.333891544,B,B,30,6564,1,900.0,0,0,B,167095.03048168815
12017,23,2,68.54996608453739,67.53533111046967,1.0,9,17,2015,0.034656082,B,B,0,168,0,900.0,0,0,B,198307.34199776448
12288,139,2,55.17903590216489,31.70910039910164,9.0,2,17,2011,0.122090347,B,B,29,6566,7,1894.0,4,0,B,208760.11802070952
5618,1,1,40.88215972549549,40.88215972549549,1.0,17,17,1977,0.007122317,B,B,1,264,0,900.0,0,1,B,131636.56112719656
14018,30,1,50.72927572656592,47.28500151459882,1.0,6,25,2016,7.81528e-05,B,B,22,6398,141,1046.0,3,23,B,197672.9910163628
16465,6,3,81.44277073218662,47.85063307035739,12.0,13,17,2013,0.243204519,B,B,5,1564,0,540.0,0,0,B,315546.371710105
5268,27,1,28.713676120580395,28.713676120580395,1.0,19,22,2016,0.211401214,B,B,9,1892,0,900.0,0,1,B,130637.99032652112
14685,6,1,41.10120381868301,32.772431056458856,6.233004930000002,12,17,1977,0.243204519,B,B,5,1564,0,540.0,0,0,B,127213.32184202631
6477,55,1,35.35567725037125,20.981999570167392,6.0,1,9,1972,0.012338886,B,B,35,5776,1,2078.0,2,4,B,155867.49309696202
6618,121,2,72.36264789170372,38.04064355292578,11.0,2,10,2003,0.212515361,B,B,19,3293,16,628.0,3,7,B,285904.85874251125
12521,79,1,33.56945114747419,20.9282488380707,7.0,10,12,1976,0.307466659,B,A,30,5048,9,325.0,2,5,B,177051.47817062837
14749,44,3,67.40131108728207,49.18350773691357,6.0,7,12,1980,0.232205084,B,B,24,4860,1,80.0,0,3,B,288634.42175487994
783,61,1,34.2360316094451,18.477327316639126,5.0,5,5,1970,0.298204575,B,B,16,4048,3,900.0,1,3,B,152100.00682718898
14120,23,2,67.82636138044721,32.772431056458856,1.0,13,17,1977,0.075778755,B,B,6,1437,3,900.0,0,2,B,190161.62977773792
6367,113,3,76.9657116441348,47.70559044355444,10.0,11,17,1976,0.050755569,B,B,24,5469,1,145.0,0,1,B,334854.46912170073
9493,1,2,66.2871115020751,32.772431056458856,6.233004930000002,4,13,1977,0.007122317,B,B,1,264,0,900.0,0,1,B,195064.49783889952
6941,27,1,30.88257678426641,30.88257678426641,6.233004930000002,6,19,1977,0.211401214,B,B,9,1892,0,900.0,0,1,B,83520.5446768174
178,73,2,59.42386605515657,33.10080860356411,7.0,4,5,1959,0.042031587,B,B,37,6856,84,1940.0,2,5,B,244267.68474319167
15073,52,1,32.30233684837218,19.513467764919504,6.0,3,4,1964,0.371148999,B,B,34,7065,1,750.0,2,5,B,142261.39690246538
14594,11,2,42.795303728766605,24.22376979784609,6.233004930000002,11,14,1972,0.038692987,B,B,28,6533,1,1015.0,2,5,B,184864.93269964118
8622,23,1,40.29525080704799,32.772431056458856,1.0,4,4,2017,0.034656082,B,B,0,168,0,900.0,0,0,B,106950.38252000496
3740,3,2,72.74595595639953,44.65713945684272,12.0,8,15,2013,0.050900058,B,B,43,10621,1,30.0,2,3,B,292753.507673752
3065,23,2,55.12198593615654,30.18002818030269,10.0,15,17,2013,0.075778755,B,B,6,1437,3,900.0,0,2,B,267861.4693042498
11752,111,1,31.7295103702302,22.92900638173755,5.0,3,5,1965,0.0,B,B,36,6714,2,2672.0,0,2,B,150904.4210667318
9928,1,1,41.228944022762,32.772431056458856,1.0,7,17,1977,0.007122317,B,B,1,264,0,900.0,0,1,B,126538.5972085633
329,52,3,83.47977041020677,32.772431056458856,1.0,9,17,1977,0.371148999,B,B,34,7065,1,750.0,2,5,B,235357.0201645422
15064,26,1,35.277543211451984,21.589414540882483,5.0,3,5,1967,0.0,B,B,36,6714,2,2672.0,0,2,B,154978.8410543422
9887,1,2,53.6583502346005,53.6583502346005,10.0,10,17,2017,0.007122317,B,B,1,264,0,900.0,0,1,B,193125.7255884272
3263,101,2,44.35734725467226,28.29898531157628,5.0,3,9,1968,0.225824954,A,B,41,6558,7,1548.0,3,2,B,193164.17326234264
3493,1,2,52.93263397839317,32.772431056458856,1.0,15,17,1977,0.007122317,B,B,1,264,0,900.0,0,1,B,165878.0551283817
5424,93,3,137.98741193672794,32.772431056458856,1.0,2,3,1977,0.004949358,B,B,0,186,0,900.0,0,0,B,199533.5878962278
2560,8,2,47.48838447068682,28.89649296876303,6.0,5,5,1963,0.43788524,B,B,23,5735,3,1084.0,0,5,B,213808.05105701598
7914,132,3,72.81861145244588,48.643369171115104,8.0,4,16,1980,0.306977489,B,B,27,5148,14,1575.0,5,7,B,311865.3582808162
9969,45,1,42.49149967626333,32.772431056458856,1.0,2,2,2018,0.195781053,B,B,23,5212,6,900.0,3,2,B,141394.219993301
6223,109,1,34.5071810336863,22.122895775530907,5.0,8,9,1963,0.1363303,B,B,30,6141,10,262.0,3,6,B,165133.63888672518
3043,94,2,58.82110430650928,34.1733741535499,9.0,16,16,1980,0.127375905,B,B,43,8429,3,900.0,3,9,B,262943.3238352781
3147,27,1,45.39931535208291,20.081849212489463,8.0,4,6,1998,0.041116354,B,B,53,14892,4,900.0,1,4,B,174214.79248021953
9366,62,2,76.6875935982137,32.772431056458856,6.233004930000002,6,13,1977,0.072157581,B,B,2,629,1,900.0,0,0,A,198511.34876136074
9907,58,2,62.67231158989245,61.55892486597909,6.233004930000002,8,12,1977,0.43788524,B,B,23,5735,3,1084.0,0,5,B,232484.68226515618
10532,89,2,56.68208894082729,34.62412785245245,7.0,5,5,1960,0.151346216,B,A,32,5889,10,830.0,4,1,B,275313.4068447347
14417,129,1,32.6501518721227,19.985637220260863,6.0,3,8,1964,0.020741326,B,B,24,5613,5,1340.0,2,5,B,177805.33585231556
12526,6,2,64.00979631466471,64.00979631466471,12.0,14,17,2016,0.243204519,B,B,5,1564,0,540.0,0,0,B,194665.51781834528
11504,30,1,49.180144526448366,49.180144526448366,1.0,1,1,2014,7.81528e-05,B,B,22,6398,141,1046.0,3,23,B,188007.6064998088
15999,9,3,81.54186376731067,51.69371309906209,7.0,3,12,1995,0.161531741,B,B,25,5648,1,30.0,2,4,B,316964.4048722524
11879,37,2,64.32031012027858,57.15184225183925,10.0,14,25,2018,0.178916796,B,B,18,3594,4,192.0,1,5,B,246926.14668873724
7373,83,3,63.63513961375336,39.24199726453405,8.0,2,9,1977,0.100455735,B,B,43,7227,0,900.0,1,6,A,240889.5940358464
5654,44,3,81.1353353411808,46.58042117441128,12.0,17,17,2008,0.232205084,B,B,24,4860,1,80.0,0,3,B,345552.46545505384
3495,27,3,82.6528178306488,32.772431056458856,1.0,4,17,2015,0.072157581,B,B,2,629,1,900.0,0,0,A,222491.32621231404
7307,27,2,51.430826984858,32.772431056458856,1.0,9,17,1977,0.011654127,B,B,4,915,0,900.0,0,0,B,152680.16006782054
15417,72,2,43.40543495209346,25.13024184244349,6.0,6,12,1967,0.210473241,B,B,11,2398,2,1994.0,3,0,B,201354.80426798214
6505,23,2,64.8609464262844,32.772431056458856,1.0,23,25,1977,0.075778755,B,B,6,1437,3,900.0,0,2,B,185375.89930685743
7213,74,1,54.74987165514175,25.61224297075931,13.0,4,17,2015,0.075778755,B,B,6,1437,3,900.0,0,2,B,216702.75684268348
5107,66,2,65.66268652961884,35.1948872175584,10.0,12,17,2010,0.111627393,B,B,50,12238,8,1970.0,2,3,B,231715.21617140213
3481,101,1,35.21668727766953,19.2923630265096,5.0,8,9,1965,0.225824954,A,B,41,6558,7,1548.0,3,2,B,165915.56045126793
11968,120,3,77.25630780858694,48.96858282285993,10.0,6,12,2006,0.0006991189999999,B,B,14,3369,24,4129.0,0,3,B,336462.8630820475
16723,23,2,66.13738158910844,32.772431056458856,1.0,3,17,2016,0.075778755,B,B,6,1437,3,900.0,0,2,B,184032.50621230205
14963,66,1,39.4349164324314,37.54969860375533,1.0,12,14,1974,0.111627393,B,B,50,12238,8,1970.0,2,3,B,139317.15651293294
2314,6,1,40.060486608886976,32.772431056458856,10.0,8,17,1977,0.243204519,B,B,5,1564,0,540.0,0,0,B,124422.64530797886
13224,23,3,78.02913064985455,32.772431056458856,1.0,8,25,1977,0.075778755,B,B,6,1437,3,900.0,0,2,B,201380.57435665425
7759,29,1,25.24417083491393,19.28733897490156,3.0,5,5,1971,0.069660344,B,B,31,6119,4,900.0,1,2,B,129374.36855508073
13954,23,3,105.03895182185217,32.772431056458856,1.0,5,25,1977,0.075778755,B,B,6,1437,3,900.0,0,2,B,252615.6440663943
15957,28,3,85.20469264036402,48.96696835358336,10.0,14,23,2007,0.333891544,B,B,30,6564,1,900.0,0,0,B,351298.461503738
9322,26,2,59.23289700429344,59.23289700429344,1.0,1,1,2016,0.089039719,B,B,33,7976,5,900.0,0,11,B,237735.9103711483
171,16,1,34.637802669754855,21.971458399285805,6.0,7,9,1980,0.037177818,B,B,52,11217,1,2300.0,1,7,B,164273.03169242383
6464,47,3,78.2328066471888,48.90598838547124,10.0,16,16,1981,0.101872465,B,B,23,4583,3,900.0,3,3,B,342186.03150461183
12195,6,2,63.34358549570074,61.482984097150094,1.0,18,25,2015,0.243204519,B,B,5,1564,0,540.0,0,0,B,197869.39351361827
3008,44,3,63.72514894182347,47.1521608196654,6.0,9,9,1969,0.036122292,B,B,24,4378,0,1036.0,1,1,B,243365.96455458828
11533,94,2,48.7134434737855,48.7134434737855,6.0,5,12,1974,0.521867054,B,B,25,6149,0,900.0,0,0,B,208296.643243821
8792,23,3,106.7295812787054,32.772431056458856,1.0,9,9,1977,0.075778755,B,B,6,1437,3,900.0,0,2,B,298265.64816430805
13966,17,2,65.45798733937059,37.49996785008108,11.0,7,17,2010,0.093442564,B,B,23,4635,5,3300.0,2,4,B,298158.3151034345
3677,44,1,37.51185941257257,21.291773177771105,8.0,12,14,1971,0.232205084,B,B,24,4860,1,80.0,0,3,B,176558.91619499875
10647,91,2,68.62307977734274,38.95719498896075,7.0,2,5,1955,0.333891544,B,B,30,6564,1,900.0,0,0,B,258941.8303841231
10974,48,1,33.427204975067575,33.427204975067575,9.0,5,22,1987,0.041124634,B,B,46,9515,5,900.0,1,10,B,119447.71365763832
11973,30,1,50.68379054107131,32.772431056458856,1.0,5,5,2017,7.81528e-05,B,B,22,6398,141,1046.0,3,23,B,142758.41684863818
12958,25,1,37.225984021907145,32.772431056458856,1.0,25,25,1977,0.069753361,B,B,53,13670,4,900.0,1,11,B,132671.43701030005
9952,7,2,45.61848681332035,29.896995034518923,5.0,4,5,1967,0.130617806,B,B,39,10418,9,900.0,1,9,B,195233.80734620805
15190,27,4,101.81314213606008,62.14606390817522,10.0,6,17,2006,0.041116354,B,B,53,14892,4,900.0,1,4,B,454873.83657464304
560,58,3,83.81575231428566,48.97211101348292,10.0,14,22,2005,0.050755569,B,B,24,5469,1,145.0,0,1,B,343071.8834984198
11684,69,3,69.96455390877081,48.465956488248814,7.0,12,16,1988,0.000991363,B,B,33,6783,3,900.0,1,9,B,332175.81700708694
3366,27,1,41.23017380545201,22.45690460331869,8.0,3,17,2009,0.07542368,B,B,11,3097,0,900.0,0,0,B,170244.88098396125
2163,9,3,75.43417765765577,42.48023647854807,9.0,22,22,1987,0.136244425,B,B,11,2370,0,900.0,0,1,B,362909.78015324386
2229,23,2,56.72436475332414,32.19428456068046,1.0,9,17,2015,0.075778755,B,B,6,1437,3,900.0,0,2,B,200516.24996222128
16643,86,3,90.4609791297978,52.19675339392644,9.0,15,26,2011,0.161975568,B,A,31,7010,5,4508.0,3,7,B,321856.1055606679
6554,9,2,55.21386558883477,33.78745427959856,11.0,9,10,2003,0.31019913,B,B,11,2748,1,900.0,0,0,B,237052.4131241334
15889,27,2,64.4470289147189,32.772431056458856,1.0,1,1,1977,0.072157581,B,B,2,629,1,900.0,0,0,A,181580.85943461876
13411,20,2,40.30712697549981,26.25178722969453,5.0,6,8,1961,0.019508796,B,B,37,7687,11,176.0,5,5,B,218111.02151484138
3818,31,3,59.58720151423554,40.477183928397714,5.0,4,5,1963,0.151346216,B,A,32,5889,10,830.0,4,1,B,213589.33024473852
914,1,2,64.13446724463208,64.13446724463208,1.0,16,17,1977,0.007122317,B,B,1,264,0,900.0,0,1,B,187632.00453372768
15357,91,1,41.11348630656638,21.960906539205205,9.0,2,14,1972,0.333891544,B,B,30,6564,1,900.0,0,0,B,166362.2411436
264,30,3,79.92059187187422,32.772431056458856,1.0,13,17,1977,7.81528e-05,B,B,22,6398,141,1046.0,3,23,B,227346.65002152137
12055,74,2,61.44071615862152,61.44071615862152,1.0,10,12,2017,0.309479124,B,B,35,7715,4,990.0,0,6,B,217289.30397020825
12506,55,3,77.80692249528266,48.38889079952439,10.0,10,17,1988,0.041365446,B,B,31,5569,0,900.0,1,4,B,339837.18470445485
9986,1,2,64.21133908793284,32.772431056458856,1.0,4,16,2015,0.007122317,B,B,1,264,0,900.0,0,1,B,212230.68290684425
7200,54,2,74.73513532993171,74.73513532993171,1.0,1,1,2014,0.006076152,B,B,30,5285,0,645.0,6,6,B,261636.67098440457
15970,23,2,61.06267689044472,32.772431056458856,1.0,4,25,1977,0.075778755,B,B,6,1437,3,900.0,0,2,B,169704.34534652266
7485,11,2,47.57226622048582,35.48439402298383,6.0,9,9,1970,0.038692987,B,B,28,6533,1,1015.0,2,5,B,225248.16188127574
362,6,1,50.41114049730061,32.772431056458856,1.0,25,25,2018,0.243204519,B,B,5,1564,0,540.0,0,0,B,152054.40264350723
2493,85,1,44.66874910326479,32.772431056458856,1.0,1,1,1977,0.072157581,B,B,2,629,1,900.0,0,0,A,143762.6761411522
7424,47,1,32.025321273238475,19.0344068629952,4.0,9,9,1967,0.458174486,B,A,26,4439,1,1130.0,1,5,B,163069.96180050407
7746,111,2,40.91014855596767,25.492626707040262,7.0,7,9,1965,0.1363303,B,B,30,6141,10,262.0,3,6,B,177249.56632839903
62,37,2,44.13020457528306,25.850512885240175,5.0,5,5,1963,0.122190486,B,B,25,4724,2,1308.0,1,3,B,184715.85815492301
12124,128,3,75.31541169537591,41.53861257104008,6.233004930000002,5,13,2002,0.0,B,B,27,4798,0,30.0,2,8,B,304353.3317671182
343,1,2,66.26967505320266,32.772431056458856,1.0,11,17,1977,0.025609157,B,B,33,5261,0,240.0,3,1,B,188140.0649070677
2421,148,2,54.06569450368186,34.45649259611906,8.0,12,17,1986,0.313924552,B,B,22,4625,11,3855.0,2,10,B,244722.15009665876
16110,18,1,42.10024316483971,21.062988609081906,8.0,11,14,1987,0.0,B,B,30,5562,0,900.0,0,5,A,179330.62268757808
13689,9,2,65.96413520103987,32.772431056458856,1.0,1,1,1977,0.161531741,B,B,25,5648,1,30.0,2,4,B,216071.16275763267
10035,25,3,75.46164503665291,47.25165633921898,10.0,10,17,1994,0.069753361,B,B,53,13670,4,900.0,1,11,B,325103.9589988513
15361,96,2,49.72512243221449,27.369708765064924,6.0,4,5,1975,0.041116354,B,B,53,14892,4,900.0,1,4,B,205590.87697466652
10373,1,1,38.89771635355892,38.79296579690328,1.0,7,17,2018,0.007122317,B,B,1,264,0,900.0,0,1,B,132386.59086740724
16688,1,1,44.87876658563359,32.772431056458856,1.0,1,9,1977,0.007122317,B,B,1,264,0,900.0,0,1,B,127273.39306959033
9368,29,2,44.98500551511508,29.367871072921982,5.0,3,5,1965,0.069660344,B,B,31,6119,4,900.0,1,2,B,195663.51785272642
3416,119,2,49.51142466080916,30.761137893935064,5.0,5,5,1966,0.000995363,B,B,42,7651,1,900.0,1,5,B,188354.05907483186
10663,6,2,73.69526062178441,32.772431056458856,1.0,17,17,1977,0.243204519,B,B,5,1564,0,540.0,0,0,B,259102.21957379748
5286,3,2,48.35169552142373,31.070006784544297,6.0,6,12,1982,0.050900058,B,B,43,10621,1,30.0,2,3,B,210195.42752209873
12622,21,2,44.02538499269957,28.361553280676883,5.0,2,9,1976,0.194489265,B,B,47,8004,3,125.0,3,5,B,200040.68168715521
889,27,3,86.35754615589289,32.772431056458856,1.0,10,13,1977,0.072157581,B,B,2,629,1,900.0,0,0,A,238260.29645831097
7471,44,1,35.8582972888734,34.69408946210208,6.0,9,9,1969,0.036122292,B,B,24,4378,0,1036.0,1,1,B,126029.6117312729
10154,6,2,58.57156996945103,37.03341849996112,8.0,9,14,2010,0.243204519,B,B,5,1564,0,540.0,0,0,B,279695.8236096988
14789,29,1,33.24379854878667,21.541543297186188,5.0,3,9,1965,0.069660344,B,B,31,6119,4,900.0,1,2,B,157525.27744668638
14818,48,3,50.442545421042006,37.61152476186811,6.0,5,9,1982,0.041124634,B,B,46,9515,5,900.0,1,10,B,217960.5800753494
526,55,2,51.1847842036267,34.48137596395961,8.0,2,14,1990,0.041365446,B,B,31,5569,0,900.0,1,4,B,182414.206521774
11780,151,1,34.48757737851942,18.90730371305948,6.0,5,5,1960,0.236108458,B,B,16,3893,27,900.0,3,10,B,156627.73717800618
7740,56,1,40.96957900317993,22.019286643492197,9.0,16,16,1988,0.0,B,B,23,5067,4,900.0,2,6,B,176736.38943758485
9329,21,2,39.33076875148126,26.34417028408808,7.0,8,9,1963,0.034331497,B,B,25,5487,3,900.0,0,4,B,203607.23573587075
7255,45,1,43.11166755414224,39.7377967275228,6.233004930000002,12,12,2016,0.195781053,B,B,23,5212,6,900.0,3,2,B,140345.700758953
16718,37,1,21.511538921678167,12.234302595795096,3.0,2,5,1970,0.127811589,B,B,28,7287,5,320.0,1,3,B,120341.34228845147
14413,21,1,42.869025458764,21.38463758827183,7.0,9,9,1974,0.194489265,B,B,47,8004,3,125.0,3,5,B,172375.99010050241
8950,85,3,79.98439046380373,45.984351456280365,10.0,2,22,1987,0.037177818,B,B,52,11217,1,2300.0,1,7,B,360379.56441193464
7254,22,3,74.93665231813763,48.03842611477536,10.0,2,17,1989,0.133215333,B,B,49,11395,3,1406.0,3,4,A,311930.6700115395
5881,1,2,55.82642843404962,32.772431056458856,1.0,6,17,1977,0.007122317,B,B,1,264,0,900.0,0,1,B,167119.63119299576
16737,37,1,40.93623001391845,22.130099039083067,7.0,11,17,2006,0.178916796,B,B,18,3594,4,192.0,1,5,B,178545.9015737529
9151,20,3,73.09816144493715,70.52869184922359,7.0,8,8,1961,0.019508796,B,B,37,7687,11,176.0,5,5,B,426702.6021804402
9324,128,3,62.75176455391608,47.74583998219315,6.0,9,9,1972,0.0,B,B,27,4798,0,30.0,2,8,B,235901.243435702
578,23,3,91.2273605199884,52.27398159757582,10.0,8,17,2012,0.075778755,B,B,6,1437,3,900.0,0,2,B,349005.5719658485
458,114,1,32.46691430699699,17.20105359477199,4.0,8,12,1966,0.327018035,B,B,12,2270,23,2500.0,1,0,B,169192.9139326893
2261,19,4,102.72497137995624,67.64164828056221,10.0,13,22,1994,0.000991363,B,B,33,6783,3,900.0,1,9,B,448857.4688174993
4532,6,1,61.58662897805775,58.05748828101017,1.0,19,25,2015,0.243204519,B,B,5,1564,0,540.0,0,0,B,240519.87021562725
10505,52,2,39.38933038786035,23.87927541844753,6.0,12,12,1970,0.371148999,B,B,34,7065,1,750.0,2,5,B,193157.24092096623
12168,41,1,44.757487405652455,23.50790608434121,8.0,9,12,1983,0.127811589,B,B,28,7287,5,320.0,1,3,B,179197.63030469246
5381,27,2,59.35827040732472,56.89613565475114,8.0,17,17,1977,0.011654127,B,B,4,915,0,900.0,0,0,B,229431.4132486159
8190,67,2,46.27567969593655,32.72235066901443,5.0,9,9,1978,0.100455735,B,B,43,7227,0,900.0,1,6,A,210062.68091777057
7661,32,3,95.96722040118588,57.25235361436472,11.0,14,17,2003,0.135649789,B,B,46,7960,6,350.0,3,11,B,352084.07497468276
2578,103,3,64.49517250670618,45.78679809799176,6.0,6,9,1968,0.0006991189999999,B,B,14,3369,24,4129.0,0,3,B,237661.65470078622
4780,62,2,81.30522200156494,32.772431056458856,6.233004930000002,4,13,1977,0.072157581,B,B,2,629,1,900.0,0,0,A,236045.15727277967
1538,167,3,61.2160524814072,41.10635890898606,5.0,4,5,1961,0.050272014,B,B,21,4231,14,1020.0,0,3,B,246221.55741085653
14064,93,1,42.710105733174345,23.81561263784509,9.0,23,24,2004,0.050900058,B,B,43,10621,1,30.0,2,3,B,173228.95866732203
9515,23,2,61.58019558737804,32.772431056458856,1.0,24,25,1977,0.075778755,B,B,6,1437,3,900.0,0,2,B,183800.1247051405
1254,1,1,38.93122519029418,32.772431056458856,1.0,16,17,2017,0.007122317,B,B,1,264,0,900.0,0,1,B,128195.16857178388
2151,75,2,41.76615115306865,25.34615570628735,5.0,3,5,1963,0.307466659,B,A,30,5048,9,325.0,2,5,B,161337.2757929572
3024,87,1,36.1385587693361,24.29108392961976,6.0,9,9,1980,0.100455735,B,B,43,7227,0,900.0,1,6,A,170666.52820151497
9799,126,2,45.06369097292552,29.59926586040171,5.0,1,5,1962,0.333891544,B,B,30,6564,1,900.0,0,0,B,193589.39607339443
10455,1,1,43.80466236050791,42.73027201917908,1.0,10,17,2018,0.007122317,B,B,1,264,0,900.0,0,1,B,135450.79986746618
13116,27,1,47.37990455756341,44.21750320543929,6.233004930000002,4,13,1977,0.072157581,B,B,2,629,1,900.0,0,0,A,159424.94764118365
2575,160,3,77.13959004250516,44.8436352934845,10.0,5,17,1999,0.0,B,B,39,8647,0,810.0,0,5,B,350358.3549784624
7991,7,1,38.53303673000283,37.94709994162268,1.0,2,16,1986,0.130617806,B,B,39,10418,9,900.0,1,9,B,139560.1596475297
11147,27,4,136.2336667215908,32.772431056458856,1.0,3,3,1977,0.07542368,B,B,11,3097,0,900.0,0,0,B,211926.55643448286
12618,61,2,55.6295740693416,34.33075107873864,8.0,12,12,1985,0.300322518,B,B,52,10311,6,900.0,1,9,B,241217.17583789985
11524,1,2,72.30222868518383,71.7678053632436,1.0,7,7,2015,0.007122317,B,B,1,264,0,900.0,0,1,B,255909.6179317933
12350,1,1,39.64614985677765,22.688718682654148,10.0,3,9,2018,0.007122317,B,B,1,264,0,900.0,0,1,B,167344.70260953426
9009,6,1,42.68116476379348,39.048610517023896,1.0,7,17,2016,0.243204519,B,B,5,1564,0,540.0,0,0,B,135232.42673680364
1746,125,2,48.75604331165575,30.38489627731921,5.0,4,5,1966,0.194489265,B,B,47,8004,3,125.0,3,5,B,195923.64061382148
2773,94,3,62.85242048893136,42.387154626948046,6.0,6,9,1970,0.282797669,B,B,33,8667,2,900.0,0,6,B,249425.19833087147
12679,43,4,90.754032438659,64.51042776180995,7.0,5,5,1929,0.212515361,B,B,19,3293,16,628.0,3,7,B,375330.15226156963
5777,19,1,41.08796654050919,21.541109877625733,7.0,4,17,2004,0.309479124,B,B,35,7715,4,990.0,0,6,B,175715.7019393189
9991,27,3,78.03231040061465,32.772431056458856,1.0,9,12,1977,0.072157581,B,B,2,629,1,900.0,0,0,A,230293.6563372827
5473,45,2,58.06629669150257,32.772431056458856,1.0,8,8,1977,0.195781053,B,B,23,5212,6,900.0,3,2,B,198557.9795452739
2094,94,1,33.76360350644152,22.65887117265602,6.0,9,9,1973,0.282797669,B,B,33,8667,2,900.0,0,6,B,155574.32402608305
12482,116,2,38.8503097301713,38.8503097301713,6.0,5,9,1965,0.341071945,B,B,27,5664,48,2300.0,3,11,B,208410.63305638655
9693,23,1,41.639364640789545,32.772431056458856,1.0,6,17,1977,0.075778755,B,B,6,1437,3,900.0,0,2,B,127313.00071885988
6699,58,1,40.93227297900753,32.772431056458856,1.0,15,17,1977,0.43788524,B,B,23,5735,3,1084.0,0,5,B,128155.09107508216
4603,57,1,46.131666199606045,17.848320600578855,10.0,15,22,2003,0.090799103,B,B,74,19083,2,900.0,5,15,B,166002.34697474408
4205,9,3,81.72409497072331,80.73513468127203,1.0,1,1,1977,0.161531741,B,B,25,5648,1,30.0,2,4,B,273867.5797756947
2764,80,2,56.07604143835193,35.690338213162185,9.0,2,16,1979,0.0,B,B,39,8647,0,810.0,0,5,B,227292.11046713806
1542,31,3,56.47949652085394,38.1675114811581,6.0,2,9,1970,0.151346216,B,A,32,5889,10,830.0,4,1,B,240000.8618844205
11336,23,1,35.19914649150017,32.772431056458856,1.0,3,4,1977,0.034656082,B,B,0,168,0,900.0,0,0,B,82114.22033524598
13791,9,2,58.2142879088597,32.62616318965069,12.0,14,14,1999,0.31019913,B,B,11,2748,1,900.0,0,0,B,222461.57841876318
14462,6,2,61.61064227259608,32.772431056458856,1.0,11,17,1977,0.243204519,B,B,5,1564,0,540.0,0,0,B,194562.85629384828
7739,112,3,79.31488193056519,45.83916052553783,10.0,14,22,2009,0.069660344,B,B,31,6119,4,900.0,1,2,B,362855.07197906566
14496,30,2,63.17771031072106,32.772431056458856,1.0,4,17,1977,7.81528e-05,B,B,22,6398,141,1046.0,3,23,B,184631.42607616205
5868,30,2,69.4834656139402,32.772431056458856,1.0,1,1,1977,7.81528e-05,B,B,22,6398,141,1046.0,3,23,B,215777.52377119337
2789,8,2,63.841005876788,35.88681289407789,10.0,7,17,1995,0.219006007,B,B,28,6746,3,900.0,1,4,B,280756.1872453274
4862,96,1,44.82443599799236,21.89138246780808,9.0,8,8,2011,0.041116354,B,B,53,14892,4,900.0,1,4,B,177710.98927251142
319,99,1,39.67535555845358,23.1936162132792,10.0,6,16,1983,0.033493708,B,B,66,10573,1,1322.0,3,8,B,179276.570884606
3172,27,3,59.43398388460759,58.951356011653225,1.0,7,25,2016,0.072157581,B,B,2,629,1,900.0,0,0,A,169523.64193150707
5674,77,1,39.05556390481898,20.19633433236669,8.0,5,12,1977,6.99893e-05,B,B,46,10309,1,240.0,1,16,B,177099.6904465422
5048,94,2,61.0295581026808,33.83375273569052,12.0,12,14,2003,0.521867054,B,B,25,6149,0,900.0,0,0,B,217708.19978103388
1245,26,1,85.45017473248195,82.91130502915647,1.0,8,20,2012,0.0,B,B,36,6714,2,2672.0,0,2,B,261610.80413152344
5906,109,1,33.85286195621289,21.12857910284489,6.0,4,9,1979,0.1363303,B,B,30,6141,10,262.0,3,6,B,157158.82443402955
9108,127,1,38.18020308714488,16.554307939008208,9.0,5,9,1964,0.486245621,B,B,13,2514,19,900.0,0,6,B,171782.59153332774
7788,5,1,36.75250636108544,22.149367752722178,9.0,8,9,1984,0.150817539,B,B,16,3433,4,2643.0,4,5,B,170501.73109085218
3315,52,2,66.75054266953568,32.772431056458856,1.0,1,1,1977,0.371148999,B,B,34,7065,1,750.0,2,5,B,208228.92323838617
7165,31,2,47.89551283249981,27.49388148414318,5.0,4,5,1965,0.151346216,B,A,32,5889,10,830.0,4,1,B,195616.87400523105
15612,27,3,79.51289570796415,41.329211107677374,12.0,12,17,2007,0.07542368,B,B,11,3097,0,900.0,0,0,B,312491.2967511355
7693,23,1,31.63348528392183,31.63348528392183,6.233004930000002,8,12,1977,0.034656082,B,B,0,168,0,900.0,0,0,B,92523.21715851846
10795,6,2,62.2113794254756,58.00986704349823,1.0,12,17,2016,0.243204519,B,B,5,1564,0,540.0,0,0,B,199948.71143956718
5659,46,2,44.43676357946644,44.43676357946644,1.0,2,9,1973,0.0,B,B,47,11319,0,1145.0,3,5,B,156298.255439371
12551,124,2,69.86074198232329,40.89833833725484,8.0,5,5,1953,0.16909109,B,B,19,3856,10,900.0,2,5,B,317255.20007538056
3459,107,3,58.05464111351393,37.29502148200921,5.0,5,5,1964,0.050272014,B,B,21,4231,14,1020.0,0,3,B,241385.4392678566
14301,31,2,43.13695939717929,30.37665976038993,5.0,5,5,1970,0.151346216,B,A,32,5889,10,830.0,4,1,B,200605.14501237604
1645,29,1,33.3534948427487,22.370452430353648,5.0,4,5,1964,0.086885265,B,B,10,2277,2,1547.0,0,0,B,153264.67897625564
5529,5,3,104.95680645684295,103.02163388055138,1.0,10,25,2015,0.150817539,B,B,16,3433,4,2643.0,4,5,B,285065.76828956424
1297,42,1,43.446218042593706,18.28785445311575,10.0,5,24,2009,0.158249043,B,B,21,5731,0,900.0,1,0,B,184600.0710607815
12463,39,3,61.35138988769325,47.40526848353405,5.0,8,9,1971,0.428825818,B,B,25,5011,8,730.0,0,2,B,248447.45415614673
7141,1,1,38.07507758620039,38.07507758620039,6.233004930000002,8,17,1977,0.007122317,B,B,1,264,0,900.0,0,1,B,146332.59179007425
6334,9,1,59.60544330856553,32.772431056458856,6.233004930000002,11,13,1977,0.161531741,B,B,25,5648,1,30.0,2,4,B,197447.16898218752
4221,166,2,68.5185614600764,45.37374689265626,9.0,5,7,1953,0.174739084,B,B,17,3379,9,100.0,0,3,B,321171.72955511184
12383,196,1,39.68563167079208,17.706905976201593,5.0,5,5,1928,0.0,B,B,30,7538,87,4702.0,5,5,B,162624.55579121524
15622,1,2,53.7580397456391,32.772431056458856,1.0,5,17,1977,0.007122317,B,B,1,264,0,900.0,0,1,B,161843.42514939563
9199,58,2,64.51092788214588,32.772431056458856,1.0,3,3,1977,0.43788524,B,B,23,5735,3,1084.0,0,5,B,165766.4410556069
4897,46,1,36.85880307258903,19.47901151437639,6.0,7,9,1969,0.0,B,B,47,11319,0,1145.0,3,5,B,168683.07116114176
14203,9,1,43.36803151186125,19.815651606753917,8.0,3,17,1995,0.161531741,B,B,25,5648,1,30.0,2,4,B,161781.62505269513
5349,27,1,47.1248445472182,44.75835548189686,1.0,14,14,2016,0.072157581,B,B,2,629,1,900.0,0,0,A,171280.95189345858
2531,30,1,45.50908808719003,45.04810122664368,1.0,17,17,1977,7.81528e-05,B,B,22,6398,141,1046.0,3,23,B,166812.16858509753
14935,30,1,49.38730567178187,32.772431056458856,1.0,14,17,1977,7.81528e-05,B,B,22,6398,141,1046.0,3,23,B,157789.93089132567
941,9,3,78.07812950073749,44.44074485914806,9.0,9,11,2016,0.161531741,B,B,25,5648,1,30.0,2,4,B,319679.62531870656
11298,1,2,67.11113955085395,32.772431056458856,1.0,2,17,1977,0.007122317,B,B,1,264,0,900.0,0,1,B,187126.38565898
15545,61,2,47.83205533219419,32.78137628412203,6.0,5,9,1975,0.300322518,B,B,52,10311,6,900.0,1,9,B,198803.29394156038
7413,23,1,33.515002213414235,18.55102432265988,6.0,5,5,2007,0.059456227,B,B,1,362,0,900.0,0,0,B,155455.6321533244
6507,62,2,44.80515341555724,31.05836514326758,6.0,3,9,1978,0.002211665,B,B,39,7614,3,900.0,1,5,A,187258.09167684457
5308,30,1,39.33491053597486,32.772431056458856,1.0,17,17,1977,7.81528e-05,B,B,22,6398,141,1046.0,3,23,B,131022.22145318333
7724,23,2,62.935159018263896,62.031825742544136,1.0,24,25,1977,0.075778755,B,B,6,1437,3,900.0,0,2,B,203433.64982295755
14089,1,1,50.784439006628006,32.772431056458856,1.0,14,24,1977,0.007122317,B,B,1,264,0,900.0,0,1,B,170460.9543407109
5090,1,1,39.17688846100205,18.504295434755612,1.0,1,17,1994,0.025609157,B,B,33,5261,0,240.0,3,1,B,145280.33036902643
15314,23,2,57.29001809731205,32.772431056458856,6.233004930000002,4,13,1977,0.034656082,B,B,0,168,0,900.0,0,0,B,141727.22867267995
15668,77,2,46.05791948176309,31.45476503659023,6.0,9,9,1974,6.99893e-05,B,B,46,10309,1,240.0,1,16,B,206427.84649853053
14202,22,1,38.44927244774158,32.772431056458856,1.0,15,17,1977,0.118537385,B,B,30,6207,1,1183.0,1,0,B,129605.63647687966
16390,3,2,54.05270366969877,31.064621314724327,9.0,17,17,1984,0.050900058,B,B,43,10621,1,30.0,2,3,B,254672.62378904145
1501,31,2,59.93026644518928,34.082750027028645,8.0,5,5,1955,0.151346216,B,A,32,5889,10,830.0,4,1,B,259416.25908198763
16098,62,2,64.48185441029746,36.65305402151925,9.0,12,14,2020,0.072157581,B,B,2,629,1,900.0,0,0,A,250043.36725405965
4533,31,2,83.96329898886948,38.41922410108136,14.0,33,40,2014,0.151346216,B,A,32,5889,10,830.0,4,1,B,388007.70622157893
11010,27,2,66.44850258937556,62.4351282951365,10.0,10,17,2017,0.011654127,B,B,4,915,0,900.0,0,0,B,211772.5802827143
8129,15,2,53.70701520720802,33.348647583462736,9.0,10,14,2006,0.158249043,B,B,21,5731,0,900.0,1,0,B,243098.0249029067
3733,105,1,45.54867441795584,20.452251453005,8.0,5,12,1983,0.069660344,B,B,31,6119,4,900.0,1,2,B,181615.84820141445
7191,64,1,37.18857597658922,36.456984768824064,7.0,1,17,1988,0.135649789,B,B,46,7960,6,350.0,3,11,B,121411.64035496832
5669,67,2,48.177732028495406,29.18953073356276,6.0,8,9,1975,0.100455735,B,B,43,7227,0,900.0,1,6,A,200575.14039188772
10727,57,1,43.89565602162408,21.92273416964414,8.0,16,17,1984,0.133215333,B,B,49,11395,3,1406.0,3,4,A,173722.9094217441
2023,119,1,32.14923116902317,20.068613420526315,5.0,5,9,1965,0.000995363,B,B,42,7651,1,900.0,1,5,B,155965.1677667867
6766,31,2,40.39086137539096,26.30698635575797,6.0,14,14,1974,0.151346216,B,A,32,5889,10,830.0,4,1,B,196706.66307279296
1995,176,2,56.85560567034372,35.90830314834036,7.0,4,5,1961,0.08761909,B,B,8,1497,5,900.0,1,0,B,275893.7326616873
6935,60,3,82.86069630205911,58.3390531290429,8.0,2,5,1960,0.341071945,B,B,27,5664,48,2300.0,3,11,B,343491.4872446382
4584,39,1,37.16273636397506,18.45916197487469,8.0,3,9,1973,0.428825818,B,B,25,5011,8,730.0,0,2,B,154437.99046554297
9901,3,2,56.49139264948145,30.4051313541998,8.0,17,17,1986,0.050900058,B,B,43,10621,1,30.0,2,3,B,244734.5451849128
16374,58,2,86.1635424450528,85.816977389377,1.0,11,17,1977,0.43788524,B,B,23,5735,3,1084.0,0,5,B,268537.68589687964
9028,27,2,75.55422113414335,32.772431056458856,1.0,1,1,1977,0.072157581,B,B,2,629,1,900.0,0,0,A,233226.75156950566
7013,11,2,56.12671878656214,31.04623364882865,8.0,4,12,1977,0.0001696759999999,B,B,36,5992,0,900.0,1,1,B,217054.9972673915
3014,27,2,60.54160514948218,34.67444638145063,11.0,7,17,2009,0.041116354,B,B,53,14892,4,900.0,1,4,B,232888.40542230807
7965,12,2,57.52728698018549,34.763952818184514,9.0,10,12,1996,0.090799103,B,B,74,19083,2,900.0,5,15,B,249971.71219883743
653,30,2,39.112929101577365,32.772431056458856,1.0,1,1,2015,7.81528e-05,B,B,22,6398,141,1046.0,3,23,B,152824.73060969033
12103,27,2,63.95362289550447,63.95362289550447,6.233004930000002,15,15,1977,0.072157581,B,B,2,629,1,900.0,0,0,A,233147.29367781308
14000,8,3,76.88002931309747,48.07059763049942,10.0,16,17,1987,0.092290642,B,B,21,4346,2,165.0,1,2,B,327807.62027334946
16101,7,3,57.21020572612854,38.2688161966276,5.0,3,3,1960,0.035145267,B,B,42,9292,3,2620.0,0,3,B,209529.20551931535
8147,53,2,55.33550102523056,36.95894963034658,7.0,14,17,1975,0.313924552,B,B,22,4625,11,3855.0,2,10,B,255891.8110088954
14304,128,1,37.19415789838301,20.4465895464994,8.0,2,17,1995,0.0,B,B,27,4798,0,30.0,2,8,B,174736.93131980862
7371,27,2,62.8270114526808,59.63789391426993,10.0,10,10,2013,0.011654127,B,B,4,915,0,900.0,0,0,B,248944.2821667148
2779,58,2,66.29533208203671,32.772431056458856,6.233004930000002,16,17,1977,0.43788524,B,B,23,5735,3,1084.0,0,5,B,187253.54987318956
1781,27,3,82.36401543559012,32.772431056458856,1.0,9,12,1977,0.072157581,B,B,2,629,1,900.0,0,0,A,228495.31134410203
8516,6,1,38.27845261227444,38.27845261227444,1.0,17,17,2016,0.243204519,B,B,5,1564,0,540.0,0,0,B,147674.15182314656
5298,27,2,62.831444780514325,32.772431056458856,6.233004930000002,6,24,1977,0.072157581,B,B,2,629,1,900.0,0,0,A,199289.35472270698
7948,32,2,46.597902448320006,29.4659163259918,6.0,8,9,1968,0.135649789,B,B,46,7960,6,350.0,3,11,B,201394.29388618932
5177,96,1,37.11483388313672,18.98125283784061,9.0,2,17,2004,0.041116354,B,B,53,14892,4,900.0,1,4,B,158586.33144896897
863,25,3,88.38073223429686,32.772431056458856,1.0,14,25,2018,0.069753361,B,B,53,13670,4,900.0,1,11,B,287920.60670012597
8318,9,2,42.06257852753836,32.772431056458856,1.0,1,1,1977,0.161531741,B,B,25,5648,1,30.0,2,4,B,152824.73060969033
15712,27,2,59.75730199564986,34.58612915529405,6.233004930000002,13,13,1977,0.017647053,B,B,2,469,0,900.0,0,0,B,213723.4227596762
8010,45,1,39.21998013253014,32.772431056458856,6.233004930000002,13,13,1977,0.195781053,B,B,23,5212,6,900.0,3,2,B,127832.25742722573
7351,6,2,52.91781737788504,32.772431056458856,1.0,3,17,1977,0.243204519,B,B,5,1564,0,540.0,0,0,B,138178.5344377296
7654,24,2,40.89253582228694,24.099321709912758,6.0,10,12,1973,0.111627393,B,B,50,12238,8,1970.0,2,3,B,185388.1800118621
1860,129,1,35.85425786368333,21.93062274839836,9.0,8,16,1982,0.051942062,B,B,17,4017,7,800.0,2,0,B,176423.32533847447
16734,56,1,41.77435417865932,23.47822259274657,8.0,14,17,1990,0.0,B,B,23,5067,4,900.0,2,6,B,180076.43443718244
2848,1,2,54.309484499529326,54.309484499529326,6.233004930000002,12,17,1977,0.007122317,B,B,1,264,0,900.0,0,1,B,173505.79465515242
4216,37,1,37.18076587542821,22.41201669227402,7.0,16,17,2003,0.178916796,B,B,18,3594,4,192.0,1,5,B,173488.61257855635
12398,32,3,65.51255803370036,45.15210020116864,7.0,5,9,1970,0.135649789,B,B,46,7960,6,350.0,3,11,B,295753.70595998305
8982,31,4,131.7865694218907,73.10774138397294,15.0,9,18,2012,0.0,B,B,23,3684,2,900.0,0,4,B,442938.0220645113
13414,10,1,41.28121316754779,18.3817884944364,8.0,7,17,1992,0.089039719,B,B,33,7976,5,900.0,0,11,B,160517.35496399936
3120,94,3,86.25720119466754,84.85606419991062,10.0,12,12,1977,0.282797669,B,B,33,8667,2,900.0,0,6,B,275167.6348609337
6071,84,2,47.3913990667911,34.36565149423574,6.0,3,5,1962,0.149666373,B,B,22,4789,2,4087.0,4,1,B,196699.4707339281
7743,6,3,77.40637155066531,75.99495864522427,1.0,1,1,2014,0.243204519,B,B,5,1564,0,540.0,0,0,B,328893.9251094666
1346,27,3,87.19056472457856,85.62139656060491,11.0,7,13,1977,0.072157581,B,B,2,629,1,900.0,0,0,A,250814.07806781895
11643,29,1,36.54671816215014,20.03689759012066,5.0,4,5,1964,0.086885265,B,B,10,2277,2,1547.0,0,0,B,148230.43511676858
4301,44,2,60.68246576789922,37.55960236019028,10.0,16,22,2014,0.232205084,B,B,24,4860,1,80.0,0,3,B,281728.869066437
16745,21,1,36.794891735919855,20.14414295109089,5.0,5,5,1964,0.034331497,B,B,25,5487,3,900.0,0,4,B,148917.2328886079
8726,61,4,89.70460900472902,57.73160348055674,8.0,4,14,1994,0.300322518,B,B,52,10311,6,900.0,1,9,B,342713.36807511694
13819,46,1,30.94516744710193,13.434489510466545,6.0,5,9,1968,0.188783766,B,B,31,6137,4,900.0,0,1,B,138841.4616658306
744,25,1,36.09853624618584,35.88146555365105,1.0,1,1,2018,0.069753361,B,B,53,13670,4,900.0,1,11,B,118444.19917420071
12094,23,3,104.359532100956,32.772431056458856,1.0,5,25,1977,0.075778755,B,B,6,1437,3,900.0,0,2,B,250600.37609636056
14004,137,1,37.47723505130716,23.67998892016784,5.0,9,9,1965,0.200146802,B,B,23,3975,8,770.0,2,0,B,178783.82761472493
10891,48,2,57.142198962269525,31.58441320550512,8.0,6,12,1981,0.041124634,B,B,46,9515,5,900.0,1,10,B,233301.2016736191
6736,31,1,39.79731414309313,23.507916565799235,8.0,3,17,1996,0.151346216,B,A,32,5889,10,830.0,4,1,B,175677.98952598043
10613,57,2,67.70883417480606,31.35136499114404,11.0,12,24,2005,0.090799103,B,B,74,19083,2,900.0,5,15,B,249435.3068211302
76,45,2,65.46692669064807,63.34006075613018,1.0,22,22,2015,0.195781053,B,B,23,5212,6,900.0,3,2,B,215613.77704930335
1261,45,2,40.50241481369879,24.3079804082572,5.0,1,12,1965,0.014423114,B,B,19,3806,4,900.0,0,3,B,176639.69816278358
6033,41,3,67.84946953385986,42.06558393211931,9.0,4,4,1941,0.127811589,B,B,28,7287,5,320.0,1,3,B,258441.3252603643
16482,95,1,43.54258277775217,32.772431056458856,1.0,17,17,1977,0.0,B,B,7,1660,39,1786.0,1,5,B,130161.3341841381
3480,119,2,47.6583382119277,32.67708885392219,5.0,5,5,1968,0.000995363,B,B,42,7651,1,900.0,1,5,B,189658.99890847682
4007,121,3,72.55033572802222,48.43556594355172,7.0,8,16,1977,0.212515361,B,B,19,3293,16,628.0,3,7,B,330837.9246066081
6937,103,4,92.49976840780153,64.32565950679445,7.0,3,10,1958,0.0006991189999999,B,B,14,3369,24,4129.0,0,3,B,443158.71783618664
6178,83,1,41.07698227850751,22.05723616580677,8.0,14,14,1987,0.0077202819999999,B,B,38,4788,2,900.0,0,4,B,176593.5516502095
14633,1,2,52.8044461552181,28.68026630084297,5.0,3,3,1959,0.036270089,B,B,6,1318,1,200.0,1,1,B,180747.09015382576
9382,45,3,77.8282688219774,44.92737428285353,10.0,7,17,1986,0.014423114,B,B,19,3806,4,900.0,0,3,B,340084.5141843996
11971,169,2,67.94555137697529,67.94555137697529,1.0,2,2,2017,0.178916796,B,B,18,3594,4,192.0,1,5,B,192100.60129095978
14461,38,1,37.40637225939317,26.255910261370783,7.0,4,9,1965,0.060753049,B,B,15,2787,2,520.0,0,7,B,166249.43169452617
2509,30,2,66.0999677400509,32.772431056458856,1.0,14,17,1977,7.81528e-05,B,B,22,6398,141,1046.0,3,23,B,187687.4019480648
10714,56,2,55.31126988480288,36.92669773526973,9.0,7,17,1987,0.0,B,B,23,5067,4,900.0,2,6,B,253524.50559584887
14363,88,1,45.72606462864954,32.772431056458856,6.233004930000002,4,13,1977,0.127375905,B,B,43,8429,3,900.0,3,9,B,169204.3883166184
4244,27,1,40.184429404828585,19.736195709269488,7.0,10,14,2000,0.041116354,B,B,53,14892,4,900.0,1,4,B,181530.06222271387
227,2,1,35.40036771608469,22.38735060270397,5.0,6,9,1969,0.130617806,B,B,39,10418,9,900.0,1,9,B,162475.2788870899
4498,95,2,56.2490326650036,32.214625292245,10.0,14,16,1975,0.341071945,B,B,27,5664,48,2300.0,3,11,B,260047.66684679643
9453,1,1,40.81251778084715,32.772431056458856,1.0,12,17,1977,0.007122317,B,B,1,264,0,900.0,0,1,B,128118.94344170437
14134,30,2,64.85408218338243,32.772431056458856,1.0,5,17,1977,7.81528e-05,B,B,22,6398,141,1046.0,3,23,B,183832.4115682085
13920,27,3,78.21206416124981,49.869568955208,9.0,8,12,2001,0.041116354,B,B,53,14892,4,900.0,1,4,B,328692.24436040246
15077,134,2,61.66440554905768,32.772431056458856,1.0,1,1,2016,0.212515361,B,B,19,3293,16,628.0,3,7,B,229776.84285360374
6680,27,1,43.393592848286886,42.689224303106,1.0,13,15,2015,0.011654127,B,B,4,915,0,900.0,0,0,B,149049.98802332245
1899,76,3,102.78122046187325,58.28680183308729,13.0,21,21,2012,0.0,B,B,7,1660,39,1786.0,1,5,B,401830.04434497585
516,1,1,44.08028523889399,23.93696975506809,9.0,16,22,2019,0.025609157,B,B,33,5261,0,240.0,3,1,B,175053.38198863144
3213,58,3,82.17736433099537,42.46210142656902,10.0,7,16,2005,0.1489038909999999,B,B,9,1952,1,1430.0,3,2,B,358025.7890336601
8944,75,2,46.12371654925122,30.978382863306543,5.0,5,5,1965,0.307466659,B,A,30,5048,9,325.0,2,5,B,193378.9746829297
3726,161,1,52.70849383766689,20.502344662972035,11.0,3,7,1911,0.014423114,B,B,19,3806,4,900.0,0,3,B,170329.47105094363
6380,41,2,56.912521103056726,29.876154184933053,8.0,5,12,1983,0.127811589,B,B,28,7287,5,320.0,1,3,B,233069.13995585925
12849,99,3,52.02876458769361,38.58813856858561,6.0,3,9,1972,0.033493708,B,B,66,10573,1,1322.0,3,8,B,218651.60311640386
12751,1,1,40.97560560816847,40.97560560816847,8.0,14,14,1990,0.025609157,B,B,33,5261,0,240.0,3,1,B,164699.17857634195
3139,104,3,72.15609435771249,46.912779129543935,9.0,3,9,1983,0.327018035,B,B,12,2270,23,2500.0,1,0,B,352749.2571465466
13621,3,2,41.23555102490317,22.60174922595389,6.0,4,14,1975,0.050900058,B,B,43,10621,1,30.0,2,3,B,201002.08803180757
7115,34,2,84.65505090896272,47.15480450304707,12.0,7,24,2014,0.069753361,B,B,53,13670,4,900.0,1,11,B,336396.4311024035
4830,23,2,60.67541802034916,60.565770035445134,1.0,5,25,1977,0.075778755,B,B,6,1437,3,900.0,0,2,B,184183.12978230332
10785,45,3,83.22441166759276,32.772431056458856,1.0,7,7,2013,0.195781053,B,B,23,5212,6,900.0,3,2,B,239593.84297988258
4248,29,3,73.85431599323309,45.122852346577794,6.0,3,5,1957,0.069660344,B,B,31,6119,4,900.0,1,2,B,214015.39826656695
2161,74,2,81.57298164117185,32.772431056458856,1.0,7,25,1977,0.075778755,B,B,6,1437,3,900.0,0,2,B,257137.18873050503
10707,99,2,46.47378108552893,31.931702019735926,6.0,7,9,1971,0.033493708,B,B,66,10573,1,1322.0,3,8,B,208834.45181760457
13314,123,1,39.729012992625904,24.20476870171841,6.0,5,9,1972,0.0,B,B,47,11319,0,1145.0,3,5,B,169407.4196748432
3658,6,2,64.61251753337437,32.772431056458856,1.0,6,17,1977,0.243204519,B,B,5,1564,0,540.0,0,0,B,186799.82446717416
1738,1,3,83.76174533594072,32.772431056458856,1.0,9,17,1977,0.007122317,B,B,1,264,0,900.0,0,1,B,228158.17046184922
11744,105,3,56.44030626737361,35.87373653528762,6.0,5,9,1973,0.040242764,B,B,25,3478,11,2729.0,3,1,B,252032.86135423355
7407,57,1,40.01913833013058,24.806652576146604,10.0,19,22,2002,0.090799103,B,B,74,19083,2,900.0,5,15,B,156452.67816697943
5169,23,1,48.9084624617809,24.033376497729712,10.0,6,9,2016,0.014072961,B,B,2,475,0,900.0,0,0,B,172752.57019390602
3821,53,1,30.96612456567489,19.73219578065021,6.0,1,5,1961,0.049637257,B,B,34,7759,0,229.0,1,3,B,139695.51800547968
5805,2,2,45.57562513738901,29.053420284372677,5.0,3,5,1966,0.0,B,B,33,7425,1,900.0,2,5,B,175185.84524207053
1573,39,1,46.29449902089583,21.96837793065621,11.0,7,16,2006,0.428825818,B,B,25,5011,8,730.0,0,2,B,169735.99175686133
12131,173,3,87.68829804565483,58.43903983554578,11.0,2,6,1937,0.081943463,B,B,20,2738,20,900.0,1,4,B,290020.8197125172
15806,12,3,76.53652641376584,49.341327788929966,10.0,12,16,1984,0.090799103,B,B,74,19083,2,900.0,5,15,B,323364.44443165965
11672,69,2,56.98516272366658,32.460362286705035,9.0,7,17,2005,0.000991363,B,B,33,6783,3,900.0,1,9,B,244920.49938241323
3892,41,2,45.98948346494266,32.05267485780537,6.0,6,12,1969,0.175054867,B,B,36,10055,3,900.0,1,0,B,201469.85665003973
11727,6,3,77.5642182203554,32.772431056458856,1.0,13,17,1977,0.243204519,B,B,5,1564,0,540.0,0,0,B,233428.23882715905
16319,46,2,43.03206575205556,25.177862103620548,6.0,12,12,1969,0.0,B,B,47,11319,0,1145.0,3,5,B,197860.84322629566
5055,1,2,55.577610078870784,32.54836018516995,9.0,10,17,2014,0.007122317,B,B,1,264,0,900.0,0,1,B,225688.70573472368
14296,27,2,62.1420496427643,32.772431056458856,1.0,8,17,1977,0.072157581,B,B,2,629,1,900.0,0,0,A,183045.56118183114
10905,6,2,67.33137527081571,32.772431056458856,1.0,14,17,1977,0.243204519,B,B,5,1564,0,540.0,0,0,B,191157.76326223827
2590,18,2,54.23995778498378,31.648150098788754,8.0,4,14,1988,0.0,B,B,30,5562,0,900.0,0,5,A,216944.30376165724
4475,0,2,45.79745147518742,32.44552700548732,5.0,2,5,1973,0.006076152,B,B,30,5285,0,645.0,6,6,B,188128.88439560766
3313,48,2,46.87442560346106,29.423719998305245,6.0,2,9,1979,0.041124634,B,B,46,9515,5,900.0,1,10,B,197640.70710358903
2464,88,3,87.87171565707352,32.772431056458856,1.0,1,1,1977,0.127375905,B,B,43,8429,3,900.0,3,9,B,254356.2721901471
12184,1,2,66.82814720114739,66.51556795276943,1.0,13,17,1977,0.007122317,B,B,1,264,0,900.0,0,1,B,192789.52060853972
14886,90,1,32.809006307769124,20.995885185174924,5.0,4,5,1961,0.246031548,B,A,22,3151,4,2715.0,3,3,B,148928.7121315143
1385,1,1,43.20107930599808,32.772431056458856,1.0,17,17,1977,0.007122317,B,B,1,264,0,900.0,0,1,B,129952.24696466033
15561,1,1,43.570333707682806,32.772431056458856,6.233004930000002,19,20,1977,0.007122317,B,B,1,264,0,900.0,0,1,B,152834.15117319993
9884,29,1,17.273699182726347,16.452172164491667,2.0,3,5,1962,0.069660344,B,B,31,6119,4,900.0,1,2,B,115488.25988257003
9895,62,3,86.14885214048262,32.772431056458856,1.0,12,17,1977,0.072157581,B,B,2,629,1,900.0,0,0,A,255061.8545332466
16307,126,2,56.1172559943762,35.995019792810176,7.0,5,5,1959,0.333891544,B,B,30,6564,1,900.0,0,0,B,278412.9853646952
2978,66,2,47.46059316079141,32.996225127612576,5.0,6,9,1975,0.111627393,B,B,50,12238,8,1970.0,2,3,B,204612.7454434955
6553,34,5,122.37527320536724,32.772431056458856,6.233004930000002,9,13,1977,0.069753361,B,B,53,13670,4,900.0,1,11,B,415749.7790375635
3951,32,2,52.74607572227236,34.25426019363882,9.0,2,12,1977,0.135649789,B,B,46,7960,6,350.0,3,11,B,200786.84889931927
1555,109,2,52.72903682671996,37.158516451143385,6.0,2,9,1977,0.1363303,B,B,30,6141,10,262.0,3,6,B,208376.85376008914
8502,23,1,43.38344767685091,39.63523541755307,1.0,3,4,2017,0.034656082,B,B,0,168,0,900.0,0,0,B,110865.85037264295
15095,6,3,83.79342035694563,32.772431056458856,1.0,3,17,1977,0.243204519,B,B,5,1564,0,540.0,0,0,B,212598.3125270286
7372,61,2,48.54753228005514,42.214992112446495,5.0,9,9,1976,0.300322518,B,B,52,10311,6,900.0,1,9,B,215177.72873677715
4385,46,2,58.87737157486303,31.59340051277945,8.0,13,16,1981,0.0,B,B,47,11319,0,1145.0,3,5,B,243665.30109037497
4362,11,2,48.542098620548046,33.86204023435177,5.0,4,5,1963,0.225824954,A,B,41,6558,7,1548.0,3,2,B,187083.07585428274
13831,6,2,65.98806791340026,60.24258345323662,1.0,17,17,2014,0.243204519,B,B,5,1564,0,540.0,0,0,B,186705.45902349218
6489,48,2,62.07199667687857,60.723785302444725,1.0,1,1,2016,0.041124634,B,B,46,9515,5,900.0,1,10,B,208285.54861976116
3098,99,1,38.4619337494872,21.525432468888223,7.0,3,17,2002,0.012338886,B,B,35,5776,1,2078.0,2,4,B,174059.5779222443
6268,1,1,45.885992355293865,32.772431056458856,1.0,11,20,1977,0.007122317,B,B,1,264,0,900.0,0,1,B,172218.3861096004
11688,98,2,54.584236746163214,34.12578616699977,9.0,12,12,1977,0.195781053,B,B,23,5212,6,900.0,3,2,B,238055.73712517158
12426,6,2,67.8654535810047,34.92785592671797,12.0,9,17,1977,0.243204519,B,B,5,1564,0,540.0,0,0,B,184886.50941657583
13894,9,2,52.12964663215251,30.287708750888967,8.0,7,14,1992,0.136244425,B,B,11,2370,0,900.0,0,1,B,232583.66507965524
7239,6,1,41.236986046787294,32.772431056458856,1.0,23,25,1977,0.243204519,B,B,5,1564,0,540.0,0,0,B,156658.42786940598
425,53,3,79.43132044955854,53.6186575177778,14.0,9,24,2017,0.049637257,B,B,34,7759,0,229.0,1,3,B,316058.82992471656
3425,27,1,41.58102024974895,32.772431056458856,1.0,9,12,1977,0.011654127,B,B,4,915,0,900.0,0,0,B,123647.9547451068
781,111,1,35.90778059903505,20.347566025844262,6.0,6,9,1968,0.135649789,B,B,46,7960,6,350.0,3,11,B,163286.11203774888
6206,59,2,78.53043555955044,32.772431056458856,6.233004930000002,7,13,1977,0.019508796,B,B,37,7687,11,176.0,5,5,B,222748.10574201553
6543,6,2,78.00296983906003,32.772431056458856,1.0,3,17,1977,0.243204519,B,B,5,1564,0,540.0,0,0,B,219846.47950196627
13646,9,2,58.69712170091629,33.87381509241408,9.0,16,17,1994,0.069753361,B,B,53,13670,4,900.0,1,11,B,265354.36856227205
1686,62,3,137.65321074717082,136.92109030501337,6.233004930000002,3,3,1977,0.072157581,B,B,2,629,1,900.0,0,0,A,260272.03122849055
10664,6,2,71.27996797259519,38.324806715095406,11.0,4,25,2015,0.243204519,B,B,5,1564,0,540.0,0,0,B,224187.77044729382
13420,27,2,66.2686434987951,39.26450110491086,8.0,3,3,2017,0.01405792,B,B,1,290,0,900.0,0,0,B,222907.82810077246
14300,46,1,21.674694282234054,15.567682875323314,2.0,5,5,1967,0.188783766,B,B,31,6137,4,900.0,0,1,B,116987.77766361358
10604,191,1,56.7438446417274,32.96492516417073,9.0,15,16,1986,0.127375905,B,B,43,8429,3,900.0,3,9,B,187464.36646056984
64,39,1,45.07407883523329,14.823382316577652,12.0,13,17,2006,0.428825818,B,B,25,5011,8,730.0,0,2,B,144436.61896666035
2786,53,1,37.60498614858784,37.60498614858784,1.0,12,12,2017,0.049637257,B,B,34,7759,0,229.0,1,3,B,122682.92547985114
5622,83,2,48.25740898339328,33.74864232731982,5.0,6,9,1978,0.0077202819999999,B,B,38,4788,2,900.0,0,4,B,210100.19206106383
10123,120,1,56.75871242946553,54.91231332224197,1.0,7,7,1977,0.341071945,B,B,27,5664,48,2300.0,3,11,B,225316.4739320936
4096,27,3,78.02570589184715,42.60886734709052,1.0,1,14,2016,0.017647053,B,B,2,469,0,900.0,0,0,B,257534.83906794808
3502,89,1,35.298727218702595,24.712248471046475,5.0,4,9,1963,0.1363303,B,B,30,6141,10,262.0,3,6,B,161952.12098418656
1758,6,1,42.09261628329656,32.772431056458856,1.0,17,17,1977,0.243204519,B,B,5,1564,0,540.0,0,0,B,127318.83496567984
3570,1,1,42.35619004623624,32.772431056458856,11.0,16,22,1977,0.007122317,B,B,1,264,0,900.0,0,1,B,156936.5916244601
7227,34,1,52.12702870114566,32.772431056458856,9.0,13,25,2017,0.069753361,B,B,53,13670,4,900.0,1,11,B,185384.43069794797
13451,12,1,42.83419361349053,21.95000227935471,8.0,4,12,1995,0.090799103,B,B,74,19083,2,900.0,5,15,B,176347.06800441802
13668,100,2,53.76785024316976,32.700648558102934,6.0,3,9,1965,0.200146802,B,B,23,3975,8,770.0,2,0,B,197225.95860936958
9599,161,1,44.86158533901654,17.158929638122046,10.0,19,20,1977,0.0006991189999999,B,B,14,3369,24,4129.0,0,3,B,166426.62022091527
5260,73,3,69.35824216786278,51.24758129565896,6.233004930000002,6,6,1931,0.042031587,B,B,37,6856,84,1940.0,2,5,B,222996.5248651248
10087,63,1,39.877371710200144,20.42997500540637,8.0,11,17,1999,0.23861713,B,B,26,3889,6,705.0,3,6,B,184189.30819563704
6075,167,3,58.179880719510486,34.11049028318629,6.0,4,5,1961,0.050272014,B,B,21,4231,14,1020.0,0,3,B,195523.62183768168
15227,31,3,98.64221943398564,54.330062176152566,11.0,18,18,2014,0.151346216,B,A,32,5889,10,830.0,4,1,B,390645.4009109048
7864,177,2,45.11280890306858,29.165319685446907,6.0,5,12,1971,0.0,B,B,36,6714,2,2672.0,0,2,B,202343.1831078681
15836,23,1,47.25453674477815,18.422295171870264,10.0,16,17,2008,0.075778755,B,B,6,1437,3,900.0,0,2,B,148575.38124054685
16267,11,2,47.35406382884665,31.484406895686817,6.0,2,9,1969,0.038692987,B,B,28,6533,1,1015.0,2,5,B,193984.89334231656
15771,23,3,105.59883863423885,32.772431056458856,1.0,22,25,1977,0.075778755,B,B,6,1437,3,900.0,0,2,B,274004.34841435956
7644,1,3,84.25846795624682,48.276506308340686,10.0,7,22,2010,0.025609157,B,B,33,5261,0,240.0,3,1,B,340755.2614276427
6026,113,2,46.55958008783286,33.30825412830499,6.0,2,9,1969,0.050755569,B,B,24,5469,1,145.0,0,1,B,198228.67195285592
14857,30,3,84.06506385867998,32.772431056458856,1.0,2,17,1977,7.81528e-05,B,B,22,6398,141,1046.0,3,23,B,206681.5272142765
12003,1,2,65.39648955268882,32.772431056458856,1.0,12,17,1977,0.007122317,B,B,1,264,0,900.0,0,1,B,185614.04201647398
3770,1,1,42.196031318958006,32.772431056458856,1.0,15,17,1977,0.007122317,B,B,1,264,0,900.0,0,1,B,127065.3996943321
14196,113,3,138.4092130323767,32.772431056458856,1.0,18,18,2016,0.050755569,B,B,24,5469,1,145.0,0,1,B,391608.6599667397
7468,21,1,40.58680780484851,25.849068898724934,6.0,5,9,1977,0.194489265,B,B,47,8004,3,125.0,3,5,B,167708.2150835167
12165,96,4,89.28455077012781,56.17451756289377,10.0,9,9,2002,0.041116354,B,B,53,14892,4,900.0,1,4,B,412018.0393956482
14233,6,1,38.40340586889232,32.772431056458856,6.233004930000002,14,17,1977,0.243204519,B,B,5,1564,0,540.0,0,0,B,128840.97890215542
9126,23,3,71.29153616189211,32.772431056458856,6.233004930000002,4,5,1977,0.034656082,B,B,0,168,0,900.0,0,0,B,145285.44604145334
7229,147,1,37.148797315910286,19.33222494543072,9.0,9,12,1969,0.319809354,B,B,25,4756,16,2857.0,5,8,B,168899.2692259512
3384,11,3,71.99063947254541,68.54914184365518,6.233004930000002,2,4,1977,0.012338886,B,B,35,5776,1,2078.0,2,4,B,152181.4011251728
6401,67,2,58.63033549754918,36.3152289756963,9.0,14,24,2007,0.100455735,B,B,43,7227,0,900.0,1,6,A,270329.87491740397
10877,9,3,87.32609655242695,48.701134930089786,10.0,20,22,1988,0.136244425,B,B,11,2370,0,900.0,0,1,B,364220.1037714775
6045,28,2,45.21785906144059,26.754449040347986,5.0,9,9,1970,0.118537385,B,B,30,6207,1,1183.0,1,0,B,212644.04022578706
10901,44,2,53.34942728773794,30.87100280741553,8.0,11,17,1993,0.122190486,B,B,25,4724,2,1308.0,1,3,B,237465.36284953717
8999,62,3,106.97734154831063,32.772431056458856,1.0,12,12,2017,0.072157581,B,B,2,629,1,900.0,0,0,A,313660.28975578514
16355,67,2,51.355861751943856,34.69136406429118,6.0,10,12,1981,0.0077202819999999,B,B,38,4788,2,900.0,0,4,B,184749.39646097395
5110,143,3,77.64720580895037,43.018488808117816,10.0,6,22,1990,0.049863387,B,B,18,3746,9,75.0,3,1,B,350681.80353436165
1474,74,1,48.03187756107896,32.772431056458856,6.233004930000002,7,13,1977,0.075778755,B,B,6,1437,3,900.0,0,2,B,159982.68416797926
15023,35,2,53.69865661228164,31.397704688078807,8.0,19,22,1986,0.089039719,B,B,33,7976,5,900.0,0,11,B,253338.33078496347
82,28,2,39.33459632324968,27.18331718478504,6.0,12,12,1971,0.118537385,B,B,30,6207,1,1183.0,1,0,B,197069.91254943944
321,9,3,80.133374126406,78.94227982319178,1.0,1,1,1977,0.161531741,B,B,25,5648,1,30.0,2,4,B,282671.7510548969
8236,48,2,80.6137132884967,80.6137132884967,1.0,1,1,2014,0.041124634,B,B,46,9515,5,900.0,1,10,B,322459.79961127223
123,52,3,84.01352699751675,84.01352699751675,1.0,14,17,2018,0.371148999,B,B,34,7065,1,750.0,2,5,B,231370.10693079315
7210,1,1,48.31441738513792,18.15545722628504,11.0,15,17,1977,0.014580716,B,B,3,760,1,900.0,0,0,B,149496.16076873496
8979,57,3,55.54495973521265,38.51322859173509,5.0,5,5,1962,0.133215333,B,B,49,11395,3,1406.0,3,4,A,224378.63706369064
9702,6,2,65.24286846475502,32.772431056458856,1.0,17,17,1977,0.243204519,B,B,5,1564,0,540.0,0,0,B,182436.07609024554
9258,62,3,87.18684394922536,86.65054388332146,1.0,9,21,2019,0.072157581,B,B,2,629,1,900.0,0,0,A,274909.18022812135
1402,1,2,65.34434122178106,32.772431056458856,1.0,12,17,1977,0.007122317,B,B,1,264,0,900.0,0,1,B,185614.04201647398
15587,1,2,58.2660032747876,32.548835167069925,8.0,6,17,2011,0.007122317,B,B,1,264,0,900.0,0,1,B,216333.57074009324
14438,61,2,57.460213321077525,33.412023557023105,10.0,16,17,1985,0.300322518,B,B,52,10311,6,900.0,1,9,B,260023.54607273082
9133,1,2,66.22350267159153,32.772431056458856,1.0,17,17,1977,0.007122317,B,B,1,264,0,900.0,0,1,B,189874.50151752066
9672,93,3,139.70880562664016,32.772431056458856,1.0,2,2,2016,0.004949358,B,B,0,186,0,900.0,0,0,B,199784.15428347833
9313,138,1,31.08673891350392,21.031544964660927,5.0,4,5,1966,0.014423114,B,B,19,3806,4,900.0,0,3,B,150787.07041640158
1353,74,2,54.55786968187346,30.07360437938401,9.0,15,15,2005,0.371148999,B,B,34,7065,1,750.0,2,5,B,249833.1659553867
514,119,1,45.033640221405456,20.31315453147781,10.0,13,24,2007,0.000995363,B,B,42,7651,1,900.0,1,5,B,193796.27404951202
364,62,2,57.96764453948018,32.772431056458856,1.0,8,17,1977,0.072157581,B,B,2,629,1,900.0,0,0,A,172784.73576119472
1895,46,3,76.75298904246684,47.82367406761829,10.0,9,17,1985,0.188783766,B,B,31,6137,4,900.0,0,1,B,322861.8404827028
206,33,3,73.2664704156283,52.33469535126819,8.0,5,5,1955,0.051942062,B,B,17,4017,7,800.0,2,0,B,351241.0626222337
15290,21,3,59.79310999913618,42.23004695445785,6.0,9,9,1969,0.194489265,B,B,47,8004,3,125.0,3,5,B,225386.22258699854
13504,1,2,63.038660241914044,63.038660241914044,6.233004930000002,17,17,1977,0.007122317,B,B,1,264,0,900.0,0,1,B,202004.71636622265
14673,6,1,48.573115082961,45.53385997556143,1.0,18,25,2016,0.243204519,B,B,5,1564,0,540.0,0,0,B,159209.17016744264
15642,20,1,50.36240482695722,26.673438781250557,15.0,8,11,2008,0.019508796,B,B,37,7687,11,176.0,5,5,B,204690.64747506552
10729,27,2,76.34515447039855,42.8207962816274,12.0,13,13,1977,0.017647053,B,B,2,469,0,900.0,0,0,B,357157.45795623347
5837,56,3,72.60182107524625,43.66982513116857,10.0,15,17,1987,0.0,B,B,23,5067,4,900.0,2,6,B,326357.5605760312
395,8,1,36.90442755817481,18.064181600946423,6.0,9,9,1968,0.43788524,B,B,23,5735,3,1084.0,0,5,B,170572.40533694316
3679,30,1,43.8437864463592,32.772431056458856,1.0,21,22,2015,7.81528e-05,B,B,22,6398,141,1046.0,3,23,B,156425.95677108286
7673,9,2,58.08572088505226,36.658556129317326,10.0,9,22,1995,0.161531741,B,B,25,5648,1,30.0,2,4,B,277892.9086974608
7785,29,2,60.79059135492034,32.92508663208161,11.0,16,16,2015,0.069660344,B,B,31,6119,4,900.0,1,2,B,227630.77101538779
10264,27,1,37.12417636141564,37.12417636141564,1.0,3,19,1977,0.211401214,B,B,9,1892,0,900.0,0,1,B,121716.81311610508
7962,99,1,35.25207673828785,20.955781136703685,6.0,8,9,1972,0.012338886,B,B,35,5776,1,2078.0,2,4,B,164871.1627269669
11683,67,2,56.54042603853461,30.30046506265157,8.0,4,12,1976,0.100455735,B,B,43,7227,0,900.0,1,6,A,237889.20306871203
15650,128,1,38.54684564950514,19.638502895015613,8.0,17,17,1993,0.0,B,B,27,4798,0,30.0,2,8,B,172336.2835882693
4247,35,1,36.707589817208905,19.419572167171868,6.0,12,12,1973,0.089039719,B,B,33,7976,5,900.0,0,11,B,171790.51452640333
14721,90,3,58.678677956346654,41.77940615153212,5.0,4,5,1967,0.265088676,B,B,37,5288,0,1937.0,3,2,B,232457.6518683873
11717,1,2,77.01609387494601,77.01609387494601,6.233004930000002,9,9,1977,0.007122317,B,B,1,264,0,900.0,0,1,B,293638.6677525392
5593,194,3,80.05045608929314,55.02680210642559,8.0,3,8,1962,0.174739084,B,B,17,3379,9,100.0,0,3,B,477332.88714760775
7855,6,1,52.51330992401352,32.772431056458856,1.0,1,1,2018,0.243204519,B,B,5,1564,0,540.0,0,0,B,150553.88365659458
5196,1,2,65.97754847242919,32.772431056458856,6.233004930000002,13,17,1977,0.007122317,B,B,1,264,0,900.0,0,1,B,181694.57628561638
4245,27,2,65.74084235281127,38.210692638060216,9.0,4,17,2016,0.211401214,B,B,9,1892,0,900.0,0,1,B,276428.64888998
11424,27,1,88.62711549813555,79.5889143525306,6.233004930000002,1,3,2014,0.07542368,B,B,11,3097,0,900.0,0,0,B,256802.40923175323
15203,88,1,42.537145639281306,22.46031438415561,8.0,4,12,1983,0.127375905,B,B,43,8429,3,900.0,3,9,B,175988.17966447584
14149,80,1,39.76106332210328,21.607034519030663,10.0,21,22,1990,0.0,B,B,39,8647,0,810.0,0,5,B,188410.1191022102
1352,161,2,44.53759922228132,32.77947494030346,5.0,5,5,1966,0.195781053,B,B,23,5212,6,900.0,3,2,B,189605.85337357287
16135,103,2,47.31997496624727,34.75482092992203,5.0,5,5,1961,0.151346216,B,A,32,5889,10,830.0,4,1,B,185705.7542975065
7054,30,1,44.768414349864,32.772431056458856,1.0,1,1,2015,7.81528e-05,B,B,22,6398,141,1046.0,3,23,B,145522.71597022508
2044,53,3,66.08672162491128,62.09438211211903,8.0,9,9,1975,0.049637257,B,B,34,7759,0,229.0,1,3,B,307363.96529018274
1503,62,2,46.25205569839256,23.809926927165733,6.0,11,14,1975,0.002211665,B,B,39,7614,3,900.0,1,5,A,203745.0345011395
14094,21,1,45.612502091484096,24.903593208429537,8.0,6,14,1993,0.194489265,B,B,47,8004,3,125.0,3,5,B,171360.71043184746
12235,23,2,66.99549392384945,32.772431056458856,1.0,17,17,1977,0.075778755,B,B,6,1437,3,900.0,0,2,B,190015.23718288838
8189,108,3,83.60218087057939,57.25931570947553,7.0,5,9,1960,0.0,B,B,23,3684,2,900.0,0,4,B,440883.453778228
16588,53,2,62.372475496634216,43.59720195240009,9.0,17,24,2018,0.049637257,B,B,34,7759,0,229.0,1,3,B,280865.78491708124
9957,27,2,45.284959905239496,31.380893209354163,6.0,1,4,1981,0.211401214,B,B,9,1892,0,900.0,0,1,B,183315.72951028353
9457,88,1,35.53218603160393,22.380693711000266,6.0,5,9,1977,0.127375905,B,B,43,8429,3,900.0,3,9,B,167202.93689064923
3199,52,2,57.53207116331018,34.291382373091075,9.0,12,17,1977,0.371148999,B,B,34,7065,1,750.0,2,5,B,256627.00516745524
10789,101,1,39.196954412008864,23.29920167078564,9.0,12,12,1973,0.225824954,A,B,41,6558,7,1548.0,3,2,B,180467.85845569978
5262,30,2,76.60753831867471,32.772431056458856,1.0,1,1,1977,7.81528e-05,B,B,22,6398,141,1046.0,3,23,B,204276.18722473938
6854,6,2,63.95926453819797,62.86548044557145,1.0,16,17,2018,0.243204519,B,B,5,1564,0,540.0,0,0,B,192860.76022809668
969,39,2,49.53673759131743,29.09313121703753,6.0,3,9,1976,0.428825818,B,B,25,5011,8,730.0,0,2,B,189493.96709975923
16613,12,1,38.56402437522423,19.66013932858299,8.0,13,16,1982,0.090799103,B,B,74,19083,2,900.0,5,15,B,181106.74653858496
12748,38,1,47.705575627852326,46.05649155827263,10.0,25,25,2017,0.060753049,B,B,15,2787,2,520.0,0,7,B,212111.23740045863
13926,44,3,61.71029500246214,40.0008159068278,5.0,9,9,1973,0.122190486,B,B,25,4724,2,1308.0,1,3,B,247535.99247432104
7390,156,2,52.81887681410856,34.616208430601624,9.0,12,17,2008,0.007658515,B,B,35,7077,56,2301.0,3,19,B,184300.68303325417
14971,44,2,45.5967946108787,34.53290003653864,6.0,1,5,1963,0.036122292,B,B,24,4378,0,1036.0,1,1,B,188700.3961253859
13103,8,2,67.28265780219178,35.2447612955446,12.0,6,16,2015,0.092290642,B,B,21,4346,2,165.0,1,2,B,231037.38155628744
3616,58,2,64.87918150522493,32.772431056458856,1.0,3,3,1977,0.43788524,B,B,23,5735,3,1084.0,0,5,B,165026.64780859332
5860,1,1,49.11291550234776,32.772431056458856,1.0,5,13,1977,0.007122317,B,B,1,264,0,900.0,0,1,B,168006.58671439902
4162,46,1,41.39944035650125,20.84445226571617,10.0,6,22,2000,0.188783766,B,B,31,6137,4,900.0,0,1,B,194656.91681609207
12144,128,1,39.40216930841053,21.149389319690872,8.0,9,14,1991,0.0,B,B,27,4798,0,30.0,2,8,B,178991.59965584482
8544,7,3,118.79891875895424,68.77852358359644,16.0,6,17,2013,0.035145267,B,B,42,9292,3,2620.0,0,3,B,404863.83437095856
3238,13,1,38.70694320605964,20.38525122390129,10.0,17,22,1996,0.090799103,B,B,74,19083,2,900.0,5,15,B,181753.76502446667
3341,62,3,112.11401886382689,112.11401886382689,112.0,3,3,2017,0.072157581,B,B,2,629,1,900.0,0,0,A,276317.3267481429
12864,61,3,62.13406988937646,46.586230014304064,6.0,2,9,1975,0.300322518,B,B,52,10311,6,900.0,1,9,B,237578.10989154386
9101,124,1,31.813360216676827,21.86835875403738,5.0,5,5,1961,0.16909109,B,B,19,3856,10,900.0,2,5,B,149690.47256046295
11325,140,1,40.62324285122256,21.250937103583183,8.0,10,10,1976,0.23861713,B,B,26,3889,6,705.0,3,6,B,172814.19408198367
3180,101,2,42.807578680710655,24.33682188303826,6.0,10,12,1968,0.038692987,B,B,28,6533,1,1015.0,2,5,B,194453.65444571018
1965,170,3,61.68213894646274,39.23364920606232,6.0,9,9,1970,0.21843974,B,B,21,4472,6,1450.0,4,7,A,227793.4794880094
1893,45,3,78.62813718906361,78.62813718906361,1.0,5,22,1977,0.195781053,B,B,23,5212,6,900.0,3,2,B,268509.2421356372
12668,27,2,77.18424616193863,32.772431056458856,6.233004930000002,13,13,1977,0.072157581,B,B,2,629,1,900.0,0,0,A,256882.70985579846
15030,58,1,49.843528350129965,32.772431056458856,1.0,4,9,1977,0.43788524,B,B,23,5735,3,1084.0,0,5,B,114453.973835118
13404,23,1,38.102905648364406,38.102905648364406,1.0,7,17,1977,0.034656082,B,B,0,168,0,900.0,0,0,B,147626.869352823
807,23,2,64.33970980938707,39.39545630904298,10.0,2,3,1977,0.005767451,B,B,1,388,0,900.0,0,0,B,200098.34980897736
8515,58,3,77.06340914613781,47.42609391324714,10.0,7,17,2008,0.050755569,B,B,24,5469,1,145.0,0,1,B,337761.13789813005
4695,1,1,40.19847184508317,21.807061075159822,10.0,12,17,2017,0.007122317,B,B,1,264,0,900.0,0,1,B,170636.82981973584
4761,88,1,38.320988539255815,20.762735529415764,9.0,10,12,1973,0.127375905,B,B,43,8429,3,900.0,3,9,B,178907.06559546047
12203,52,1,40.06185124164293,40.06185124164293,6.233004930000002,10,17,1977,0.371148999,B,B,34,7065,1,750.0,2,5,B,134255.04904755345
5347,45,1,40.571864946293786,21.152649914653534,6.0,4,5,1960,0.014423114,B,B,19,3806,4,900.0,0,3,B,157732.41586642986
13399,57,4,91.69575694003292,66.27022145682507,10.0,3,14,2004,0.133215333,B,B,49,11395,3,1406.0,3,4,A,354395.1015734098
13858,62,1,34.51942065031392,22.828470281424057,6.0,8,9,1974,0.002211665,B,B,39,7614,3,900.0,1,5,A,165863.13948411687
12505,8,2,54.47900316353508,33.470616877118374,8.0,12,17,2001,0.43788524,B,B,23,5735,3,1084.0,0,5,B,250154.78319428946
2442,53,3,79.42705371905548,77.40201304953315,1.0,16,16,2016,0.049637257,B,B,34,7759,0,229.0,1,3,B,247130.48388265114
15245,98,2,64.15277492010668,39.1168256677101,10.0,20,22,1990,0.195781053,B,B,23,5212,6,900.0,3,2,B,265531.8408646992
9898,27,1,42.25890677523935,32.772431056458856,6.233004930000002,8,17,1977,0.011654127,B,B,4,915,0,900.0,0,0,B,127943.44424151696
11651,3,1,40.11768891770818,24.646038170932503,7.0,12,16,1973,0.050900058,B,B,43,10621,1,30.0,2,3,B,162959.7123572788
6259,27,1,47.055625111115205,47.04406917490986,7.0,12,17,1977,0.072157581,B,B,2,629,1,900.0,0,0,A,202413.40330509547
10520,42,4,100.7299945314214,67.12335746353571,10.0,8,12,2005,0.158249043,B,B,21,5731,0,900.0,1,0,B,422734.53388890385
13599,23,3,65.23831177017196,64.91282286118853,1.0,13,17,1977,0.034656082,B,B,0,168,0,900.0,0,0,B,147517.2076452447
9694,12,2,53.78416894500906,30.26052529727913,8.0,14,14,1992,0.090799103,B,B,74,19083,2,900.0,5,15,B,244738.4917683269
12220,188,2,62.1567489665968,29.112162856434598,9.0,16,25,2010,0.0,B,B,7,1660,39,1786.0,1,5,B,277762.45083561825
1529,52,1,40.35607174342222,32.772431056458856,1.0,14,17,1977,0.371148999,B,B,34,7065,1,750.0,2,5,B,128095.66723137103
14853,1,2,64.28005771551999,32.772431056458856,1.0,18,20,1977,0.007122317,B,B,1,264,0,900.0,0,1,B,194440.71194262852
16750,74,2,51.15740339100298,48.62978589972374,6.233004930000002,3,3,2017,0.075778755,B,B,6,1437,3,900.0,0,2,B,133078.49352524366
3630,23,3,68.58456116516244,32.772431056458856,1.0,4,4,1977,0.034656082,B,B,0,168,0,900.0,0,0,B,121722.29738512986
15943,111,1,38.1661399046898,21.64784723392929,10.0,5,12,1964,0.1363303,B,B,30,6141,10,262.0,3,6,B,173627.22728194497
13828,34,3,89.48296972227655,10.692498911634534,10.0,11,17,1998,0.069753361,B,B,53,13670,4,900.0,1,11,B,281436.64237343974
15618,52,1,40.495017241199406,32.772431056458856,6.233004930000002,8,17,1977,0.371148999,B,B,34,7065,1,750.0,2,5,B,128130.73409197628
6130,6,2,61.87282257340986,32.772431056458856,12.0,6,17,1977,0.243204519,B,B,5,1564,0,540.0,0,0,B,207086.45027214132
14219,84,1,31.152639840578733,17.72981352341405,5.0,9,9,1971,0.006076152,B,B,30,5285,0,645.0,6,6,B,161400.48269832195
4276,83,2,52.12541346590567,33.65406132469541,8.0,5,12,1980,0.0077202819999999,B,B,38,4788,2,900.0,0,4,B,231734.40183726142
12798,47,1,35.16001098926682,23.22068171653761,6.0,7,9,1979,0.101872465,B,B,23,4583,3,900.0,3,3,B,163552.17359295292
14215,4,3,67.72730687474112,46.68810241363855,9.0,8,12,1968,7.81528e-05,B,B,22,6398,141,1046.0,3,23,B,286673.4279331761
6290,30,3,77.31338194484648,32.772431056458856,1.0,25,25,1977,7.81528e-05,B,B,22,6398,141,1046.0,3,23,B,250538.2082946524
16625,19,1,39.57488978600692,19.503479840441496,7.0,17,17,2003,0.309479124,B,B,35,7715,4,990.0,0,6,B,178119.92368096102
4067,34,2,54.97198742091878,33.966561003630765,9.0,12,17,1998,0.069753361,B,B,53,13670,4,900.0,1,11,B,237639.0785092014
3552,44,2,40.48495270749405,27.301096758212875,6.0,10,14,1969,0.232205084,B,B,24,4860,1,80.0,0,3,B,191563.45355030402
3804,13,1,42.08825354664381,24.351503545087,8.0,11,14,1997,0.090799103,B,B,74,19083,2,900.0,5,15,B,173101.21070809767
8465,1,3,76.72919113513882,32.772431056458856,1.0,13,13,1977,0.007122317,B,B,1,264,0,900.0,0,1,B,275638.76568210765
4395,27,2,57.78778799180313,35.24606736399442,9.0,3,10,1997,0.041116354,B,B,53,14892,4,900.0,1,4,B,242146.28946095714
5682,81,2,67.57557072998043,32.91770390461185,9.0,13,17,2010,0.006076152,B,B,30,5285,0,645.0,6,6,B,210978.2141836983
14241,62,3,86.30462183732111,55.289313305743725,11.0,5,14,2018,0.072157581,B,B,2,629,1,900.0,0,0,A,324229.4430944485
7489,27,1,44.49351144660157,42.43648811770733,1.0,13,19,2017,0.072157581,B,B,2,629,1,900.0,0,0,A,151507.04424075133
12468,3,1,41.397390382076296,32.772431056458856,1.0,1,1,1977,0.050900058,B,B,43,10621,1,30.0,2,3,B,120529.43521326176
15608,1,2,63.56994092179019,32.772431056458856,10.0,16,17,1977,0.007122317,B,B,1,264,0,900.0,0,1,B,198049.33250821911
16783,67,3,84.33113273242198,32.772431056458856,1.0,11,22,1977,0.0077202819999999,B,B,38,4788,2,900.0,0,4,B,289916.7826356649
11500,54,3,119.32063060724892,118.66721021762872,1.0,7,7,2015,0.006076152,B,B,30,5285,0,645.0,6,6,B,300968.7162101981
9154,101,2,48.21446760911349,33.03002877441823,5.0,3,5,1965,0.225824954,A,B,41,6558,7,1548.0,3,2,B,177812.75301086192
12474,9,3,46.40513565540877,25.35351024967065,5.0,6,9,1975,0.13012277,B,B,8,1986,0,900.0,0,0,B,187692.3593894745
6620,90,2,53.72275487285837,33.96161360481972,7.0,4,14,1991,0.246031548,B,A,22,3151,4,2715.0,3,3,B,227039.89674683448
2334,105,3,57.99859154562751,43.21438845235581,5.0,7,9,1970,0.040242764,B,B,25,3478,11,2729.0,3,1,B,262508.6839228703
11545,58,2,66.30408574572843,32.772431056458856,1.0,3,3,1977,0.43788524,B,B,23,5735,3,1084.0,0,5,B,168084.5943873764
2981,27,2,68.5818046685945,66.86041349691662,6.233004930000002,13,13,1977,0.072157581,B,B,2,629,1,900.0,0,0,A,241275.417680437
932,62,1,45.60536667785385,32.772431056458856,1.0,1,1,1977,0.072157581,B,B,2,629,1,900.0,0,0,A,151463.15970634465
3466,27,1,35.56042426937481,32.772431056458856,1.0,15,17,2018,0.011654127,B,B,4,915,0,900.0,0,0,B,125830.97973148506
16367,27,2,64.24856766446668,33.41653796838658,10.0,3,17,2016,0.011654127,B,B,4,915,0,900.0,0,0,B,250839.85128398813
7737,80,2,55.90369941173832,31.944822354342342,8.0,4,12,1980,0.0,B,B,39,8647,0,810.0,0,5,B,214995.69354546577
9122,27,2,46.602980442402526,30.149847491336303,6.0,5,5,1969,0.211401214,B,B,9,1892,0,900.0,0,1,B,207586.64226827174
13015,1,2,65.0976105413302,32.772431056458856,1.0,6,17,1977,0.007122317,B,B,1,264,0,900.0,0,1,B,186963.894044261
950,53,2,49.14484175653554,33.662006262950385,5.0,12,12,1971,0.049637257,B,B,34,7759,0,229.0,1,3,B,209683.30683727493
14806,58,2,70.89480810743805,32.772431056458856,1.0,1,1,1977,0.43788524,B,B,23,5735,3,1084.0,0,5,B,206802.28932579115
7354,85,1,38.1071942680484,20.208733367928065,9.0,13,16,1982,0.037177818,B,B,52,11217,1,2300.0,1,7,B,179243.771025119
13706,23,3,81.00345522474205,32.772431056458856,1.0,5,5,2017,0.034656082,B,B,0,168,0,900.0,0,0,B,229148.53505023196
13993,29,3,90.63792981748584,49.696245123036654,11.0,12,29,2012,0.069660344,B,B,31,6119,4,900.0,1,2,B,314994.9094211044
10577,23,3,64.69659095494735,32.772431056458856,1.0,3,3,1977,0.034656082,B,B,0,168,0,900.0,0,0,B,123594.4229386828
4592,130,1,45.88152749047446,24.705288298729805,8.0,1,8,1959,0.341071945,B,B,27,5664,48,2300.0,3,11,B,166890.91687362964
10295,27,1,48.16596339915765,32.772431056458856,1.0,5,17,1977,0.017647053,B,B,2,469,0,900.0,0,0,B,156294.08997280573
16432,25,3,77.69502100178278,43.668439617379455,10.0,6,17,2000,0.069753361,B,B,53,13670,4,900.0,1,11,B,322994.91242989886
6453,29,1,33.566347659815925,20.65683038688094,5.0,5,5,1965,0.069660344,B,B,31,6119,4,900.0,1,2,B,150827.44951416636
621,136,3,65.22173261261237,43.28151655677413,7.0,12,12,1974,0.019508796,B,B,37,7687,11,176.0,5,5,B,269502.87663473113
7114,89,3,63.10634336972989,48.632745646578535,6.0,9,9,1970,0.151346216,B,A,32,5889,10,830.0,4,1,B,246801.43989260957
6310,44,2,46.62366965384886,28.17433850257259,5.0,10,12,1970,0.036122292,B,B,24,4378,0,1036.0,1,1,B,206917.90252265963
12769,22,1,41.18166046456436,32.772431056458856,1.0,13,17,1977,0.118537385,B,B,30,6207,1,1183.0,1,0,B,128116.43392965545
12078,139,2,48.2706337160088,34.578522363463875,5.0,4,5,1962,0.122090347,B,B,29,6566,7,1894.0,4,0,B,186978.03866549264
10073,67,1,34.33921762697363,21.31166748358109,6.0,7,9,1974,0.0077202819999999,B,B,38,4788,2,900.0,0,4,B,161800.32053148787
11732,1,1,46.59728313118976,32.772431056458856,1.0,17,24,1977,0.007122317,B,B,1,264,0,900.0,0,1,B,156665.26718800922
3146,1,3,83.0531208131697,32.772431056458856,10.0,7,17,2017,0.007122317,B,B,1,264,0,900.0,0,1,B,236438.24362724915
15028,27,2,42.40873386310217,42.40873386310217,1.0,1,1,2016,0.072157581,B,B,2,629,1,900.0,0,0,A,171733.2871325784
6718,100,2,35.19102380690393,26.850188502496163,5.0,1,8,1961,0.049863387,B,B,18,3746,9,75.0,3,1,B,203922.55485159886
6256,37,2,48.2687257639134,29.769971301584377,6.0,6,9,1971,0.127811589,B,B,28,7287,5,320.0,1,3,B,199055.45832753612
14217,58,2,66.2596678437732,34.05873535715508,12.0,14,17,2011,0.050755569,B,B,24,5469,1,145.0,0,1,B,168757.4481584117
506,13,1,43.30781866229455,23.4614368390247,8.0,18,19,2000,0.090799103,B,B,74,19083,2,900.0,5,15,B,177296.767128549
5013,57,2,63.028650824145686,36.11260435755962,12.0,3,12,2003,0.090799103,B,B,74,19083,2,900.0,5,15,B,201052.25980738195
5302,29,1,34.32560526521368,21.182294669017125,5.0,4,5,1963,0.069660344,B,B,31,6119,4,900.0,1,2,B,156637.77973160642
15453,1,1,44.62274734721015,32.772431056458856,6.233004930000002,1,9,1977,0.007122317,B,B,1,264,0,900.0,0,1,B,129228.06502617503
14535,62,3,64.19588605946585,46.74645843223715,6.0,8,9,1972,0.002211665,B,B,39,7614,3,900.0,1,5,A,246428.51524432353
8160,46,2,54.61589082301326,34.37592445587682,8.0,1,12,1982,0.0,B,B,47,11319,0,1145.0,3,5,B,210705.61268269274
4075,27,2,57.78013943583012,56.0948723427382,6.233004930000002,6,17,1977,0.211401214,B,B,9,1892,0,900.0,0,1,B,181386.06495287266
701,90,2,54.153716290295954,35.21916068168964,9.0,10,17,1991,0.246031548,B,A,22,3151,4,2715.0,3,3,B,235698.03159078673
5807,2,1,40.20775609099764,19.719795060649968,8.0,16,16,1985,0.035145267,B,B,42,9292,3,2620.0,0,3,B,179043.46760381755
8469,167,3,50.90270728796192,33.92377006433001,5.0,4,5,1956,0.050272014,B,B,21,4231,14,1020.0,0,3,B,189377.61550093416
419,5,1,47.281817740816976,21.57606658636579,9.0,25,25,2005,0.150817539,B,B,16,3433,4,2643.0,4,5,B,169534.22780450713
2524,75,2,58.06663367562334,34.90720907332477,10.0,9,16,1977,0.307466659,B,A,30,5048,9,325.0,2,5,B,255123.56732803158
1633,27,1,34.09801208739627,32.772431056458856,1.0,10,25,1977,0.072157581,B,B,2,629,1,900.0,0,0,A,105231.42990615111
2729,75,2,45.847350604016775,25.093653584154467,6.0,13,14,1977,0.122090347,B,B,29,6566,7,1894.0,4,0,B,210535.06088943352
11838,0,1,41.38516689233557,17.441228719064224,8.0,14,17,2011,0.006076152,B,B,30,5285,0,645.0,6,6,B,174539.10602445822
6052,62,1,53.75248825796945,32.772431056458856,1.0,4,4,2014,0.072157581,B,B,2,629,1,900.0,0,0,A,135965.52928547192
1248,31,3,73.74071272163529,54.95102682202728,8.0,4,5,1959,0.151346216,B,A,32,5889,10,830.0,4,1,B,319211.36541059805
6677,9,2,58.91537935453077,34.23153912475935,10.0,6,10,1993,0.161531741,B,B,25,5648,1,30.0,2,4,B,261749.73991243247
1347,45,2,56.22782737638868,56.22782737638868,6.233004930000002,4,13,2018,0.195781053,B,B,23,5212,6,900.0,3,2,B,152926.78020402507
8673,27,1,47.058040732585056,32.772431056458856,1.0,4,16,2015,0.072157581,B,B,2,629,1,900.0,0,0,A,153992.7388663836
7848,1,2,63.82016625789128,32.772431056458856,6.233004930000002,3,22,1977,0.007122317,B,B,1,264,0,900.0,0,1,B,182147.59856567025
2024,27,3,108.65046454756737,32.772431056458856,1.0,4,6,1977,0.07542368,B,B,11,3097,0,900.0,0,0,B,257985.51242099414
8410,46,1,36.72663022974941,18.23662513248784,6.0,8,12,1980,0.0,B,B,47,11319,0,1145.0,3,5,B,176929.39589542613
11855,68,3,79.10410192791116,51.57553758964949,9.0,6,8,1960,0.081943463,B,B,20,2738,20,900.0,1,4,B,407403.14893999
16426,1,2,65.99885478326885,64.09975896598438,1.0,9,17,1977,0.007122317,B,B,1,264,0,900.0,0,1,B,185154.79117251537
1129,83,3,78.16075421670783,48.9452006002049,10.0,12,17,1986,0.0077202819999999,B,B,38,4788,2,900.0,0,4,B,343911.7803108517
10596,53,1,39.41692626154685,32.772431056458856,1.0,11,19,1977,0.049637257,B,B,34,7759,0,229.0,1,3,B,135377.59616561842
12640,6,2,54.62914192453746,31.48630808065044,6.233004930000002,4,17,2015,0.243204519,B,B,5,1564,0,540.0,0,0,B,192829.35040476275
1415,27,1,39.230454032895736,32.772431056458856,10.0,7,19,1977,0.211401214,B,B,9,1892,0,900.0,0,1,B,118708.59866195112
3250,62,2,78.10816037110486,32.772431056458856,1.0,1,1,1977,0.072157581,B,B,2,629,1,900.0,0,0,A,228451.86279703048
11081,6,2,52.15121938772336,32.772431056458856,1.0,11,17,1977,0.243204519,B,B,5,1564,0,540.0,0,0,B,157183.35035791132
2767,101,2,43.566380697249066,26.934369965365967,6.0,6,12,1971,0.038692987,B,B,28,6533,1,1015.0,2,5,B,205540.88348623933
2638,27,2,59.42716907892767,32.772431056458856,1.0,7,19,1977,0.211401214,B,B,9,1892,0,900.0,0,1,B,190534.43998142375
5377,6,3,79.78620443302081,48.667722484615815,12.0,3,17,1982,0.243204519,B,B,5,1564,0,540.0,0,0,B,304527.0234252046
5436,48,1,35.960618022261656,21.599896061488227,6.0,9,9,1980,0.041124634,B,B,46,9515,5,900.0,1,10,B,165532.06910168187
10215,58,1,41.923363057057415,19.433389973160438,1.0,15,17,2005,0.050755569,B,B,24,5469,1,145.0,0,1,B,166696.4935179264
2662,30,1,42.22711465585297,32.772431056458856,1.0,15,17,2015,7.81528e-05,B,B,22,6398,141,1046.0,3,23,B,127209.65937029365
6476,11,2,40.846069776834455,28.488985514368693,6.0,9,9,1972,0.038692987,B,B,28,6533,1,1015.0,2,5,B,198619.11023015212
618,27,3,46.75859082197714,32.772431056458856,1.0,23,25,2014,0.072157581,B,B,2,629,1,900.0,0,0,A,155862.1901399038
11895,30,2,65.77650282396219,32.772431056458856,1.0,14,17,1977,7.81528e-05,B,B,22,6398,141,1046.0,3,23,B,184259.5426392844
2292,58,1,42.36303354212637,23.00195389527373,9.0,8,14,1976,0.050755569,B,B,24,5469,1,145.0,0,1,B,180510.4274273082
30,23,2,64.41874176518218,32.772431056458856,1.0,8,17,1977,0.075778755,B,B,6,1437,3,900.0,0,2,B,187718.22405480721
1988,62,2,46.294911583941726,29.735076654721997,6.0,9,9,1977,0.037177818,B,B,52,11217,1,2300.0,1,7,B,196046.03366881717
13093,59,1,49.14409265395407,44.013458202479285,1.0,17,17,2017,0.019508796,B,B,37,7687,11,176.0,5,5,B,159587.29212140708
3786,23,1,41.95728802110396,41.598685828279976,1.0,4,9,2017,0.034656082,B,B,0,168,0,900.0,0,0,B,123653.00162155848
7481,2,2,48.46546338590159,30.684181104700944,8.0,5,5,1965,0.0,B,B,33,7425,1,900.0,2,5,B,226167.71873657763
11379,34,3,82.52433395390284,80.78735164459826,1.0,1,1,2017,0.069753361,B,B,53,13670,4,900.0,1,11,B,274756.63873655966
3352,113,1,78.24039417529103,75.5955757782687,6.233004930000002,5,12,2017,0.050755569,B,B,24,5469,1,145.0,0,1,B,295165.37819549587
2828,107,3,57.23025574661038,45.06110866491122,5.0,5,5,1962,0.050272014,B,B,21,4231,14,1020.0,0,3,B,228737.68032761905
10888,113,2,79.785380840401,43.07425876182476,13.0,4,16,2005,0.050755569,B,B,24,5469,1,145.0,0,1,B,322596.25146901165
1119,152,1,36.96794988469177,20.516719652264037,6.0,9,9,1969,0.042031587,B,B,37,6856,84,1940.0,2,5,B,164340.51651791873
4848,42,2,62.87247781739398,36.81160736315323,1.0,3,12,2008,0.158249043,B,B,21,5731,0,900.0,1,0,B,211801.2500608988
8265,27,1,42.7967325112426,32.772431056458856,6.233004930000002,9,13,1977,0.011654127,B,B,4,915,0,900.0,0,0,B,148061.17995808017
4774,30,1,40.08750902874917,32.772431056458856,1.0,22,22,2015,7.81528e-05,B,B,22,6398,141,1046.0,3,23,B,178248.29575437907
16659,1,3,79.17240127394857,32.772431056458856,1.0,10,17,1977,0.007122317,B,B,1,264,0,900.0,0,1,B,209023.1104187951
845,143,2,56.53984635254797,30.62328515003704,8.0,5,16,1981,0.049863387,B,B,18,3746,9,75.0,3,1,B,242902.72139237315
8002,135,3,57.6001936740121,37.79413881995215,5.0,5,5,1965,0.007658515,B,B,35,7077,56,2301.0,3,19,B,225741.3525352771
4583,70,3,61.03988652559382,45.0870176293714,6.0,6,9,1975,0.002211665,B,B,39,7614,3,900.0,1,5,A,242506.5089677885
7640,6,3,83.59925843840603,46.442016816036165,9.0,17,17,2016,0.243204519,B,B,5,1564,0,540.0,0,0,B,322415.55016484344
2132,94,2,83.61791933566413,39.74574781154256,12.0,22,23,2008,0.282797669,B,B,33,8667,2,900.0,0,6,B,360394.7818502361
15218,52,2,65.08694185300672,65.08694185300672,6.233004930000002,9,17,1977,0.371148999,B,B,34,7065,1,750.0,2,5,B,185694.5816395105
3265,124,1,37.23754249584145,19.57281170675045,9.0,10,12,1981,0.16909109,B,B,19,3856,10,900.0,2,5,B,183432.64135131528
10552,10,2,53.28378809851461,32.472275334318226,8.0,17,17,1989,0.089039719,B,B,33,7976,5,900.0,0,11,B,252555.34515588757
11551,103,2,38.44792234965314,23.199718247872767,7.0,5,9,1967,0.0006991189999999,B,B,14,3369,24,4129.0,0,3,B,198346.25676773142
6955,6,1,40.983889050056646,32.772431056458856,1.0,12,17,1977,0.243204519,B,B,5,1564,0,540.0,0,0,B,128030.83877648388
1802,27,1,47.22217794068264,22.57790639540169,8.0,7,10,2009,0.041116354,B,B,53,14892,4,900.0,1,4,B,180945.41522849593
3258,1,2,61.36273478271861,32.772431056458856,1.0,4,22,1977,0.007122317,B,B,1,264,0,900.0,0,1,B,180940.97498581756
3929,9,1,44.962964220885496,24.758626559900087,11.0,7,14,2008,0.13012277,B,B,8,1986,0,900.0,0,0,B,172545.7114561091
16647,23,1,44.87318859002068,32.772431056458856,1.0,14,17,1977,0.075778755,B,B,6,1437,3,900.0,0,2,B,127229.57990567619
15419,6,1,49.92379219766784,32.772431056458856,1.0,19,25,1977,0.243204519,B,B,5,1564,0,540.0,0,0,B,143296.08694584577
375,27,2,63.323765290432846,32.772431056458856,1.0,1,1,1977,0.072157581,B,B,2,629,1,900.0,0,0,A,185101.7351498586
9666,29,4,124.229576501472,72.15196797564664,14.0,11,14,2012,0.069660344,B,B,31,6119,4,900.0,1,2,B,438375.78049879725
8920,27,2,57.35262187723146,57.35262187723146,10.0,10,10,2016,0.072157581,B,B,2,629,1,900.0,0,0,A,210769.3162380168
398,98,2,57.82014436375555,32.8307299370997,10.0,4,16,1980,0.195781053,B,B,23,5212,6,900.0,3,2,B,234057.3856591435
9583,27,1,32.47978110410621,32.47978110410621,1.0,24,24,2014,0.072157581,B,B,2,629,1,900.0,0,0,A,133167.02942011954
12655,9,3,73.84663355424237,47.10201364746722,9.0,10,10,2007,0.31019913,B,B,11,2748,1,900.0,0,0,B,336960.1640780998
9282,91,2,48.40015339309917,28.18902638937384,5.0,7,14,1970,0.333891544,B,B,30,6564,1,900.0,0,0,B,206868.88462000876
5057,29,3,99.5193969686542,52.177740745330105,11.0,15,30,2013,0.069660344,B,B,31,6119,4,900.0,1,2,B,311270.4527104561
3279,111,2,50.975325180138114,29.590868743344565,8.0,11,12,1984,0.093442564,B,B,23,4635,5,3300.0,2,4,B,239716.25812500928
7187,27,1,37.36091478787089,20.92680236416469,6.0,3,3,2013,0.011654127,B,B,4,915,0,900.0,0,0,B,146022.50829319892
2428,27,1,31.472669536272694,18.18801523365757,7.0,3,4,1969,0.01405792,B,B,1,290,0,900.0,0,0,B,157077.08519957948
13916,54,2,87.28585801265007,59.12215681920473,18.0,4,36,2011,0.006076152,B,B,30,5285,0,645.0,6,6,B,297207.06901070004
6406,27,2,66.46950988443243,32.772431056458856,6.233004930000002,4,13,2018,0.017647053,B,B,2,469,0,900.0,0,0,B,193328.45248294764
4224,27,1,41.441012773388735,38.0138876480582,10.0,5,20,1977,0.017647053,B,B,2,469,0,900.0,0,0,B,144144.52489455152
9906,24,2,54.39698830213855,31.789238119537696,8.0,21,40,2010,0.111627393,B,B,50,12238,8,1970.0,2,3,B,270408.82957849686
11094,3,1,43.06559559391794,22.82642146807039,8.0,8,12,1983,0.050900058,B,B,43,10621,1,30.0,2,3,B,180907.68904693966
15896,9,1,41.86281062255679,26.74419716013925,8.0,4,14,1995,0.161531741,B,B,25,5648,1,30.0,2,4,B,165194.96455076456
1397,76,3,221.13876811375545,118.05534163943344,4.0,32,48,2011,0.0,B,B,7,1660,39,1786.0,1,5,B,314793.3426728003
16704,111,4,95.03303235560604,68.38822103299889,8.0,4,9,1974,0.135649789,B,B,46,7960,6,350.0,3,11,B,438841.9584927694
1816,140,1,35.24881811552593,20.537596307469823,6.0,2,5,1964,0.0,B,B,33,7425,1,900.0,2,5,B,157241.9363954772
16043,10,1,33.50776533337324,18.119473104878686,6.0,5,9,1972,0.089039719,B,B,33,7976,5,900.0,0,11,B,160140.79975120767
10670,1,2,65.89151783704786,32.772431056458856,1.0,8,17,1977,0.007122317,B,B,1,264,0,900.0,0,1,B,186244.46513684292
15967,124,2,55.63423158835434,35.528120086934344,6.0,8,9,1966,0.122090347,B,B,29,6566,7,1894.0,4,0,B,220098.64920694035
8740,155,2,58.84437252173449,31.653431184328323,7.0,2,5,1958,0.042307271,B,B,17,2810,9,4849.0,3,6,B,230683.92575143464
4110,134,1,42.225441521267975,32.772431056458856,1.0,16,17,1977,0.212515361,B,B,19,3293,16,628.0,3,7,B,127217.34574879201
6402,74,2,77.54897193086906,50.69925739008649,10.0,7,17,2018,0.075778755,B,B,6,1437,3,900.0,0,2,B,323165.75426589313
7551,6,1,44.21929924401866,32.772431056458856,1.0,1,1,1977,0.243204519,B,B,5,1564,0,540.0,0,0,B,141232.9617072022
510,30,3,83.03430064113046,82.61283614933097,1.0,17,17,2016,7.81528e-05,B,B,22,6398,141,1046.0,3,23,B,231716.4967659874
15664,47,2,73.04660921472451,51.9408419817037,9.0,22,22,2007,0.101872465,B,B,23,4583,3,900.0,3,3,B,375791.89811507246
4148,62,3,87.67646209339165,49.89395269954444,11.0,7,7,2016,0.072157581,B,B,2,629,1,900.0,0,0,A,264151.3764736048
4023,35,3,65.52593609057224,44.37310620565854,6.0,9,12,1972,0.089039719,B,B,33,7976,5,900.0,0,11,B,246912.85357748522
8560,37,2,57.97907378040711,32.772431056458856,10.0,7,20,2020,0.178916796,B,B,18,3594,4,192.0,1,5,B,245401.0720152473
3715,1,2,66.90331678346391,32.772431056458856,1.0,7,17,1977,0.007122317,B,B,1,264,0,900.0,0,1,B,192439.31695244723
4902,62,3,63.43377666278678,43.032641630296055,6.0,6,9,1977,0.002211665,B,B,39,7614,3,900.0,1,5,A,251620.67993297376
6461,101,1,41.36533248568241,22.02057496169424,8.0,13,14,2003,0.038692987,B,B,28,6533,1,1015.0,2,5,B,176980.10054603496
8651,27,1,46.76144131078764,32.772431056458856,6.233004930000002,12,13,1977,0.072157581,B,B,2,629,1,900.0,0,0,A,168039.29500419824
9172,46,3,60.34683023759045,46.90302376434744,5.0,6,9,1974,0.0,B,B,47,11319,0,1145.0,3,5,B,246167.06221985622
14080,84,1,35.575522144541786,20.87196191347237,7.0,9,9,1964,0.149666373,B,B,22,4789,2,4087.0,4,1,B,168716.71656939303
594,57,1,36.77550439101982,23.599799902819463,6.0,1,5,1961,0.133215333,B,B,49,11395,3,1406.0,3,4,A,140970.98530770003
8159,17,3,80.25653443908595,58.155110261666174,10.0,8,10,1960,0.0,B,B,25,5027,4,46.0,1,1,B,384213.5390335615
12700,102,2,50.0974701676359,31.02497718754775,8.0,14,14,1975,0.23861713,B,B,26,3889,6,705.0,3,6,B,249505.9830260659
3932,94,1,34.34489776182569,21.173681667032216,6.0,3,9,1972,0.282797669,B,B,33,8667,2,900.0,0,6,B,163895.05261393142
5651,118,1,33.04004282102069,18.13938704913121,5.0,5,5,1965,0.21843974,B,B,21,4472,6,1450.0,4,7,A,152445.2242581248
12525,31,1,37.29237442322599,17.440489394353072,5.0,5,5,1962,0.151346216,B,A,32,5889,10,830.0,4,1,B,161198.97715096906
9621,62,1,36.51353516143603,32.772431056458856,6.233004930000002,2,25,1977,0.072157581,B,B,2,629,1,900.0,0,0,A,111208.00575253752
2166,79,1,35.81024342317429,18.988108348133487,6.0,2,9,1967,0.050755569,B,B,24,5469,1,145.0,0,1,B,161551.76547034594
11319,58,2,62.3646995071319,34.54200383382101,12.0,2,10,2003,0.31019913,B,B,11,2748,1,900.0,0,0,B,176786.35066235703
16032,31,2,49.71052181593417,33.29039090787891,5.0,3,5,1966,0.151346216,B,A,32,5889,10,830.0,4,1,B,184639.92816077394
12185,27,3,83.24135525920686,32.772431056458856,1.0,7,17,1977,0.072157581,B,B,2,629,1,900.0,0,0,A,228523.07383399893
13974,12,3,66.64139378823815,48.280789695886405,6.0,9,9,1981,0.090799103,B,B,74,19083,2,900.0,5,15,B,284161.481169419
9683,113,3,66.26716052104592,40.32470121470561,8.0,9,9,1974,0.050755569,B,B,24,5469,1,145.0,0,1,B,301606.3028160595
13655,100,2,55.12014620381521,35.618127179571864,8.0,8,8,1960,0.049863387,B,B,18,3746,9,75.0,3,1,B,299626.6045908046
5140,1,1,47.0104306954243,22.589821519909982,9.0,20,27,2016,0.007122317,B,B,1,264,0,900.0,0,1,B,164256.20979687254
16325,19,2,59.49924253949579,34.31478893732645,10.0,7,17,2007,0.309479124,B,B,35,7715,4,990.0,0,6,B,261084.560987401
7261,52,3,77.70068972803716,32.772431056458856,1.0,13,17,1977,0.371148999,B,B,34,7065,1,750.0,2,5,B,237264.93265581175
3434,19,2,57.2649564248274,35.82746332039963,8.0,3,5,1960,0.309479124,B,B,35,7715,4,990.0,0,6,B,247628.24869193282
4444,48,2,52.92486174779645,34.565991581029785,8.0,9,12,1983,0.041124634,B,B,46,9515,5,900.0,1,10,B,207894.70470660436
1804,27,1,38.91677817121075,32.772431056458856,6.233004930000002,11,17,1977,0.011654127,B,B,4,915,0,900.0,0,0,B,127656.36565209585
3160,9,1,39.55929223967691,23.62200325774416,8.0,13,14,1991,0.161531741,B,B,25,5648,1,30.0,2,4,B,178792.2409960171
14609,62,1,36.40237118703023,32.772431056458856,6.233004930000002,7,15,1977,0.072157581,B,B,2,629,1,900.0,0,0,A,112918.20850916808
6675,0,2,48.47182230922556,33.79465544997723,9.0,12,12,1965,0.319809354,B,B,25,4756,16,2857.0,5,8,B,229999.6181946482
13984,145,4,95.78410642669752,55.002488153309365,10.0,5,12,1999,0.0,B,B,30,5562,0,900.0,0,5,A,375713.803793586
9372,88,1,36.54268130082464,22.639888672811495,6.0,4,9,1971,0.127375905,B,B,43,8429,3,900.0,3,9,B,158691.34418452028
10929,48,1,40.76789229479071,37.236548497599394,1.0,19,19,2017,0.041124634,B,B,46,9515,5,900.0,1,10,B,144073.95191700253
16208,132,1,68.15572730271272,49.10558076640324,7.0,3,16,1979,0.306977489,B,B,27,5148,14,1575.0,5,7,B,193037.15268563377
10133,52,1,41.77548636490789,32.772431056458856,1.0,3,17,1977,0.371148999,B,B,34,7065,1,750.0,2,5,B,121312.16084535232
841,27,1,56.667831977242,23.594230205475803,12.0,4,9,1999,0.017647053,B,B,2,469,0,900.0,0,0,B,245155.61595925715
7885,85,3,62.79390665024498,48.441875754299154,6.0,7,9,1979,0.037177818,B,B,52,11217,1,2300.0,1,7,B,248605.9048709579
1331,2,2,45.048484910548574,34.071153476044366,5.0,5,5,1967,0.130617806,B,B,39,10418,9,900.0,1,9,B,191417.5866301718
7615,1,2,85.0278508316292,40.7609048647472,11.0,13,20,2017,0.007122317,B,B,1,264,0,900.0,0,1,B,347947.8877287964
11503,79,2,46.21228951385411,31.381738548039195,5.0,3,5,1969,0.307466659,B,A,30,5048,9,325.0,2,5,B,192664.3106842483
11509,23,1,41.84121953760976,32.772431056458856,6.233004930000002,25,25,1977,0.075778755,B,B,6,1437,3,900.0,0,2,B,138947.21764907302
5581,27,1,33.94332776438772,32.772431056458856,1.0,1,1,1977,0.072157581,B,B,2,629,1,900.0,0,0,A,107864.48154317024
14579,27,3,77.38424831726405,76.90490253082197,10.0,12,19,2016,0.211401214,B,B,9,1892,0,900.0,0,1,B,278532.19694943476
8994,123,2,51.48211422111754,30.224071313164977,6.0,2,9,1972,0.0,B,B,47,11319,0,1145.0,3,5,B,187772.2460296926
10333,176,1,40.45925484366857,22.204869965191246,8.0,5,5,1960,0.08761909,B,B,8,1497,5,900.0,1,0,B,172414.89813506798
10948,8,2,50.76352544641324,34.62947460898743,8.0,9,12,1971,0.458174486,B,A,26,4439,1,1130.0,1,5,B,181765.06964073644
10014,1,1,38.79625535310509,32.772431056458856,1.0,8,17,1977,0.007122317,B,B,1,264,0,900.0,0,1,B,129550.82590564087
4010,2,3,66.38634457681522,38.75961169565053,8.0,7,12,1985,0.0,B,B,33,7425,1,900.0,2,5,B,303322.56958543626
5393,62,1,44.62623948575463,44.62623948575463,1.0,3,3,1977,0.072157581,B,B,2,629,1,900.0,0,0,A,120817.6346390395
9318,27,2,61.31583900803119,32.772431056458856,6.233004930000002,5,13,1977,0.072157581,B,B,2,629,1,900.0,0,0,A,212017.9690685159
5635,23,1,37.10063310720405,32.772431056458856,6.233004930000002,3,3,1977,0.005767451,B,B,1,388,0,900.0,0,0,B,104193.23242704867
13478,128,1,42.44469606768833,25.285681815524725,8.0,4,12,1989,0.041116354,B,B,53,14892,4,900.0,1,4,B,169649.70133743805
13573,61,1,46.06281490710816,22.926040179586423,8.0,12,12,1980,0.300322518,B,B,52,10311,6,900.0,1,9,B,171405.36665262267
6218,1,1,38.65871320511654,38.65871320511654,1.0,5,13,1977,0.007122317,B,B,1,264,0,900.0,0,1,B,136395.7581318414
5916,6,2,68.47176232143977,35.20541006388034,12.0,2,17,1977,0.243204519,B,B,5,1564,0,540.0,0,0,B,180804.60988187834
16486,124,2,67.14927562547429,39.35753066443172,12.0,3,17,2001,0.122090347,B,B,29,6566,7,1894.0,4,0,B,245205.55430046067
5615,6,2,57.66271738856253,36.87998289514661,9.0,7,9,2013,0.243204519,B,B,5,1564,0,540.0,0,0,B,291674.1085718867
14483,101,1,36.34213591075008,18.27552476716469,10.0,6,12,1970,0.038692987,B,B,28,6533,1,1015.0,2,5,B,162269.4776472785
11307,41,1,42.26722484375383,21.46592686704648,9.0,7,14,1974,0.036122292,B,B,24,4378,0,1036.0,1,1,B,176482.2043149433
11333,74,1,51.22848091744103,32.772431056458856,1.0,6,6,1977,0.075778755,B,B,6,1437,3,900.0,0,2,B,131872.71481303344
7762,61,2,50.12367637341,31.36443690912683,5.0,2,9,1976,0.300322518,B,B,52,10311,6,900.0,1,9,B,190230.61059507166
13139,53,2,57.00721393455122,57.00721393455122,1.0,10,18,2019,0.049637257,B,B,34,7759,0,229.0,1,3,B,192380.25493694446
14538,101,2,46.73646768430394,30.058232829342977,5.0,2,5,1964,0.225824954,A,B,41,6558,7,1548.0,3,2,B,185970.38162609522
14761,34,2,59.54278915675021,59.54278915675021,1.0,16,17,2016,0.069753361,B,B,53,13670,4,900.0,1,11,B,206194.759162114
13442,45,3,59.689000268939886,45.98021913585598,5.0,7,9,1968,0.014423114,B,B,19,3806,4,900.0,0,3,B,252927.81193606075
835,27,3,76.98919506227361,75.43593430262253,1.0,9,17,2014,0.011654127,B,B,4,915,0,900.0,0,0,B,226825.49575083525
15275,11,2,52.85537451351156,32.55957100018501,12.0,12,16,1975,0.0001696759999999,B,B,36,5992,0,900.0,1,1,B,221144.18185127538
13908,22,1,33.819658796584314,21.85062639653824,5.0,5,5,1967,0.133215333,B,B,49,11395,3,1406.0,3,4,A,150061.11181739322
15237,115,1,31.60521020875582,18.247346625369048,5.0,3,5,1962,1.8e-09,B,B,16,3681,73,1815.0,2,5,B,151360.01129120044
15616,57,2,44.57156699149846,28.179405087333407,5.0,3,9,1971,0.133215333,B,B,49,11395,3,1406.0,3,4,A,193813.05053497505
12420,96,1,41.8339039986406,20.97225430009497,8.0,7,12,2004,0.041116354,B,B,53,14892,4,900.0,1,4,B,178871.8586426682
5165,58,2,62.445718433214594,32.875829609809124,12.0,6,9,1970,0.1489038909999999,B,B,9,1952,1,1430.0,3,2,B,231162.61005515125
5091,46,2,49.50298805780846,30.94165889007305,5.0,4,5,1969,0.0,B,B,47,11319,0,1145.0,3,5,B,191126.09136770284
14626,30,1,36.09125645562866,20.80528969405782,8.0,7,16,2010,7.81528e-05,B,B,22,6398,141,1046.0,3,23,B,176000.57845788624
16485,62,1,45.4225929926549,21.992805324054714,11.0,10,17,2019,0.072157581,B,B,2,629,1,900.0,0,0,A,175174.1455845217
12564,118,3,83.59215456844359,52.071735954421776,8.0,7,9,1965,0.21843974,B,B,21,4472,6,1450.0,4,7,A,395189.52422680333
11169,6,2,64.86151003149466,36.81962793236171,12.0,11,17,2013,0.243204519,B,B,5,1564,0,540.0,0,0,B,249420.57417618542
14017,1,1,43.63265513499771,32.772431056458856,1.0,19,20,1977,0.007122317,B,B,1,264,0,900.0,0,1,B,153765.0160256879
4445,61,3,64.91570302915984,43.59426054435693,8.0,2,16,1981,0.300322518,B,B,52,10311,6,900.0,1,9,B,274148.0497874404
7735,33,1,31.725006444127565,31.725006444127565,1.0,4,4,2017,0.236108458,B,B,16,3893,27,900.0,3,10,B,74670.01261273162
10654,34,3,78.22760455125234,46.38371305161672,10.0,13,17,1996,0.069753361,B,B,53,13670,4,900.0,1,11,B,347845.2311753711
10365,94,1,37.75336396362887,19.350202176013383,9.0,12,14,1977,0.282797669,B,B,33,8667,2,900.0,0,6,B,175134.3271641428
105,55,3,82.47795798479518,47.10566436630096,10.0,14,17,1990,0.041365446,B,B,31,5569,0,900.0,1,4,B,348459.24904674734
10878,28,3,72.40843458128478,48.07791022147955,7.0,4,5,1959,0.118537385,B,B,30,6207,1,1183.0,1,0,B,298775.94961999153
14639,62,3,65.50632324548631,47.7438429598125,10.0,3,12,1975,0.002211665,B,B,39,7614,3,900.0,1,5,A,254650.9204934491
2756,119,1,42.78728901432349,21.071057961100163,10.0,15,23,2006,0.333891544,B,B,30,6564,1,900.0,0,0,B,188548.63647718288
4364,28,1,33.12017889831219,23.59134517215077,5.0,9,9,1965,0.333891544,B,B,30,6564,1,900.0,0,0,B,161167.85970395274
16551,29,2,42.6950943039484,22.75673395068146,7.0,8,9,1968,0.069660344,B,B,31,6119,4,900.0,1,2,B,166656.97144420823
54,34,2,59.94254484524704,32.772431056458856,1.0,1,1,1977,0.069753361,B,B,53,13670,4,900.0,1,11,B,219516.0351440942
10982,96,3,74.82841207253952,47.925976888579214,10.0,6,10,1995,0.041116354,B,B,53,14892,4,900.0,1,4,B,316423.75361129944
9314,124,2,43.81262188608829,25.455828228739005,6.0,11,12,1968,0.122090347,B,B,29,6566,7,1894.0,4,0,B,210888.93475248327
7847,119,3,52.77906727109493,34.06532013576498,6.0,7,9,1973,0.333891544,B,B,30,6564,1,900.0,0,0,B,175480.381426755
8081,22,3,83.35594592354818,32.772431056458856,1.0,19,22,1977,0.118537385,B,B,30,6207,1,1183.0,1,0,B,339936.7409184041
1585,100,2,58.99110891455488,35.28771870387639,5.0,5,5,1937,0.200146802,B,B,23,3975,8,770.0,2,0,B,246659.58756263612
10441,66,1,33.3889307987255,22.782377466062503,5.0,5,5,1962,0.111627393,B,B,50,12238,8,1970.0,2,3,B,151747.53611654055
16123,30,2,96.03644821402222,32.772431056458856,1.0,4,17,2016,7.81528e-05,B,B,22,6398,141,1046.0,3,23,B,304356.6836026754
694,11,3,58.42188560121892,42.82161740301486,5.0,7,9,1969,0.0001696759999999,B,B,36,5992,0,900.0,1,1,B,254117.17769972244
3823,51,1,41.1644143261528,20.377670492098662,7.0,5,6,1918,0.015016892,B,B,17,3079,59,2890.0,0,8,B,175577.6449218781
6967,55,4,69.45455575350437,48.63075818741613,5.0,5,9,1973,0.012338886,B,B,35,5776,1,2078.0,2,4,B,298065.9425449965
273,1,2,65.16884468442858,32.772431056458856,1.0,9,17,1977,0.007122317,B,B,1,264,0,900.0,0,1,B,188324.66267769944
15406,61,3,64.48167906582847,40.619751540720976,7.0,8,9,1979,0.300322518,B,B,52,10311,6,900.0,1,9,B,271451.78431625036
16472,1,1,41.59516710814646,32.772431056458856,1.0,13,17,1977,0.007122317,B,B,1,264,0,900.0,0,1,B,128045.46152498214
4562,6,1,51.43091904009346,32.772431056458856,1.0,19,25,1977,0.243204519,B,B,5,1564,0,540.0,0,0,B,159553.14515196744
10267,146,3,79.52575104137391,44.42647015174196,10.0,4,17,1993,0.236108458,B,B,16,3893,27,900.0,3,10,B,324322.97230505035
547,46,1,36.838952877236345,14.755042708076177,9.0,14,16,2009,0.0,B,B,47,11319,0,1145.0,3,5,B,173368.3353513459
1166,58,3,80.57846259026503,49.12752549741328,10.0,8,14,2004,0.050755569,B,B,24,5469,1,145.0,0,1,B,334939.36760393204
11390,27,1,37.91318591601504,19.319460416687484,8.0,3,17,1977,0.017647053,B,B,2,469,0,900.0,0,0,B,164445.91796997547
8021,23,2,54.0741457667719,34.382571981695214,9.0,9,17,2011,0.075778755,B,B,6,1437,3,900.0,0,2,B,237689.99491643117
6179,30,1,30.27737175270005,30.27737175270005,1.0,4,4,2018,7.81528e-05,B,B,22,6398,141,1046.0,3,23,B,85570.08991419975
13134,38,2,70.59945810437101,32.772431056458856,1.0,1,1,1977,0.060753049,B,B,15,2787,2,520.0,0,7,B,206456.16135578067
1407,6,2,60.51559512487713,32.772431056458856,1.0,4,17,2015,0.243204519,B,B,5,1564,0,540.0,0,0,B,173953.52376389073
2691,187,1,39.38972933150303,22.96778866761227,7.0,9,12,2000,0.041116354,B,B,53,14892,4,900.0,1,4,B,180524.41080057994
4572,27,2,47.22022643156378,32.772431056458856,6.233004930000002,5,13,1977,0.072157581,B,B,2,629,1,900.0,0,0,A,178389.0286812098
15049,11,2,42.51084471042497,26.45683946143273,5.0,2,5,1965,0.038692987,B,B,28,6533,1,1015.0,2,5,B,176118.38909844487
12669,23,2,65.86421693719869,32.772431056458856,1.0,11,17,1977,0.075778755,B,B,6,1437,3,900.0,0,2,B,185731.5536550522
15271,53,3,84.91063955290832,50.6107118742254,8.0,10,14,1967,0.313924552,B,B,22,4625,11,3855.0,2,10,B,329418.97664789023
4535,138,1,38.739778474816106,21.274676732844373,7.0,11,17,2002,0.1363303,B,B,30,6141,10,262.0,3,6,B,178678.08052432648
12720,3,2,46.14453253121646,32.17076557673005,5.0,4,5,1968,0.265088676,B,B,37,5288,0,1937.0,3,2,B,188373.60532703053
11689,52,1,43.93099502493726,32.772431056458856,1.0,16,17,1977,0.371148999,B,B,34,7065,1,750.0,2,5,B,130934.96393834634
11452,23,1,29.70866171624833,28.26055151027189,10.0,6,17,2017,0.034656082,B,B,0,168,0,900.0,0,0,B,87750.85887531984
8905,47,2,56.22695895519799,31.77024040828765,8.0,21,25,2013,0.197367951,B,B,8,2423,1,32.0,0,1,B,269813.1347442243
3650,41,2,45.59388649772253,31.26276780743852,5.0,11,12,1968,0.175054867,B,B,36,10055,3,900.0,1,0,B,204391.45681633384
4728,25,3,88.01854828505842,32.772431056458856,10.0,6,25,2017,0.069753361,B,B,53,13670,4,900.0,1,11,B,263455.7524106756
3316,44,2,42.7697271926506,23.92895536272623,6.0,8,18,1966,0.232205084,B,B,24,4860,1,80.0,0,3,B,194580.64218799153
1241,88,1,37.44929241949141,21.308350367793672,9.0,3,9,1974,0.127375905,B,B,43,8429,3,900.0,3,9,B,165859.32400238336
111,1,2,54.64547704768722,32.772431056458856,1.0,15,17,1977,0.007122317,B,B,1,264,0,900.0,0,1,B,165305.99102509962
16105,52,2,62.41726035878733,62.41726035878733,12.0,4,17,1977,0.371148999,B,B,34,7065,1,750.0,2,5,B,195568.69535827448
3472,44,1,35.873400895782034,21.035520963021035,7.0,3,14,1970,0.175054867,B,B,36,10055,3,900.0,1,0,B,173256.81425339822
13409,81,4,82.06977462328071,50.27325182420352,7.0,5,5,1960,0.319809354,B,B,25,4756,16,2857.0,5,8,B,350420.23855524673
10624,46,4,103.74311687771538,64.80375669583208,10.0,21,22,1988,0.188783766,B,B,31,6137,4,900.0,0,1,B,437635.7342330028
2940,153,3,79.89680713807911,49.80733177096398,10.0,16,17,1995,0.033493708,B,B,66,10573,1,1322.0,3,8,B,340731.29003298655
11371,30,1,37.86295552779981,32.772431056458856,1.0,8,17,1977,7.81528e-05,B,B,22,6398,141,1046.0,3,23,B,120333.93007310026
15110,58,2,67.10410799490195,32.772431056458856,1.0,3,3,1977,0.43788524,B,B,23,5735,3,1084.0,0,5,B,167817.04611173403
13589,27,3,173.9744796408535,76.28947475101772,9.0,3,3,2017,0.041116354,B,B,53,14892,4,900.0,1,4,B,297230.6448092096
197,27,1,37.6541271074997,32.772431056458856,1.0,6,17,1977,0.011654127,B,B,4,915,0,900.0,0,0,B,116727.06889326626
8415,25,3,64.84004800038345,45.27229439758132,9.0,2,12,1974,0.188783766,B,B,31,6137,4,900.0,0,1,B,262964.9427681276
5403,34,4,99.11258109881224,32.772431056458856,1.0,1,1,1977,0.069753361,B,B,53,13670,4,900.0,1,11,B,356871.18970084476
10350,6,3,79.27431299641455,79.27431299641455,10.0,11,17,2017,0.243204519,B,B,5,1564,0,540.0,0,0,B,282007.01052035287
13240,53,3,80.97879496565498,48.8547406841338,10.0,16,24,2019,0.049637257,B,B,34,7759,0,229.0,1,3,B,363356.1213689431
4485,13,1,39.185108673316826,20.403369510599564,8.0,11,16,2002,0.133215333,B,B,49,11395,3,1406.0,3,4,A,182179.9586571125
14006,6,3,74.14219884093384,32.772431056458856,1.0,6,17,1977,0.243204519,B,B,5,1564,0,540.0,0,0,B,194660.54149683777
11324,21,2,48.69847973975818,33.21282420864376,5.0,5,5,1964,0.034331497,B,B,25,5487,3,900.0,0,4,B,173837.0979059102
13713,146,1,41.24893305425607,20.844322636422117,8.0,5,17,1988,0.236108458,B,B,16,3893,27,900.0,3,10,B,176815.57570399725
12346,187,3,82.22281330751056,49.75181738037004,8.0,2,7,1997,0.041116354,B,B,53,14892,4,900.0,1,4,B,321033.9712320232
5312,23,1,44.84042862891064,32.772431056458856,1.0,6,25,1977,0.075778755,B,B,6,1437,3,900.0,0,2,B,126838.31856872253
8968,27,2,69.84923946355873,32.772431056458856,6.233004930000002,3,13,1977,0.011654127,B,B,4,915,0,900.0,0,0,B,180041.6140118518
8954,22,2,63.57689992102964,32.772431056458856,1.0,12,17,1977,0.118537385,B,B,30,6207,1,1183.0,1,0,B,186283.09665409924
2974,23,2,65.15408223279458,32.772431056458856,1.0,6,17,1977,0.075778755,B,B,6,1437,3,900.0,0,2,B,186867.2440266201
4600,145,2,61.93324195395563,36.95878055129681,10.0,16,17,1989,0.0,B,B,30,5562,0,900.0,0,5,A,265773.2424859851
4306,69,3,80.06678399846665,49.212077040152224,10.0,9,16,1985,0.000991363,B,B,33,6783,3,900.0,1,9,B,339967.81255264714
12081,46,2,51.27465972539037,32.591380248090346,7.0,8,12,1979,0.188783766,B,B,31,6137,4,900.0,0,1,B,241889.39866504876
6909,1,2,64.18365185808982,32.772431056458856,1.0,15,24,1977,0.007122317,B,B,1,264,0,900.0,0,1,B,200628.31802125432
7064,41,4,68.87073067414137,47.88058427156124,6.0,2,9,1976,0.036122292,B,B,24,4378,0,1036.0,1,1,B,241205.86122701503
8180,11,3,67.13391138538887,50.80979717351564,6.0,5,9,1973,0.0001696759999999,B,B,36,5992,0,900.0,1,1,B,275755.57095487905
3969,101,1,18.14926697395837,9.698766182270786,3.0,4,5,1967,0.225824954,A,B,41,6558,7,1548.0,3,2,B,112999.84719447428
13475,1,1,45.71884576044573,45.71884576044573,6.233004930000002,18,24,1977,0.007122317,B,B,1,264,0,900.0,0,1,B,200106.1475977101
3882,116,3,69.56922271020107,41.9298885388494,7.0,10,14,1990,1.8e-09,B,B,16,3681,73,1815.0,2,5,B,348606.65413842327
1024,6,2,63.41485820868128,35.44954547297412,12.0,7,17,1977,0.243204519,B,B,5,1564,0,540.0,0,0,B,203287.14975149685
4200,30,2,68.97677771793644,32.772431056458856,1.0,7,17,1977,7.81528e-05,B,B,22,6398,141,1046.0,3,23,B,210186.92805500314
14852,138,2,48.148369299695474,31.654825137309828,5.0,2,5,1962,0.014423114,B,B,19,3806,4,900.0,0,3,B,193502.31513938014
11570,164,2,56.3222605169417,34.789180406870955,7.0,2,9,1966,0.486245621,B,B,13,2514,19,900.0,0,6,B,242309.0621237143
7902,9,1,43.48657073374064,32.772431056458856,1.0,1,1,1977,0.161531741,B,B,25,5648,1,30.0,2,4,B,136299.02777451844
997,94,3,60.03783011910365,50.61301057695318,5.0,7,9,1976,0.282797669,B,B,33,8667,2,900.0,0,6,B,239036.98208048998
10286,1,1,38.057566250785925,32.772431056458856,6.233004930000002,3,17,1977,0.007122317,B,B,1,264,0,900.0,0,1,B,123156.42194573958
5195,1,2,65.21364620970618,32.772431056458856,6.233004930000002,21,22,1977,0.007122317,B,B,1,264,0,900.0,0,1,B,194525.22549311488
9476,12,1,45.24441330923265,24.299943728012533,8.0,11,12,1998,0.090799103,B,B,74,19083,2,900.0,5,15,B,177061.63432706895
988,90,2,54.84691283725718,31.739446074538776,8.0,6,16,1977,0.265088676,B,B,37,5288,0,1937.0,3,2,B,225775.05581869956
13581,101,1,37.71217043898769,19.264023810030693,7.0,12,17,2005,0.225824954,A,B,41,6558,7,1548.0,3,2,B,171419.87302418237
5240,27,3,89.2180617330808,32.772431056458856,6.233004930000002,8,22,1977,0.051815435,B,B,5,1227,0,900.0,0,0,B,274130.00821049866
10907,176,2,56.61635567935786,34.31706356038631,7.0,5,5,1960,0.08761909,B,B,8,1497,5,900.0,1,0,B,265391.5410335002
8878,48,1,39.01916987589296,22.101717346683003,8.0,12,12,1982,0.041124634,B,B,46,9515,5,900.0,1,10,B,177708.79626884247
15228,59,2,55.62961861770879,33.683428494267424,8.0,4,17,1987,0.019508796,B,B,37,7687,11,176.0,5,5,B,238483.12845204514
10523,53,1,38.073661492890366,32.772431056458856,6.233004930000002,9,13,1977,0.049637257,B,B,34,7759,0,229.0,1,3,B,117535.29337466315
7927,31,2,73.79121963511314,39.009449301848825,13.0,5,18,2015,0.151346216,B,A,32,5889,10,830.0,4,1,B,277416.50518123625
4867,1,2,71.41014035028934,38.440216238470136,9.0,9,25,2016,0.007122317,B,B,1,264,0,900.0,0,1,B,264596.9260534441
6325,23,2,50.539480708707565,32.772431056458856,1.0,4,12,2016,0.034656082,B,B,0,168,0,900.0,0,0,B,112064.50553797354
4625,57,1,32.85595489505268,16.592986912808243,5.0,2,5,1969,0.133215333,B,B,49,11395,3,1406.0,3,4,A,146631.31227026496
11253,145,3,81.5647163212819,44.4105216257172,12.0,6,17,2003,0.246031548,B,A,22,3151,4,2715.0,3,3,B,299964.92073967354
9922,9,2,55.473793213365965,33.4758042351652,8.0,4,12,1985,0.136244425,B,B,11,2370,0,900.0,0,1,B,232970.90005366853
3725,27,1,41.68832813488761,40.55421074722895,1.0,15,17,2018,0.011654127,B,B,4,915,0,900.0,0,0,B,131467.41069690566
13826,45,2,64.75230389868925,62.29379267485883,1.0,20,24,2015,0.195781053,B,B,23,5212,6,900.0,3,2,B,203068.49842947844
10612,23,3,92.33257371383203,38.75041415686686,6.233004930000002,2,2,1977,0.034656082,B,B,0,168,0,900.0,0,0,B,193155.17869398277
9196,138,2,54.00335605739858,33.29344225242275,8.0,3,14,1988,0.195781053,B,B,23,5212,6,900.0,3,2,B,239375.78946864538
10859,87,1,41.357161586881936,18.878705236351934,8.0,8,17,1986,0.100455735,B,B,43,7227,0,900.0,1,6,A,167640.1737114054
16397,85,1,32.00181186691317,22.93639253697083,6.0,9,9,1977,0.037177818,B,B,52,11217,1,2300.0,1,7,B,163098.17014744278
3509,59,3,100.52378514225632,32.772431056458856,1.0,1,1,1977,0.019508796,B,B,37,7687,11,176.0,5,5,B,386404.71860788553
11334,106,3,85.22587990694541,53.86778723617012,10.0,5,14,2001,0.313924552,B,B,22,4625,11,3855.0,2,10,B,345849.98326970334
2858,7,2,54.39344673005008,33.896750596107715,8.0,12,12,1984,0.035145267,B,B,42,9292,3,2620.0,0,3,B,242241.66338186522
2924,74,2,72.11875311629187,32.772431056458856,1.0,5,17,1977,0.075778755,B,B,6,1437,3,900.0,0,2,B,203972.56198845434
6924,27,2,67.3047933486833,32.772431056458856,1.0,1,1,1977,0.072157581,B,B,2,629,1,900.0,0,0,A,193055.60294130567
8305,9,3,63.38098236927048,43.58430615641985,6.0,6,9,1975,0.13012277,B,B,8,1986,0,900.0,0,0,B,248504.0564000632
12598,1,3,87.06207373560154,32.772431056458856,10.0,17,22,2015,0.007122317,B,B,1,264,0,900.0,0,1,B,299370.40926292865
16240,30,2,62.31327624341287,32.772431056458856,6.233004930000002,17,17,1977,7.81528e-05,B,B,22,6398,141,1046.0,3,23,B,189238.16839173916
16357,58,1,49.2059781837295,32.772431056458856,6.233004930000002,4,13,1977,0.43788524,B,B,23,5735,3,1084.0,0,5,B,157277.34252610593
3645,7,1,40.892446797107866,22.06499471990757,9.0,13,16,1988,0.035145267,B,B,42,9292,3,2620.0,0,3,B,177054.84827770514
10667,34,3,79.01841304949977,49.61311466141885,10.0,11,14,1997,0.069753361,B,B,53,13670,4,900.0,1,11,B,334675.14489522675
8754,62,3,70.28582113200804,45.42927481019846,9.0,8,16,1976,0.002211665,B,B,39,7614,3,900.0,1,5,A,341001.96676553943
3423,52,2,54.80905803869349,32.772431056458856,10.0,11,17,2015,0.371148999,B,B,34,7065,1,750.0,2,5,B,220786.06370728824
16143,6,3,79.96525310380406,44.15705394089216,13.0,2,25,2018,0.243204519,B,B,5,1564,0,540.0,0,0,B,306413.5666839854
13473,96,3,79.58149352717886,47.4555801099418,10.0,11,22,1997,0.041116354,B,B,53,14892,4,900.0,1,4,B,341841.44870307425
3540,53,3,82.3582295556411,32.772431056458856,6.233004930000002,13,13,1977,0.049637257,B,B,34,7759,0,229.0,1,3,B,283025.4554886052
10448,17,3,79.71973477967563,50.85510623749568,10.0,6,17,1983,0.093442564,B,B,23,4635,5,3300.0,2,4,B,320467.0191448366
8295,32,2,45.642627011496536,29.67343481455929,6.0,4,5,1971,0.135649789,B,B,46,7960,6,350.0,3,11,B,210173.88638501905
2610,6,2,58.05739508599728,56.92226191867434,1.0,16,16,1977,0.243204519,B,B,5,1564,0,540.0,0,0,B,211165.42883520908
12916,27,1,39.79868520953567,32.772431056458856,1.0,9,19,1977,0.211401214,B,B,9,1892,0,900.0,0,1,B,135566.1861858854
7946,47,2,53.96771942118431,31.11171018400577,8.0,10,16,1982,0.101872465,B,B,23,4583,3,900.0,3,3,B,236392.86076899862
164,58,1,37.287781586738205,32.772431056458856,1.0,13,15,2015,0.43788524,B,B,23,5735,3,1084.0,0,5,B,128181.6813633127
12230,126,2,41.70467602063218,24.1559951223729,5.0,5,5,1962,0.486245621,B,B,13,2514,19,900.0,0,6,B,183000.5846374389
5006,61,1,40.17545016768281,20.86738041539608,9.0,14,16,1980,0.300322518,B,B,52,10311,6,900.0,1,9,B,177182.28442998548
6322,8,1,35.282441197158064,18.22860281484161,6.0,7,12,1980,0.458174486,B,A,26,4439,1,1130.0,1,5,B,167047.15421633585
4273,184,4,80.99252783211014,53.19178821466553,7.0,4,4,1956,0.246623602,B,B,14,2940,45,900.0,3,6,B,280436.66897600057
14770,77,1,43.31705365988491,22.845818919972643,8.0,12,12,1983,6.99893e-05,B,B,46,10309,1,240.0,1,16,B,178971.4666855354
651,53,1,40.1085382401539,21.9847458828172,8.0,12,24,2020,0.049637257,B,B,34,7759,0,229.0,1,3,B,186966.44135217127
6816,9,3,76.0764362284542,74.59121915695859,10.0,14,14,2010,0.31019913,B,B,11,2748,1,900.0,0,0,B,271212.9495373494
8048,44,1,38.62838368625589,23.809856717974995,9.0,4,16,1980,0.036122292,B,B,24,4378,0,1036.0,1,1,B,177759.21938359554
8910,1,2,58.39011376409956,34.53736946035864,9.0,13,17,1993,0.025609157,B,B,33,5261,0,240.0,3,1,B,267334.6945263974
8984,56,4,98.89746395043922,62.92500489752211,9.0,3,22,2000,0.0,B,B,23,5067,4,900.0,2,6,B,453930.0697759591
7782,1,1,38.50484747890425,32.772431056458856,1.0,9,17,1977,0.007122317,B,B,1,264,0,900.0,0,1,B,129344.53060077476
7950,113,3,66.64786232722565,49.58096335918374,8.0,15,16,1988,0.060753049,B,B,15,2787,2,520.0,0,7,B,295515.0500393056
4215,67,2,45.28358916239571,29.573402997902537,5.0,4,9,1976,0.0077202819999999,B,B,38,4788,2,900.0,0,4,B,197307.88155336957
10077,25,2,54.6849728659702,32.386760111697605,9.0,10,14,1995,0.069753361,B,B,53,13670,4,900.0,1,11,B,231638.33605172322
195,9,2,59.03347802838248,32.28894088099343,10.0,12,17,1993,0.161531741,B,B,25,5648,1,30.0,2,4,B,245917.13839685323
11932,88,2,51.19078669690681,47.12738482120214,9.0,6,14,1972,0.127375905,B,B,43,8429,3,900.0,3,9,B,207519.89068033788
8047,62,2,57.72987194104307,32.772431056458856,6.233004930000002,7,13,1977,0.072157581,B,B,2,629,1,900.0,0,0,A,161272.35743832236
1489,30,2,54.80756985187132,52.74985613727364,1.0,17,17,2016,7.81528e-05,B,B,22,6398,141,1046.0,3,23,B,176400.2015100557
11019,19,2,47.69828447455667,32.280713204546586,5.0,3,5,1961,0.309479124,B,B,35,7715,4,990.0,0,6,B,186819.6798729422
8155,1,3,83.89733391768435,32.772431056458856,1.0,5,17,1977,0.007122317,B,B,1,264,0,900.0,0,1,B,225980.12408763924
11444,9,1,44.09644289286089,23.191063755978963,8.0,6,14,1991,0.161531741,B,B,25,5648,1,30.0,2,4,B,179933.65753864154
6607,0,1,34.78944991938816,19.943391410732428,5.0,5,5,1961,0.319809354,B,B,25,4756,16,2857.0,5,8,B,146016.93973277402
15929,75,3,61.013880105595,46.69775175341842,5.0,1,5,1965,0.122090347,B,B,29,6566,7,1894.0,4,0,B,213610.880015173
15721,41,2,48.96722711819086,28.36504999553747,6.0,7,9,1977,0.036122292,B,B,24,4378,0,1036.0,1,1,B,202731.2416428893
6273,61,2,47.48969088138692,28.189122288726026,6.0,1,12,1981,0.300322518,B,B,52,10311,6,900.0,1,9,B,205367.7447806347
3418,167,2,59.8608444576791,40.01302971210984,9.0,4,6,1939,0.050272014,B,B,21,4231,14,1020.0,0,3,B,304943.1119296214
9311,27,1,41.36364491966208,22.765417651759986,7.0,5,10,1999,0.041116354,B,B,53,14892,4,900.0,1,4,B,168326.29336503957
11280,57,2,53.144289244476255,32.772431056458856,6.233004930000002,15,17,1977,0.407276235,A,B,9,1768,0,370.0,0,0,A,168647.8193785905
6427,35,1,34.78264511693794,18.128566770165705,7.0,9,9,1971,0.089039719,B,B,33,7976,5,900.0,0,11,B,171094.51174630268
12249,6,1,43.28614083958464,32.772431056458856,6.233004930000002,12,17,1977,0.243204519,B,B,5,1564,0,540.0,0,0,B,128986.16829238704
14632,39,3,62.81371228428085,44.38302796168093,6.0,9,9,1972,0.428825818,B,B,25,5011,8,730.0,0,2,B,245122.57480048895
13567,27,2,57.08977387057042,32.772431056458856,6.0,3,12,2013,0.211401214,B,B,9,1892,0,900.0,0,1,B,167935.97849303222
2604,53,2,40.015627061588894,24.10081746919137,6.0,4,12,1971,0.049637257,B,B,34,7759,0,229.0,1,3,B,194099.9975642897
13845,27,1,42.56705826555818,32.772431056458856,1.0,17,25,1977,0.072157581,B,B,2,629,1,900.0,0,0,A,132115.02374910034
12898,11,1,33.35089186623317,20.31937194820121,5.0,5,5,1965,0.225824954,A,B,41,6558,7,1548.0,3,2,B,158427.52897422385
3640,91,2,46.7319432949415,32.99906143705257,5.0,4,5,1965,0.333891544,B,B,30,6564,1,900.0,0,0,B,189016.5258020571
11143,7,2,43.92019171835752,26.5787616455314,7.0,12,12,1965,0.035145267,B,B,42,9292,3,2620.0,0,3,B,191003.82499482203
6463,145,1,37.42397293399887,23.654813925664143,8.0,10,14,1998,0.0,B,B,30,5562,0,900.0,0,5,A,175744.0253162191
5604,156,1,36.775478419835146,22.01950608086853,7.0,13,17,2004,0.007658515,B,B,35,7077,56,2301.0,3,19,B,173872.01654074065
6511,57,1,44.08039491311504,21.524264262767385,8.0,12,12,1983,0.407276235,A,B,9,1768,0,370.0,0,0,A,176778.64897835164
6825,129,2,59.74679686871711,35.330093899556005,7.0,4,7,1940,0.020741326,B,B,24,5613,5,1340.0,2,5,B,299206.2799165985
6754,13,1,45.60355481370773,19.08534843324784,10.0,11,22,1977,0.090799103,B,B,74,19083,2,900.0,5,15,B,187764.7231645977
2612,1,2,65.63283214380783,32.772431056458856,6.233004930000002,17,17,1977,0.007122317,B,B,1,264,0,900.0,0,1,B,178593.2530980232
281,46,2,48.216438310547545,32.20618508022063,6.0,7,9,1971,0.0,B,B,47,11319,0,1145.0,3,5,B,205591.03912379363
8186,27,3,77.13960844842511,77.13960844842511,10.0,13,13,2018,0.211401214,B,B,9,1892,0,900.0,0,1,B,274035.0428072737
13786,27,2,63.514513622638646,34.66605000422544,1.0,1,1,2015,0.017647053,B,B,2,469,0,900.0,0,0,B,182055.46948633538
5040,45,3,81.73904706914706,32.772431056458856,1.0,1,1,1977,0.195781053,B,B,23,5212,6,900.0,3,2,B,265128.3432735
5856,1,2,62.78509546760901,32.772431056458856,1.0,5,22,1977,0.007122317,B,B,1,264,0,900.0,0,1,B,195411.38448543102
7853,44,1,35.420545617369534,21.475372355363174,5.0,8,9,1968,0.036122292,B,B,24,4378,0,1036.0,1,1,B,163292.33396806102
792,105,1,34.38044975307562,21.18943816194501,5.0,3,5,1963,0.040242764,B,B,25,3478,11,2729.0,3,1,B,158513.15609424192
8487,155,2,47.39950263963206,30.76173231671193,6.0,2,9,1970,0.042307271,B,B,17,2810,9,4849.0,3,6,B,196441.87809441128
15017,33,1,31.315250160728887,31.315250160728887,6.233004930000002,15,17,1977,0.236108458,B,B,16,3893,27,900.0,3,10,B,125439.15229455699
1151,8,1,39.18209489085093,23.06441972380837,8.0,3,17,1994,0.219006007,B,B,28,6746,3,900.0,1,4,B,177150.1485696253
6443,3,3,66.63619851265322,43.66309309319322,9.0,5,14,1973,0.050900058,B,B,43,10621,1,30.0,2,3,B,292572.2706600696
7938,66,3,61.11916226651993,44.3619103096356,5.0,2,5,1966,0.161975568,B,A,31,7010,5,4508.0,3,7,B,239321.14345196847
2423,6,1,40.64627875383704,40.245971445843786,6.0,17,17,2016,0.243204519,B,B,5,1564,0,540.0,0,0,B,132279.4807804225
6716,84,1,35.98652930618103,16.384148553986133,5.0,7,10,1974,0.149666373,B,B,22,4789,2,4087.0,4,1,B,161984.70165617342
7169,6,1,45.17803423823192,32.772431056458856,1.0,10,25,1977,0.243204519,B,B,5,1564,0,540.0,0,0,B,131535.34061244983
9060,7,2,57.3445052973959,30.617817682277067,8.0,10,12,1983,0.035145267,B,B,42,9292,3,2620.0,0,3,B,245945.87312964213
7537,27,1,42.85040246499828,22.28820217085377,7.0,11,17,2007,0.041116354,B,B,53,14892,4,900.0,1,4,B,178768.20116572626
160,70,1,35.1465209872266,23.86211230003187,6.0,9,9,1976,0.002211665,B,B,39,7614,3,900.0,1,5,A,165598.28686933356
6954,74,1,50.22329815561478,32.772431056458856,1.0,1,1,1977,0.075778755,B,B,6,1437,3,900.0,0,2,B,149051.6942958706
9501,124,4,103.71209636892507,72.73946722315462,9.0,8,8,1943,0.16909109,B,B,19,3856,10,900.0,2,5,B,464092.57685532706
6811,57,3,80.1705965084248,47.2802398799979,12.0,8,14,2003,0.090799103,B,B,74,19083,2,900.0,5,15,B,333237.2469402051
6174,6,1,40.42494234106525,32.772431056458856,1.0,6,17,2014,0.243204519,B,B,5,1564,0,540.0,0,0,B,127758.04824600261
7134,30,2,64.22692249579332,32.772431056458856,1.0,16,17,1977,7.81528e-05,B,B,22,6398,141,1046.0,3,23,B,183701.4167440463
1110,62,1,42.167966021879465,32.772431056458856,1.0,9,17,1977,0.072157581,B,B,2,629,1,900.0,0,0,A,126395.07845195376
11845,62,1,52.42736538964714,22.702142411028884,11.0,8,17,2013,0.072157581,B,B,2,629,1,900.0,0,0,A,208910.272522307
3536,138,1,34.05937642895892,23.529305891997627,6.0,9,9,1973,0.195781053,B,B,23,5212,6,900.0,3,2,B,158893.4032877614
15856,74,2,69.26318347353308,32.772431056458856,1.0,1,1,1977,0.075778755,B,B,6,1437,3,900.0,0,2,B,216161.16732252878
14071,52,2,52.27109829990741,51.12631348551072,6.233004930000002,5,17,1977,0.371148999,B,B,34,7065,1,750.0,2,5,B,181315.7211840351
9316,155,2,58.2747111240361,37.38276619183234,7.0,5,5,1959,0.042307271,B,B,17,2810,9,4849.0,3,6,B,301494.84196784574
14916,6,2,52.32414920411487,52.32414920411487,9.0,5,17,2015,0.243204519,B,B,5,1564,0,540.0,0,0,B,175783.78468767495
15912,39,3,69.84372970580078,47.66855555161053,6.0,8,8,1974,0.428825818,B,B,25,5011,8,730.0,0,2,B,299730.3467208691
15115,114,2,43.87411374260457,27.24881159189423,6.0,10,12,1967,0.327018035,B,B,12,2270,23,2500.0,1,0,B,208027.74948218343
4871,170,1,40.52237454663916,23.50157714726286,8.0,15,17,1991,0.21843974,B,B,21,4472,6,1450.0,4,7,A,180829.86137214303
2106,2,2,46.312495973999866,31.9538060093018,6.0,8,9,1970,0.309479124,B,B,35,7715,4,990.0,0,6,B,209407.2883901269
1685,52,1,37.42707572061365,32.772431056458856,1.0,11,17,1977,0.371148999,B,B,34,7065,1,750.0,2,5,B,118409.9830746742
14180,60,1,37.357989544334266,17.785678488988694,7.0,7,7,2000,0.007658515,B,B,35,7077,56,2301.0,3,19,B,174121.8159662351
15431,22,1,39.99565290709397,32.772431056458856,1.0,9,17,1977,0.118537385,B,B,30,6207,1,1183.0,1,0,B,133736.30132371208
12365,129,1,39.5496575872604,21.215991140616303,9.0,7,12,1969,0.020741326,B,B,24,5613,5,1340.0,2,5,B,177379.89303713595
980,6,2,66.54226591945229,32.772431056458856,6.233004930000002,17,17,1977,0.243204519,B,B,5,1564,0,540.0,0,0,B,185968.03149016504
3847,79,2,54.68223899723799,30.20298365772833,11.0,7,16,1976,0.307466659,B,A,30,5048,9,325.0,2,5,B,256918.4510317735
8151,8,3,62.69182082435152,45.44902799349871,5.0,4,5,1970,0.43788524,B,B,23,5735,3,1084.0,0,5,B,240810.6412498327
190,2,2,45.41074257047544,31.76422015015807,6.0,4,5,1970,0.309479124,B,B,35,7715,4,990.0,0,6,B,198232.48097829137
12116,88,3,89.5495587186537,32.772431056458856,6.233004930000002,13,13,1977,0.127375905,B,B,43,8429,3,900.0,3,9,B,283471.6953049341
11295,17,2,57.07022167049384,35.87457570226647,9.0,2,10,1960,0.0,B,B,25,5027,4,46.0,1,1,B,240740.97737894917
7989,101,1,37.6255169935725,23.09124649553917,6.233004930000002,9,9,1977,0.038692987,B,B,28,6533,1,1015.0,2,5,B,175848.66900062384
3156,99,3,83.21984556315395,44.13803618992448,12.0,11,12,2004,0.012338886,B,B,35,5776,1,2078.0,2,4,B,304269.27123297635
2990,1,1,40.86513582203556,39.93268613974281,1.0,14,17,2015,0.007122317,B,B,1,264,0,900.0,0,1,B,132912.88356561045
2262,181,2,49.824887042302656,27.98342602604289,7.0,3,10,1967,0.0,B,B,8,1423,37,562.0,1,8,B,240813.51074297543
16435,128,1,41.36817014588629,18.9925746489036,11.0,5,24,2007,0.0,B,B,27,4798,0,30.0,2,8,B,162932.26778632228
2427,30,2,56.491552295587546,32.772431056458856,1.0,17,17,1977,7.81528e-05,B,B,22,6398,141,1046.0,3,23,B,189714.9824512706
9438,5,1,34.34285683178473,21.832747872041928,5.0,5,5,1962,0.150817539,B,B,16,3433,4,2643.0,4,5,B,148240.7761852281
13252,28,2,42.875143858496216,26.61084143872864,5.0,3,12,1974,0.118537385,B,B,30,6207,1,1183.0,1,0,B,185222.94624141327
208,62,2,76.04820094749033,32.772431056458856,6.233004930000002,2,13,1977,0.072157581,B,B,2,629,1,900.0,0,0,A,206459.827627209
11946,1,1,41.25108462322254,41.25108462322254,6.0,20,20,2015,0.007122317,B,B,1,264,0,900.0,0,1,B,187718.1328442243
4720,11,1,35.62432828179276,21.286495738789423,10.0,6,12,1975,0.012338886,B,B,35,5776,1,2078.0,2,4,B,171279.20928646237
13250,57,1,42.49084644287328,24.658668366381377,8.0,6,12,2004,0.133215333,B,B,49,11395,3,1406.0,3,4,A,172406.7482039359
10749,6,2,65.58257179879305,65.58257179879305,1.0,2,2,2017,0.243204519,B,B,5,1564,0,540.0,0,0,B,188343.31927678862
12945,140,2,45.0998053843334,31.22307052990855,5.0,5,5,1962,0.23861713,B,B,26,3889,6,705.0,3,6,B,205614.4144910742
3586,96,1,36.397855790376646,15.688535604693543,9.0,5,17,2003,0.041116354,B,B,53,14892,4,900.0,1,4,B,163022.14233669275
13827,23,1,32.00221501770762,32.00221501770762,6.233004930000002,8,13,1977,0.034656082,B,B,0,168,0,900.0,0,0,B,103698.00901335246
13095,66,1,32.263587589928804,19.996799402822667,6.0,3,9,1975,0.111627393,B,B,50,12238,8,1970.0,2,3,B,153230.50482679694
11491,54,1,78.18187266850681,75.20390138938626,1.0,1,15,2017,0.006076152,B,B,30,5285,0,645.0,6,6,B,258948.96010590717
12042,30,2,69.08753774492892,32.772431056458856,10.0,8,8,1977,7.81528e-05,B,B,22,6398,141,1046.0,3,23,B,258669.53880826206
9234,37,1,42.83172599172979,17.235686209691146,8.0,4,14,1978,0.127811589,B,B,28,7287,5,320.0,1,3,B,177437.05565176753
3270,119,3,58.62486144439869,39.83396063751584,5.0,5,5,1967,0.033493708,B,B,66,10573,1,1322.0,3,8,B,223912.33291792945
8058,26,2,48.36283430190972,30.82178160409731,5.0,5,5,1968,0.0,B,B,36,6714,2,2672.0,0,2,B,190505.05571877104
15371,111,2,63.6520739746025,32.03918286657991,12.0,15,25,2008,0.1363303,B,B,30,6141,10,262.0,3,6,B,247416.96267179225
856,7,1,40.06169436663471,24.43070800126732,6.0,5,9,1973,0.130617806,B,B,39,10418,9,900.0,1,9,B,167986.87989602718
4929,27,2,57.16621628827778,55.8861240689206,12.0,3,5,1977,0.07542368,B,B,11,3097,0,900.0,0,0,B,184761.36890309362
14199,23,1,42.24123578321651,32.772431056458856,1.0,15,17,1977,0.075778755,B,B,6,1437,3,900.0,0,2,B,127809.25657833362
9835,1,2,55.56315297754519,32.772431056458856,1.0,8,17,1977,0.007122317,B,B,1,264,0,900.0,0,1,B,162423.823915232
4816,89,2,58.69490814155216,37.92669749860402,7.0,4,8,1963,0.151346216,B,A,32,5889,10,830.0,4,1,B,320359.345963121
16422,111,2,45.5618717514886,30.09882767547185,5.0,5,5,1971,0.135649789,B,B,46,7960,6,350.0,3,11,B,196033.74221014034
16617,9,3,72.06663729065805,45.7010021877776,10.0,10,14,1992,0.161531741,B,B,25,5648,1,30.0,2,4,B,326344.9190321339
6113,17,1,37.91469999836486,20.534669989357653,8.0,17,24,1988,0.0,B,B,18,3374,5,620.0,1,2,B,176305.58814727006
12320,34,2,51.392544692919856,31.111797841625176,8.0,12,17,1992,0.069753361,B,B,53,13670,4,900.0,1,11,B,243699.32180997366
3346,75,1,29.58353963020132,17.26320620470885,5.0,5,5,1960,0.122090347,B,B,29,6566,7,1894.0,4,0,B,164059.1770587468
9485,1,3,78.9912434730944,32.772431056458856,6.233004930000002,11,17,1977,0.007122317,B,B,1,264,0,900.0,0,1,B,223661.8092308515
14335,13,4,82.10979667972767,57.111184314214704,6.0,6,12,1992,0.090799103,B,B,74,19083,2,900.0,5,15,B,373841.77741529397
1990,8,2,51.62558626245273,31.95438430149977,8.0,9,17,1991,0.219006007,B,B,28,6746,3,900.0,1,4,B,243247.38555766118
9667,113,1,36.12814713767463,21.38731838888617,6.0,7,9,1972,0.060753049,B,B,15,2787,2,520.0,0,7,B,163749.16710042043
3637,41,2,39.78779737699526,23.190451113268537,6.0,9,12,1968,0.175054867,B,B,36,10055,3,900.0,1,0,B,187524.628449025
13094,52,2,47.237170615261725,29.89373561134328,5.0,2,4,1962,0.371148999,B,B,34,7065,1,750.0,2,5,B,187016.90204753776
13691,27,1,38.990808662488135,36.85458567665953,1.0,4,15,2014,0.011654127,B,B,4,915,0,900.0,0,0,B,132654.65279317237
230,53,2,58.1265996957742,56.44746525550964,1.0,4,19,2018,0.049637257,B,B,34,7759,0,229.0,1,3,B,184505.2874912609
6658,1,1,40.18638886329678,38.882738486483326,6.233004930000002,4,17,1977,0.007122317,B,B,1,264,0,900.0,0,1,B,137212.00570225724
4375,28,3,87.41187424025325,51.49863045610489,11.0,8,23,2008,0.333891544,B,B,30,6564,1,900.0,0,0,B,347228.71423655306
16730,99,3,62.56608122373083,41.58604575681378,8.0,3,9,1975,0.012338886,B,B,35,5776,1,2078.0,2,4,B,251836.25362723845
11770,96,1,38.84680484044489,19.507564651234286,1.0,8,9,2005,0.041116354,B,B,53,14892,4,900.0,1,4,B,163144.46223173008
10823,6,1,43.23284427483485,32.772431056458856,6.233004930000002,9,17,1977,0.243204519,B,B,5,1564,0,540.0,0,0,B,128853.61974935375
8352,23,2,65.87010890502282,65.87010890502282,6.233004930000002,3,3,2014,0.034656082,B,B,0,168,0,900.0,0,0,B,179632.04277921005
15149,7,2,53.57423643720745,27.713771357573066,7.0,5,5,1954,0.130617806,B,B,39,10418,9,900.0,1,9,B,254718.7817151263
11124,128,2,68.51228206593088,37.75357174319168,12.0,10,17,2006,0.0,B,B,27,4798,0,30.0,2,8,B,293672.6957257464
7338,23,1,44.864351039536245,32.772431056458856,1.0,10,25,1977,0.075778755,B,B,6,1437,3,900.0,0,2,B,124697.50612513459
15862,49,2,63.5491314952931,33.68797327915276,10.0,12,17,1994,0.020741326,B,B,24,5613,5,1340.0,2,5,B,241907.65530287605
14101,99,2,49.56519547139551,30.29923127447145,5.0,5,9,1972,0.033493708,B,B,66,10573,1,1322.0,3,8,B,199763.54755096897
1972,25,4,95.25545869997843,32.772431056458856,1.0,2,20,2017,0.069753361,B,B,53,13670,4,900.0,1,11,B,305006.1443387636
12053,1,1,41.90034329188988,32.772431056458856,1.0,10,17,1977,0.007122317,B,B,1,264,0,900.0,0,1,B,127420.72726412062
12513,1,2,65.84775048739071,32.772431056458856,6.233004930000002,5,13,1977,0.007122317,B,B,1,264,0,900.0,0,1,B,195262.27741765496
4669,27,1,85.23154022644158,32.772431056458856,1.0,1,1,1977,0.017647053,B,B,2,469,0,900.0,0,0,B,254734.87258202088
3913,85,2,48.25130041580021,28.6823102519376,6.0,5,9,1981,0.037177818,B,B,52,11217,1,2300.0,1,7,B,196725.16951385676
12529,47,1,41.9138065319164,19.623610186131916,9.0,12,17,2007,0.101872465,B,B,23,4583,3,900.0,3,3,B,180762.2905447982
3648,8,1,41.92266325735349,40.14466501165563,8.0,7,17,1991,0.43788524,B,B,23,5735,3,1084.0,0,5,B,145579.88087128266
4408,90,1,36.19222982691704,17.671509428358945,5.0,4,5,1962,0.265088676,B,B,37,5288,0,1937.0,3,2,B,155974.96832340054
9167,96,2,51.58299683059343,35.96392074686476,8.0,6,10,1994,0.041116354,B,B,53,14892,4,900.0,1,4,B,229381.0141168132
3894,27,1,43.77329515137608,21.482297879806424,9.0,8,17,2012,0.072157581,B,B,2,629,1,900.0,0,0,A,173388.59705758526
8412,27,2,69.46553469097705,65.3751115207031,11.0,2,2,1977,0.072157581,B,B,2,629,1,900.0,0,0,A,209671.29544644308
8451,27,3,79.65773183781319,77.40813760639665,1.0,1,1,1977,0.017647053,B,B,2,469,0,900.0,0,0,B,276405.6093966569
4612,106,1,42.15085080265944,23.600429400225483,7.0,9,14,2000,0.313924552,B,B,22,4625,11,3855.0,2,10,B,180572.63301619064
15765,91,1,38.85125226373292,23.05349314082528,9.0,4,12,1971,0.333891544,B,B,30,6564,1,900.0,0,0,B,178151.52042967398
5787,9,1,45.53492788023776,23.878741902579176,8.0,13,14,1990,0.161531741,B,B,25,5648,1,30.0,2,4,B,171518.17933277582
13074,27,2,63.8475951900427,62.85608013662533,1.0,4,22,2015,0.211401214,B,B,9,1892,0,900.0,0,1,B,197283.30583166366
10643,74,2,50.18543863136098,31.7576591771516,5.0,9,9,1973,0.309479124,B,B,35,7715,4,990.0,0,6,B,209902.40621622474
4019,134,2,38.62583221258964,23.723588689986386,7.0,7,9,1962,0.049863387,B,B,18,3746,9,75.0,3,1,B,209765.57842681822
14307,8,2,55.4935507621877,31.86332870069069,9.0,14,14,2005,0.458174486,B,A,26,4439,1,1130.0,1,5,B,250891.18236562714
12432,79,1,37.34229228408036,20.408191502618468,7.0,10,12,1970,0.307466659,B,A,30,5048,9,325.0,2,5,B,176399.7295638534
14013,9,2,62.02847257402486,32.772431056458856,1.0,1,1,1977,0.161531741,B,B,25,5648,1,30.0,2,4,B,225261.75460893012
14382,19,1,48.417987511683314,47.65860216477562,11.0,12,15,2009,0.309479124,B,B,35,7715,4,990.0,0,6,B,210739.54547387204
15220,9,1,37.84917234145844,23.68249144638565,7.0,5,17,1997,0.161531741,B,B,25,5648,1,30.0,2,4,B,169934.33912387973
11958,56,3,79.95395047392044,47.90546432514435,10.0,6,17,1988,0.0,B,B,23,5067,4,900.0,2,6,B,330172.52346817055
11430,34,1,41.44711512315589,41.44711512315589,1.0,1,1,2016,0.069753361,B,B,53,13670,4,900.0,1,11,B,163530.04662762544
9782,42,1,40.66522387307374,22.59318824860577,7.0,8,17,2006,0.158249043,B,B,21,5731,0,900.0,1,0,B,177236.81784400795
7603,46,2,45.24631693381925,27.295713961641606,5.0,5,5,1965,0.188783766,B,B,31,6137,4,900.0,0,1,B,186587.9382857461
7240,52,2,62.221255681985006,62.221255681985006,10.0,11,17,1977,0.371148999,B,B,34,7065,1,750.0,2,5,B,201736.59209755657
5319,1,1,39.37634048543172,32.772431056458856,1.0,8,17,1977,0.007122317,B,B,1,264,0,900.0,0,1,B,130831.94681981303
3598,26,2,76.29371390647067,41.08269690138201,14.0,20,30,2012,0.0,B,B,36,6714,2,2672.0,0,2,B,366991.5126998552
15090,19,2,65.8746134497815,37.7517000719476,8.0,3,5,1954,0.309479124,B,B,35,7715,4,990.0,0,6,B,256357.4772845097
8152,52,1,40.18537392196434,40.18537392196434,6.233004930000002,8,17,1977,0.371148999,B,B,34,7065,1,750.0,2,5,B,132825.32106309087
11797,30,1,31.32778802820681,31.32778802820681,1.0,5,17,2016,7.81528e-05,B,B,22,6398,141,1046.0,3,23,B,75993.44993479851
15567,87,2,53.063084301863526,31.784614163021487,8.0,5,12,1980,0.100455735,B,B,43,7227,0,900.0,1,6,A,243486.3308432624
3520,83,1,44.05236661286487,23.189031883359963,8.0,7,12,1978,0.0077202819999999,B,B,38,4788,2,900.0,0,4,B,182369.19656813666
13945,1,3,74.9742546317069,32.772431056458856,1.0,9,17,1977,0.007122317,B,B,1,264,0,900.0,0,1,B,217553.10613502088
2114,53,2,64.77394897758238,60.86110626424346,8.0,14,17,2018,0.049637257,B,B,34,7759,0,229.0,1,3,B,235119.39437923342
3967,116,2,46.0292142243916,30.00415359844153,5.0,3,9,1978,0.341071945,B,B,27,5664,48,2300.0,3,11,B,184330.36714750266
6765,27,2,41.07012044162251,32.772431056458856,6.233004930000002,5,12,1977,0.072157581,B,B,2,629,1,900.0,0,0,A,162720.34892570163
11453,7,3,68.54572670391562,47.4128391703384,6.0,3,9,1981,0.130617806,B,B,39,10418,9,900.0,1,9,B,253460.36707276275
13837,91,1,39.68949084844052,19.21900510689613,9.0,8,12,1968,0.033493708,B,B,66,10573,1,1322.0,3,8,B,170831.186097491
1257,80,2,55.82973026173838,30.340549390635733,8.0,12,14,1987,0.0,B,B,39,8647,0,810.0,0,5,B,229141.55828266937
8911,52,2,66.50924798994932,32.772431056458856,1.0,17,17,1977,0.371148999,B,B,34,7065,1,750.0,2,5,B,187416.0087265234
2291,54,2,74.26563460694476,74.26563460694476,1.0,9,9,1977,0.006076152,B,B,30,5285,0,645.0,6,6,B,249207.5086444316
3691,6,2,66.67457077605533,32.772431056458856,1.0,2,17,2016,0.243204519,B,B,5,1564,0,540.0,0,0,B,183668.49616021418
15748,212,2,75.65518228761803,36.87762581722146,15.0,2,7,1929,0.0,B,B,8,1423,37,562.0,1,8,B,353716.3613937775
13305,73,1,47.48615091904804,44.34693531879008,1.0,10,10,2015,0.042031587,B,B,37,6856,84,1940.0,2,5,B,134607.716302092
16283,93,1,47.43300000241192,17.383994110733695,10.0,19,24,2013,0.050900058,B,B,43,10621,1,30.0,2,3,B,175372.90962935105
16248,100,3,72.7845277966253,47.07649885158626,9.0,8,14,1977,0.200146802,B,B,23,3975,8,770.0,2,0,B,305513.96923054603
11877,1,2,65.5039899716635,32.772431056458856,1.0,5,17,1977,0.007122317,B,B,1,264,0,900.0,0,1,B,182559.95156057662
2444,27,2,83.06079587516129,83.06079587516129,10.0,4,6,2014,0.07542368,B,B,11,3097,0,900.0,0,0,B,253604.57145524627
641,53,1,41.87634979586915,32.772431056458856,1.0,7,22,1977,0.049637257,B,B,34,7759,0,229.0,1,3,B,150587.65279645962
7344,46,1,39.63351337952943,21.07616084907109,9.0,10,12,1971,0.0,B,B,47,11319,0,1145.0,3,5,B,178545.3735861295
51,11,2,57.15373940846019,28.69388859427311,11.0,16,16,1980,0.0001696759999999,B,B,36,5992,0,900.0,1,1,B,257170.13945528396
6187,45,3,79.79820856763294,32.772431056458856,6.233004930000002,13,13,1977,0.195781053,B,B,23,5212,6,900.0,3,2,B,264339.6563751653
11475,27,1,53.26356107174951,32.772431056458856,6.233004930000002,9,13,1977,0.072157581,B,B,2,629,1,900.0,0,0,A,154582.46934710673
13374,111,3,61.47639113111411,41.36174174915504,5.0,9,9,1974,0.135649789,B,B,46,7960,6,350.0,3,11,B,246267.71542634198
8498,63,2,45.12053760395722,31.27502735927168,5.0,5,5,1961,0.23861713,B,B,26,3889,6,705.0,3,6,B,205912.31379613478
10255,74,2,82.67746600192177,82.67746600192177,17.0,6,17,1977,0.075778755,B,B,6,1437,3,900.0,0,2,B,237911.3410440978
12314,94,2,54.09273372395033,34.303708192505695,8.0,4,16,1980,0.282797669,B,B,33,8667,2,900.0,0,6,B,241126.4052649083
11525,9,2,55.79775735128887,54.71003598749674,9.0,13,17,1994,0.161531741,B,B,25,5648,1,30.0,2,4,B,195002.09312574912
14595,6,3,80.69971269269756,32.772431056458856,1.0,10,17,1977,0.243204519,B,B,5,1564,0,540.0,0,0,B,224224.15615414642
11787,30,1,45.36350172161536,32.772431056458856,1.0,18,18,2015,7.81528e-05,B,B,22,6398,141,1046.0,3,23,B,142858.0462859393
8321,20,2,58.41382478741494,35.96920993561843,9.0,6,17,1998,0.019508796,B,B,37,7687,11,176.0,5,5,B,278168.12281371787
14869,27,3,46.69936040168936,32.772431056458856,6.233004930000002,23,25,1977,0.072157581,B,B,2,629,1,900.0,0,0,A,156871.56496922023
10637,128,3,76.77866752222555,43.85839860387756,8.0,14,14,1998,0.041116354,B,B,53,14892,4,900.0,1,4,B,311532.8132690119
2184,61,1,37.383480458264366,22.74942116424908,6.233004930000002,15,17,1995,0.300322518,B,B,52,10311,6,900.0,1,9,B,170895.76209305125
16789,128,2,56.85609336931938,30.515712245388013,8.0,9,14,1998,0.041116354,B,B,53,14892,4,900.0,1,4,B,240438.86362088256
10808,128,1,38.41262101840204,20.66134029744348,8.0,14,17,1988,0.0,B,B,27,4798,0,30.0,2,8,B,179097.2919478713
615,90,1,40.59683289423657,21.24519725288977,8.0,14,15,1976,0.265088676,B,B,37,5288,0,1937.0,3,2,B,177918.55859784465
6096,37,1,43.890948790996845,21.09210451008636,8.0,11,12,1984,0.232205084,B,B,24,4860,1,80.0,0,3,B,178653.62891000713
10966,129,1,40.6033221853339,20.530089408348186,8.0,5,5,1959,0.020741326,B,B,24,5613,5,1340.0,2,5,B,175437.9138847358
11291,6,2,53.60679427325993,32.772431056458856,1.0,15,17,2015,0.243204519,B,B,5,1564,0,540.0,0,0,B,167605.2942091245
1338,6,2,52.38195857990864,51.78961099961988,1.0,7,7,2016,0.243204519,B,B,5,1564,0,540.0,0,0,B,124694.26450363055
16217,206,4,76.42842557338702,50.34490342876356,11.0,6,6,1912,0.042031587,B,B,37,6856,84,1940.0,2,5,B,333362.26012169465
14540,6,3,75.79530913564811,75.79530913564811,1.0,12,17,2016,0.243204519,B,B,5,1564,0,540.0,0,0,B,241933.90742341056
15581,23,2,63.52707505153513,32.772431056458856,1.0,3,25,1977,0.075778755,B,B,6,1437,3,900.0,0,2,B,186940.51933018668
8689,45,2,63.57236157097014,61.06865608163906,1.0,12,12,2017,0.195781053,B,B,23,5212,6,900.0,3,2,B,209642.97001705682
4538,28,2,47.626655728883456,27.797065814631985,6.0,4,9,1976,0.428825818,B,B,25,5011,8,730.0,0,2,B,200405.2936956561
6877,62,1,44.40355371488278,21.17562962066837,9.0,15,17,2010,0.072157581,B,B,2,629,1,900.0,0,0,A,166343.14105692637
326,58,1,37.917701862362605,22.1901873202914,9.0,10,16,1975,0.050755569,B,B,24,5469,1,145.0,0,1,B,176233.30382502056
2088,23,1,44.83158545535742,44.46902443660616,10.0,3,10,2014,0.034656082,B,B,0,168,0,900.0,0,0,B,126004.95303281749
9136,7,2,41.81509790859385,25.018908817069068,5.0,5,5,1962,0.130617806,B,B,39,10418,9,900.0,1,9,B,183190.96171705908
7197,27,3,79.55393747573873,32.772431056458856,1.0,1,1,1977,0.072157581,B,B,2,629,1,900.0,0,0,A,222411.14729451758
12504,30,2,60.55569270102947,32.772431056458856,1.0,10,17,1977,7.81528e-05,B,B,22,6398,141,1046.0,3,23,B,193961.892425783
9236,1,2,62.063715062405,62.063715062405,6.233004930000002,12,17,1977,0.007122317,B,B,1,264,0,900.0,0,1,B,181384.1736043935
9386,176,3,77.67237659640922,52.303676458774405,9.0,5,5,1960,0.08761909,B,B,8,1497,5,900.0,1,0,B,369543.1871844166
6853,6,2,59.23416136200848,32.772431056458856,1.0,4,17,1977,0.243204519,B,B,5,1564,0,540.0,0,0,B,169742.43895221807
1006,6,2,62.19617909916511,35.465934597202725,13.0,8,17,2012,0.243204519,B,B,5,1564,0,540.0,0,0,B,194942.1670452872
6669,41,4,86.71915351482552,52.01907447624082,11.0,1,16,1978,0.036122292,B,B,24,4378,0,1036.0,1,1,B,312799.215791039
7769,124,4,189.6795763834105,114.7086732256983,4.0,19,40,2013,0.174739084,B,B,17,3379,9,100.0,0,3,B,343148.00825269177
10623,27,2,70.1097000340461,68.37385449430646,11.0,12,17,1977,0.072157581,B,B,2,629,1,900.0,0,0,A,300598.9769251349
8975,23,2,54.813032334341976,32.772431056458856,1.0,10,12,2016,0.034656082,B,B,0,168,0,900.0,0,0,B,126118.96953678812
998,103,1,42.33803196694316,20.922626767601365,8.0,6,14,2001,0.151346216,B,A,32,5889,10,830.0,4,1,B,176512.70644682925
10281,1,2,63.00832630836655,32.772431056458856,1.0,17,17,1977,0.007122317,B,B,1,264,0,900.0,0,1,B,184237.17847688138
15565,6,1,48.73242449094951,32.772431056458856,1.0,6,25,1977,0.243204519,B,B,5,1564,0,540.0,0,0,B,149847.88459359118
16072,27,3,86.08001244562305,50.43853154117027,10.0,10,17,2003,0.041116354,B,B,53,14892,4,900.0,1,4,B,318183.4603661987
9851,25,1,36.09594407739888,20.39146147105411,6.0,5,5,1987,0.069753361,B,B,53,13670,4,900.0,1,11,B,153053.46210432888
8841,27,1,35.6703784588783,32.772431056458856,1.0,4,15,1977,0.011654127,B,B,4,915,0,900.0,0,0,B,79903.03457002292
15206,12,1,34.75419176524872,19.65637610992546,6.0,6,9,1982,0.090799103,B,B,74,19083,2,900.0,5,15,B,161971.2597459909
16677,91,1,36.98230459075872,24.01693853817417,5.0,7,9,1970,0.000995363,B,B,42,7651,1,900.0,1,5,B,161472.7219635587
1957,6,2,66.92272143287646,32.772431056458856,1.0,4,17,2019,0.243204519,B,B,5,1564,0,540.0,0,0,B,188679.99250288348
917,128,3,73.21101991765708,47.40137438702343,10.0,12,17,1997,0.0,B,B,27,4798,0,30.0,2,8,B,315626.71996898507
16152,41,2,56.32867275105532,34.23357427403737,8.0,3,16,1977,0.036122292,B,B,24,4378,0,1036.0,1,1,B,251512.74801282363
4651,53,3,82.55501077461489,32.772431056458856,1.0,2,19,1977,0.049637257,B,B,34,7759,0,229.0,1,3,B,235397.00929736355
9602,32,2,61.93505830937663,36.34872803024408,10.0,17,22,2010,0.135649789,B,B,46,7960,6,350.0,3,11,B,269393.2067985002
1028,64,3,63.07808454021639,41.209491436675336,8.0,7,9,1973,0.135649789,B,B,46,7960,6,350.0,3,11,B,257041.90410431405
2267,55,2,47.48660623034931,31.20809483714681,6.0,5,9,1975,0.012338886,B,B,35,5776,1,2078.0,2,4,B,200742.78565460967
16525,23,1,42.09140704138715,32.772431056458856,1.0,3,5,1977,0.034656082,B,B,0,168,0,900.0,0,0,B,101050.62288019918
4872,74,2,78.54654543095728,32.772431056458856,1.0,15,17,1977,0.075778755,B,B,6,1437,3,900.0,0,2,B,247078.60824615296
6246,26,2,48.01692214823677,44.85408662627032,5.0,1,5,1965,0.0,B,B,36,6714,2,2672.0,0,2,B,201037.91943011485
5801,18,1,41.132381838175895,20.80826432065764,8.0,15,17,1986,0.0,B,B,30,5562,0,900.0,0,5,A,177699.99787609943
3873,101,2,47.18478629786811,32.75842121595721,5.0,5,5,1965,0.225824954,A,B,41,6558,7,1548.0,3,2,B,188838.77593931745
971,3,1,39.2476867612106,23.712340608011,9.0,10,14,1971,0.050900058,B,B,43,10621,1,30.0,2,3,B,179518.65346824497
11640,9,1,39.61477477226808,21.8221775883435,10.0,11,22,1994,0.161531741,B,B,25,5648,1,30.0,2,4,B,196806.73430329066
16531,93,3,136.38939120926491,136.38939120926491,6.233004930000002,1,1,1977,0.004949358,B,B,0,186,0,900.0,0,0,B,355908.260021248
417,77,1,32.384126920287244,21.55543516962668,6.0,9,9,1976,6.99893e-05,B,B,46,10309,1,240.0,1,16,B,159994.28472987446
9932,3,1,38.46010979618614,20.84432149441553,5.0,4,9,1976,0.050900058,B,B,43,10621,1,30.0,2,3,B,171593.99654396428
5692,170,3,74.82247001109343,48.856426386815855,10.0,4,17,1989,0.21843974,B,B,21,4472,6,1450.0,4,7,A,317299.30526782264
11152,61,2,56.30554496469967,29.19918876739061,8.0,12,12,1993,0.300322518,B,B,52,10311,6,900.0,1,9,B,239222.98186990002
2725,58,3,92.85847490259478,90.4486281028277,1.0,3,3,2015,0.43788524,B,B,23,5735,3,1084.0,0,5,B,226307.6408968918
4016,109,2,45.7675413558043,32.816228390462214,5.0,4,5,1960,0.1363303,B,B,30,6141,10,262.0,3,6,B,184976.3035350734
3834,45,3,76.5152893113807,47.43502019182053,1.0,1,1,1977,0.195781053,B,B,23,5212,6,900.0,3,2,B,245880.93145295215
1681,90,2,47.430561028835726,34.103055057161896,6.0,1,9,1971,0.265088676,B,B,37,5288,0,1937.0,3,2,B,200110.42317719563
9331,27,3,82.65898784667296,78.32395029004084,10.0,14,14,2016,0.072157581,B,B,2,629,1,900.0,0,0,A,315743.64553058246
14015,6,2,65.7434365882377,32.772431056458856,1.0,15,17,1977,0.243204519,B,B,5,1564,0,540.0,0,0,B,183924.13741115795
14548,74,2,68.64332663658429,32.772431056458856,1.0,7,17,1977,0.075778755,B,B,6,1437,3,900.0,0,2,B,208217.2775710729
7514,105,3,62.8213363420609,46.14449525325789,5.0,4,9,1970,0.069660344,B,B,31,6119,4,900.0,1,2,B,251030.57099147642
11384,6,3,77.06377276635772,70.31303414128256,1.0,5,17,2016,0.243204519,B,B,5,1564,0,540.0,0,0,B,215523.79474527008
16230,79,1,41.21182587377156,19.60855097311191,9.0,15,25,2015,0.307466659,B,A,30,5048,9,325.0,2,5,B,180385.5851144115
13079,79,1,35.09191485157909,23.64524386597413,9.0,5,12,1968,0.307466659,B,A,30,5048,9,325.0,2,5,B,166827.03434237483
7107,58,2,48.854454526158825,31.9281943802878,6.0,3,9,1968,0.1489038909999999,B,B,9,1952,1,1430.0,3,2,B,201041.77769685918
15180,31,2,62.62621534084758,39.782345061330254,8.0,8,9,1960,0.0,B,B,23,3684,2,900.0,0,4,B,301384.8165078593
8948,18,1,42.21703842293511,21.758671751237827,8.0,2,17,1996,0.0,B,B,30,5562,0,900.0,0,5,A,166409.78628052582
1622,96,1,33.38985784625336,19.35590344114065,7.0,14,14,2006,0.041116354,B,B,53,14892,4,900.0,1,4,B,174298.94362308262
14671,20,2,75.57095929135113,39.127785506042144,12.0,10,23,2011,0.019508796,B,B,37,7687,11,176.0,5,5,B,329227.8110868094
15984,23,3,104.78635538774635,104.78635538774635,1.0,14,25,1977,0.075778755,B,B,6,1437,3,900.0,0,2,B,305673.6604369689
8546,93,1,45.787454079764245,21.468350475687725,10.0,11,24,2016,0.050900058,B,B,43,10621,1,30.0,2,3,B,195938.68042600554
7581,19,2,59.58527126798474,33.24302636547461,11.0,8,17,2005,0.309479124,B,B,35,7715,4,990.0,0,6,B,253152.86523922574
13303,109,3,101.65896679268332,51.82735155356272,11.0,10,22,2006,0.1363303,B,B,30,6141,10,262.0,3,6,B,345416.10070215835
16256,24,3,101.4833956274398,52.47978048734839,13.0,6,7,2006,0.111627393,B,B,50,12238,8,1970.0,2,3,B,319404.92813461676
14544,87,1,43.26418923612332,19.75932522273568,8.0,16,17,1987,0.100455735,B,B,43,7227,0,900.0,1,6,A,173823.78085493878
11498,126,1,41.84438728138807,24.866904557832427,8.0,4,14,1992,0.333891544,B,B,30,6564,1,900.0,0,0,B,164132.72927388104
6287,37,2,42.164657967281045,30.876351757071948,5.0,4,9,1972,0.127811589,B,B,28,7287,5,320.0,1,3,B,204338.2411721628
8578,67,3,61.19966715907822,47.45364056334008,6.0,3,9,1977,0.100455735,B,B,43,7227,0,900.0,1,6,A,240787.65482365064
4896,99,2,48.14522289033406,32.4683616721952,5.0,9,9,1974,0.012338886,B,B,35,5776,1,2078.0,2,4,B,210818.69385789245
15795,29,1,34.080252737446635,23.16364912424431,5.0,5,5,1960,0.069660344,B,B,31,6119,4,900.0,1,2,B,149415.55209415237
8267,6,1,41.18593988576843,32.772431056458856,6.233004930000002,6,17,1977,0.243204519,B,B,5,1564,0,540.0,0,0,B,126865.93088006317
6445,192,3,63.118448260727455,44.97807245512867,8.0,4,8,1961,0.225824954,A,B,41,6558,7,1548.0,3,2,B,297693.1957622427
1829,84,1,33.543221610532534,19.42120674244061,5.0,3,5,1963,0.149666373,B,B,22,4789,2,4087.0,4,1,B,162535.77244270605
1907,23,1,42.09387762284546,38.88585707994032,1.0,4,4,2014,0.034656082,B,B,0,168,0,900.0,0,0,B,113690.97504295135
7021,1,2,65.60702674727487,32.772431056458856,6.233004930000002,16,17,1977,0.007122317,B,B,1,264,0,900.0,0,1,B,179910.03198928107
7460,9,3,111.9562516385795,66.85984479977724,15.0,8,14,1997,0.136244425,B,B,11,2370,0,900.0,0,1,B,447848.33396915405
16611,8,1,33.30142882137869,19.66564064869518,5.0,2,9,1966,0.458174486,B,A,26,4439,1,1130.0,1,5,B,155574.1855656391
9033,1,1,40.40739185416471,32.772431056458856,10.0,13,17,2017,0.007122317,B,B,1,264,0,900.0,0,1,B,129116.81580505939
3344,23,2,64.14247882964945,32.772431056458856,1.0,14,17,1977,0.075778755,B,B,6,1437,3,900.0,0,2,B,183983.86762272558
13751,132,1,37.35804306421228,20.11492662522384,9.0,14,16,1979,0.306977489,B,B,27,5148,14,1575.0,5,7,B,179000.7201850799
9665,74,1,47.60704077083561,32.772431056458856,1.0,9,9,1977,0.075778755,B,B,6,1437,3,900.0,0,2,B,115579.41740760599
14298,58,1,44.76168586553168,32.772431056458856,6.233004930000002,17,17,1977,0.43788524,B,B,23,5735,3,1084.0,0,5,B,130345.82232395923
10375,106,1,35.575157009667365,17.941608444780602,10.0,19,22,2001,0.246031548,B,A,22,3151,4,2715.0,3,3,B,172834.41049550177
14986,1,2,70.84260158478723,32.772431056458856,1.0,6,17,1977,0.007122317,B,B,1,264,0,900.0,0,1,B,216566.75081952632
6904,13,1,39.74831423808261,22.805144034701737,8.0,8,17,1997,0.090799103,B,B,74,19083,2,900.0,5,15,B,182940.4755455487
6456,0,2,37.63050067664928,21.339168295384805,6.0,9,9,1967,0.319809354,B,B,25,4756,16,2857.0,5,8,B,196127.8096850351
8227,46,1,44.41105079442548,28.359855667073468,5.0,5,5,1965,0.0,B,B,47,11319,0,1145.0,3,5,B,172726.8402829822
3523,129,3,67.61170124713931,43.38604199460832,9.0,5,12,1969,0.051942062,B,B,17,4017,7,800.0,2,0,B,278048.791652485
13842,23,1,40.186505597236994,32.772431056458856,1.0,4,17,1977,0.075778755,B,B,6,1437,3,900.0,0,2,B,132767.55935313794
13900,169,1,48.53024790518637,32.772431056458856,6.233004930000002,8,13,1977,0.178916796,B,B,18,3594,4,192.0,1,5,B,161056.11595046744
6274,23,1,41.85589878568871,32.772431056458856,1.0,25,25,1977,0.075778755,B,B,6,1437,3,900.0,0,2,B,139042.4429231067
6011,47,3,77.69037251388325,50.46489448101416,10.0,2,22,1983,6.99893e-05,B,B,46,10309,1,240.0,1,16,B,331495.827653985
990,99,1,40.54369715545492,23.34829876660163,9.0,7,16,1985,0.033493708,B,B,66,10573,1,1322.0,3,8,B,182349.417524327
11589,73,1,35.269651738905395,19.60337980997605,9.0,12,12,1973,0.042031587,B,B,37,6856,84,1940.0,2,5,B,178516.67885144855
15016,41,1,40.471348103527006,20.33306636418788,7.0,7,14,2005,0.175054867,B,B,36,10055,3,900.0,1,0,B,179365.14730765508
13281,34,1,39.80170634886904,23.2626268353767,8.0,14,14,1995,0.069753361,B,B,53,13670,4,900.0,1,11,B,179284.1844494094
16301,30,2,65.52805771009083,56.83207583562583,1.0,2,10,2015,7.81528e-05,B,B,22,6398,141,1046.0,3,23,B,196494.05534021565
6175,54,1,56.74966456352562,41.93418133115168,10.0,14,17,2016,0.006076152,B,B,30,5285,0,645.0,6,6,B,191368.31800680864
9820,23,1,39.72742123300132,32.772431056458856,1.0,14,17,1977,0.075778755,B,B,6,1437,3,900.0,0,2,B,131236.8519524295
12024,25,1,44.92546058227112,32.772431056458856,1.0,1,1,2013,0.069753361,B,B,53,13670,4,900.0,1,11,B,137622.45372467104
2535,93,1,43.05703335444503,23.04479043030352,8.0,14,17,2010,0.041116354,B,B,53,14892,4,900.0,1,4,B,179919.81781491687
14486,123,2,85.99769653662962,45.55308920451751,12.0,10,18,2008,0.0,B,B,6,2733,0,920.0,0,4,B,334677.1037026022
9973,179,1,33.076742495306426,22.671871065771523,5.0,4,5,1963,0.319809354,B,B,25,4756,16,2857.0,5,8,B,150889.41615448552
153,67,3,64.38160695908242,44.71593166280484,6.0,11,12,1975,0.100455735,B,B,43,7227,0,900.0,1,6,A,246575.35594917682
16215,96,1,40.706905508562215,21.012513018503675,7.0,13,17,1996,0.041116354,B,B,53,14892,4,900.0,1,4,B,178042.89239315919
102,29,1,33.1416707511633,20.30785081578111,6.0,6,9,1972,0.069660344,B,B,31,6119,4,900.0,1,2,B,156349.16109106218
9888,45,2,60.50125959292068,60.50125959292068,10.0,24,24,2016,0.195781053,B,B,23,5212,6,900.0,3,2,B,257806.94064293354
4285,99,3,58.65910371349373,45.69227591223961,6.0,2,9,1973,0.033493708,B,B,66,10573,1,1322.0,3,8,B,234005.4689897409
4330,9,1,43.77071665239479,25.267023125247725,8.0,8,14,1993,0.136244425,B,B,11,2370,0,900.0,0,1,B,166602.13606443838
10156,7,4,88.06396805957048,54.70677301503834,8.0,2,14,1989,0.035145267,B,B,42,9292,3,2620.0,0,3,B,325118.2326677351
10601,62,2,43.93073517715511,26.37791031278286,5.0,2,5,1967,0.386771659,B,B,5,1135,0,900.0,0,0,A,175089.1944706071
11519,119,3,98.59858683114906,53.99163921223556,11.0,8,14,2006,0.000995363,B,B,42,7651,1,900.0,1,5,B,413135.1506910732
113,27,2,65.54824943870808,35.07127777627526,6.233004930000002,13,13,1977,0.017647053,B,B,2,469,0,900.0,0,0,B,221091.83617747517
11705,23,2,55.81792756992687,32.24311929957488,9.0,17,17,2011,0.075778755,B,B,6,1437,3,900.0,0,2,B,263301.1329391331
8167,79,2,46.76564492987254,27.799163286357285,5.0,4,5,1969,0.307466659,B,A,30,5048,9,325.0,2,5,B,189193.90115173557
4047,168,3,92.02029339171308,42.53338892459912,22.0,2,2,2018,0.341071945,B,B,27,5664,48,2300.0,3,11,B,244635.01289067775
2443,27,1,44.65991315827489,20.819109979085823,8.0,7,10,2010,0.041116354,B,B,53,14892,4,900.0,1,4,B,171768.2720562479
9232,78,2,55.10106855485424,32.97352923541845,10.0,14,17,2002,0.092290642,B,B,21,4346,2,165.0,1,2,B,234063.79728611515
12615,58,2,47.45035557899129,24.767868376573315,8.0,8,14,1972,0.1489038909999999,B,B,9,1952,1,1430.0,3,2,B,184280.3937507081
11742,2,2,50.60738502436462,32.947971069938504,6.0,2,12,1971,0.309479124,B,B,35,7715,4,990.0,0,6,B,184718.09891269263
947,74,2,66.79384142526611,36.75044300718617,12.0,10,23,2008,0.371148999,B,B,34,7065,1,750.0,2,5,B,283952.3222805459
15412,23,2,52.74380771589729,32.772431056458856,6.233004930000002,3,3,1977,0.005767451,B,B,1,388,0,900.0,0,0,B,108082.99475865636
13365,35,3,82.14536004142596,44.11611804165448,10.0,21,22,1998,0.089039719,B,B,33,7976,5,900.0,0,11,B,344444.0199102374
7432,23,2,53.83014301033062,32.772431056458856,10.0,1,5,1977,0.034656082,B,B,0,168,0,900.0,0,0,B,232432.77091292728
52,1,3,108.65261535151316,32.772431056458856,1.0,10,17,1977,0.007122317,B,B,1,264,0,900.0,0,1,B,402373.3774242181
3177,6,2,61.79747415948782,32.772431056458856,12.0,9,17,1977,0.243204519,B,B,5,1564,0,540.0,0,0,B,189951.05124439474
16228,17,1,121.45355935094832,87.52164204636371,17.0,17,22,2013,0.0,B,B,18,3374,5,620.0,1,2,B,357406.61940189986
9416,46,2,39.82239250941871,24.76019042637932,7.0,7,9,1966,0.188783766,B,B,31,6137,4,900.0,0,1,B,218893.3849676078
4429,122,1,39.590558894329575,23.87013890280072,8.0,8,14,1997,0.033493708,B,B,66,10573,1,1322.0,3,8,B,180127.44039713973
6330,53,3,81.68547176028791,77.6083864663902,1.0,3,9,2019,0.049637257,B,B,34,7759,0,229.0,1,3,B,252267.9581302371
6866,84,2,45.24649489942665,33.3480027684782,6.0,2,9,1982,0.149666373,B,B,22,4789,2,4087.0,4,1,B,186584.68798175803
13494,169,1,47.01202689995974,47.01202689995974,8.0,4,17,2019,0.178916796,B,B,18,3594,4,192.0,1,5,B,169104.60464662244
7819,97,1,39.606854972678654,20.475021507943865,9.0,12,12,1971,0.486245621,B,B,13,2514,19,900.0,0,6,B,179787.48520277117
5873,52,2,52.76871775000173,32.772431056458856,6.233004930000002,13,17,1977,0.371148999,B,B,34,7065,1,750.0,2,5,B,166887.7461188777
4963,67,2,55.10136880465269,33.968217489362374,8.0,17,17,1989,0.100455735,B,B,43,7227,0,900.0,1,6,A,261838.65516120289
11573,93,1,42.08341868612245,21.082349339927205,10.0,4,17,2016,0.521867054,B,B,25,6149,0,900.0,0,0,B,170410.69948834006
10150,15,3,98.92165680399197,56.69156006031857,11.0,13,17,2008,0.158249043,B,B,21,5731,0,900.0,1,0,B,397035.05573080934
14793,27,1,47.29597811479785,45.00004689948912,10.0,5,5,2017,0.072157581,B,B,2,629,1,900.0,0,0,A,133128.31344500594
12873,44,1,40.51356833860889,18.106263366461835,9.0,16,26,2007,0.232205084,B,B,24,4860,1,80.0,0,3,B,173598.21894139174
15243,53,2,56.8729254389097,32.772431056458856,6.233004930000002,13,13,1977,0.049637257,B,B,34,7759,0,229.0,1,3,B,191088.69779393423
4821,74,2,82.54250689748585,82.54250689748585,6.233004930000002,4,17,2015,0.309479124,B,B,35,7715,4,990.0,0,6,B,231570.21044309714
11709,63,1,51.87244680148408,32.772431056458856,1.0,22,22,2016,0.23861713,B,B,26,3889,6,705.0,3,6,B,171434.37798570213
9596,6,2,54.22550297262671,32.772431056458856,1.0,12,17,2017,0.243204519,B,B,5,1564,0,540.0,0,0,B,162349.92413015297
8197,9,1,38.59521067473601,22.895884464677557,8.0,17,17,1992,0.161531741,B,B,25,5648,1,30.0,2,4,B,180876.41213036704
9519,62,3,81.91299694150432,75.87209437359333,11.0,3,6,2015,0.072157581,B,B,2,629,1,900.0,0,0,A,304901.9842049162
5796,28,2,44.88250040976928,28.301890645567003,5.0,3,5,1963,0.000995363,B,B,42,7651,1,900.0,1,5,B,169746.19408939875
2812,120,2,81.48850118088006,32.772431056458856,1.0,13,17,1977,0.341071945,B,B,27,5664,48,2300.0,3,11,B,226493.13765850224
10616,1,2,77.46354026700465,32.772431056458856,1.0,5,16,2017,0.007122317,B,B,1,264,0,900.0,0,1,B,188490.8424029407
3382,3,2,47.193251589009726,28.03635554949861,6.0,5,5,1968,0.050900058,B,B,43,10621,1,30.0,2,3,B,200731.50473818547
11890,1,2,66.68329504773018,32.772431056458856,1.0,6,17,1977,0.007122317,B,B,1,264,0,900.0,0,1,B,192573.42925703424
13069,1,2,61.747207820492285,32.772431056458856,6.233004930000002,5,17,1977,0.007122317,B,B,1,264,0,900.0,0,1,B,186689.56980781606
10158,46,2,46.28849050979511,27.270794893638115,6.0,7,9,1974,0.150817539,B,B,16,3433,4,2643.0,4,5,B,203835.2915946656
8252,47,2,48.107249931897776,29.20879766253441,6.0,5,9,1976,6.99893e-05,B,B,46,10309,1,240.0,1,16,B,193473.74798271476
8834,81,1,36.848987281363954,23.48992992631429,10.0,5,12,1970,0.006076152,B,B,30,5285,0,645.0,6,6,B,170365.08412602943
14676,6,1,48.43510810513602,32.772431056458856,1.0,18,25,1977,0.243204519,B,B,5,1564,0,540.0,0,0,B,146928.91246898047
13060,25,2,51.14490565954394,48.97953973672529,1.0,18,25,2015,0.069753361,B,B,53,13670,4,900.0,1,11,B,194516.04630833003
10379,29,2,43.17752128150369,30.339944875301565,5.0,5,5,1962,0.069660344,B,B,31,6119,4,900.0,1,2,B,199021.58746295108
16138,38,3,93.6981221682798,93.6981221682798,10.0,21,27,2018,0.060753049,B,B,15,2787,2,520.0,0,7,B,355677.656468682
3912,101,1,33.65672310743387,19.00325903528036,5.0,2,5,1966,0.038692987,B,B,28,6533,1,1015.0,2,5,B,156201.80925518277
5722,10,1,38.63515515559854,20.97625713766785,9.0,8,14,1970,0.089039719,B,B,33,7976,5,900.0,0,11,B,177493.3450367894
11004,21,2,67.12274184561934,33.94434363629212,13.0,9,17,2009,0.194489265,B,B,47,8004,3,125.0,3,5,B,191427.39581762548
